symbol,composite_score,alpha_factors_score,ml_features_score,technical_score,sentiment_score,ml_predictor_score,confidence,num_factors,weight,last_price,target_qty,current_qty,delta,side,order_status,order_id,reason
A,0.13224038849283096,0.25464243087336896,0.0,0.0,-0.23496573864878298,0.0,0.3333333333333333,90,0.0,144.245,0,0,0,hold,hold,,"No delta (current=0, target=0)"
AA,0.1246739793431965,0.2940125031477084,0.0,0.0,-0.383341592070339,0.0,0.3333333333333333,90,0.0,36.805,0,0,0,hold,hold,,"No delta (current=0, target=0)"
AAL,0.06737066416512794,0.21202264335342957,0.0,0.0,-0.3665852733997769,0.0,0.3333333333333333,90,0.0,12.425,0,0,0,hold,hold,,"No delta (current=0, target=0)"
AAME,-0.022994747208812148,0.1278630361420986,0.0,0.0,-0.4755680972615443,0.0,0.3333333333333333,88,0.0,2.6,0,0,0,hold,hold,,"No delta (current=0, target=0)"
AAOI,-0.07164405509774757,0.06586139941594746,0.0,0.0,-0.4841604186388326,0.0,0.3333333333333333,90,0.0,21.41,0,42,-42,sell,pending_new,e189046e-8951-4438-9154-e506bd1218e8,Rebalance: reducing from 42 to 0
AAON,0.010029759690610486,0.17205900735469892,0.0,0.0,-0.4760579833016547,0.0,0.3333333333333333,90,0.0,91.525,0,0,0,hold,hold,,"No delta (current=0, target=0)"
AAP,0.09645266935461602,0.16378691278293006,0.0,0.0,-0.10555006093032608,0.0,0.3333333333333333,90,0.0,49.89,0,0,0,hold,hold,,"No delta (current=0, target=0)"
AAPL,0.18635303832449984,0.278042577256737,0.0,0.0,-0.08871557847221154,0.0,0.3333333333333333,90,0.0,268.605,0,91,-91,sell,pending_new,b95b3268-825c-44e1-bc67-392100bd88df,Rebalance: reducing from 91 to 0
AAT,0.04455376282361665,0.09886068748096759,0.0,0.0,-0.1183670111484361,0.0,0.3333333333333333,90,0.0,18.88,0,0,0,hold,hold,,"No delta (current=0, target=0)"
AB,0.1527893697287123,0.22884132811321098,0.0,0.0,-0.0753665054247837,0.0,0.3333333333333333,89,0.0,39.13,0,41,-41,sell,pending_new,a0c7a3fa-a94b-494e-9d03-2717c6d5dcdc,Rebalance: reducing from 41 to 0
ABAT,-0.007390985432537301,0.18135637112468422,0.0,0.0,-0.5736330551042018,0.0,0.3333333333333333,90,0.0,3.795,0,2412,-2412,sell,pending_new,3ca1d965-cba0-45d4-9f83-b92d0b4d0d96,Rebalance: reducing from 2412 to 0
ABBV,0.2927917596382899,0.38074581569378607,0.0,0.0,0.028929591471801325,0.0,0.3333333333333333,90,0.0,234.61,0,119,-119,sell,pending_new,90dc9c3c-1a79-4c00-b2e9-04679099e4fb,Rebalance: reducing from 119 to 0
ABCB,0.0728841235109716,0.1419815744019091,0.0,0.0,-0.13440822916184086,0.0,0.3333333333333333,90,0.0,71.95,0,0,0,hold,hold,,"No delta (current=0, target=0)"
ABEO,0.027550258688021138,0.1659671811377796,0.0,0.0,-0.3877005086612542,0.0,0.3333333333333333,90,0.0,4.545,0,0,0,hold,hold,,"No delta (current=0, target=0)"
ABG,0.025762499574316026,0.07060675511018137,0.0,0.0,-0.10877026703327998,0.0,0.3333333333333333,90,0.0,220.35,0,0,0,hold,hold,,"No delta (current=0, target=0)"
ABL,0.11058742069963641,0.30524741377398146,0.0,0.0,-0.4733925585233987,0.0,0.3333333333333333,90,0.0,6.06,0,0,0,hold,hold,,"No delta (current=0, target=0)"
ABM,-0.003578627501856079,0.059201752481986274,0.0,0.0,-0.1919197674533831,0.0,0.3333333333333333,90,0.0,40.68,0,0,0,hold,hold,,"No delta (current=0, target=0)"
ABNB,0.031815035614283206,0.11244408098842876,0.0,0.0,-0.21007210050815345,0.0,0.3333333333333333,90,0.0,116.5,0,0,0,hold,hold,,"No delta (current=0, target=0)"
ABOS,-0.0015974371497369801,0.19213106558298737,0.0,0.0,-0.58278294534791,0.0,0.3333333333333333,90,0.0,1.69,0,0,0,hold,hold,,"No delta (current=0, target=0)"
ABP,0.24976593979772202,0.442338542468082,0.0,0.0,-0.32795186821335803,0.0,0.3333333333333333,89,0.00036998890033299,5.61,6,194,-188,sell,pending_new,c7cfef39-f772-4af0-99b6-d0a4e2ce2979,Rebalance: reducing from 194 to 6
ABR,-0.026947030088523897,0.09250822555653607,0.0,0.0,-0.38531279702370375,0.0,0.3333333333333333,90,0.0,8.48,0,0,0,hold,hold,,"No delta (current=0, target=0)"
ABSI,-0.06801351263487601,0.12169115418812042,0.0,0.0,-0.6371275131038652,0.0,0.3333333333333333,90,0.0,2.875,0,0,0,hold,hold,,"No delta (current=0, target=0)"
ABT,0.21071706009711108,0.2645381797130156,0.0,0.0,0.0492537012493976,0.0,0.3333333333333333,90,0.0,130.09,0,0,0,hold,hold,,"No delta (current=0, target=0)"
ABTC,0.30160647375819183,0.27653722068240494,0.0,0.0,0.37681423298555233,0.0,0.3333333333333333,90,0.004359869203923883,5.31,81,61,20,buy,pending_new,d9d9f8e3-8917-4f1f-96e4-dae983eebdaa,"Composite=0.302, Alpha=0.277, ML=0.000, Tech=0.000, Sentiment=0.377, MLPred=0.000, Weight=0.004, Confidence=0.33, Factors=90"
ABUS,0.05467549996852943,0.19730671664607918,0.0,0.0,-0.3732181500641198,0.0,0.3333333333333333,90,0.0,4.465,0,1787,-1787,sell,pending_new,dad4f1ad-e7ea-4750-87a5-3fe02c40e486,Rebalance: reducing from 1787 to 0
ABVC,0.12014282684500933,0.20998228537364547,0.0,0.0,-0.149375548740899,0.0,0.3333333333333333,90,0.0,2.9,0,1158,-1158,sell,pending_new,7dacc77f-43de-477d-ab82-5f2fdb2854ae,Rebalance: reducing from 1158 to 0
ACA,0.2112332277564287,0.3022065929094347,0.0,0.0,-0.0616868677025892,0.0,0.3333333333333333,90,0.0,99.14,0,0,0,hold,hold,,"No delta (current=0, target=0)"
ACAD,0.20388498694611373,0.2928850920832806,0.0,0.0,-0.06311532846538691,0.0,0.3333333333333333,90,0.0,23.825,0,0,0,hold,hold,,"No delta (current=0, target=0)"
ACCO,0.04042592452684419,0.10644592021745203,0.0,0.0,-0.1576340625449793,0.0,0.3333333333333333,90,0.0,3.35,0,0,0,hold,hold,,"No delta (current=0, target=0)"
ACDC,0.14646666449992315,0.1887366501457516,0.0,0.0,0.019656707562437727,0.0,0.3333333333333333,90,0.0,3.83,0,0,0,hold,hold,,"No delta (current=0, target=0)"
ACEL,-0.0013469858646025375,0.08740245207884757,0.0,0.0,-0.2675952996949528,0.0,0.3333333333333333,90,0.0,9.735,0,0,0,hold,hold,,"No delta (current=0, target=0)"
ACET,-0.0049382942883387385,0.11275602174976335,0.0,0.0,-0.35802124240264493,0.0,0.3333333333333333,90,0.0,0.6297,0,0,0,hold,hold,,"No delta (current=0, target=0)"
ACHC,-0.12393012970650896,0.03163424576572615,0.0,0.0,-0.5906232561232142,0.0,0.3333333333333333,90,0.0,15.06,0,0,0,hold,hold,,"No delta (current=0, target=0)"
ACHR,-0.04184126580357606,0.10832146425173292,0.0,0.0,-0.49232945596950295,0.0,0.3333333333333333,90,0.0,7.695,0,0,0,hold,hold,,"No delta (current=0, target=0)"
ACI,0.1325559142293364,0.14418390497693376,0.0,0.0,0.09767194198654428,0.0,0.3333333333333333,90,0.0,18.21,0,0,0,hold,hold,,"No delta (current=0, target=0)"
ACIC,0.03792213786818196,0.1074945223831535,0.0,0.0,-0.17079501567673266,0.0,0.3333333333333333,90,0.0,11.615,0,0,0,hold,hold,,"No delta (current=0, target=0)"
ACIW,0.04094033933706743,0.0958657456614351,0.0,0.0,-0.12383587963603558,0.0,0.3333333333333333,90,0.0,46.415,0,0,0,hold,hold,,"No delta (current=0, target=0)"
ACLS,-0.029708092402076464,0.09859559074749762,0.0,0.0,-0.4146191418507986,0.0,0.3333333333333333,90,0.0,77.81,0,0,0,hold,hold,,"No delta (current=0, target=0)"
ACLX,0.2545897089773979,0.3252948019923479,0.0,0.0,0.04247442993254794,0.0,0.3333333333333333,90,0.0,90.765,0,0,0,hold,hold,,"No delta (current=0, target=0)"
ACM,0.11887544317766549,0.20915819203305833,0.0,0.0,-0.151972803388513,0.0,0.3333333333333333,90,0.0,128.64,0,0,0,hold,hold,,"No delta (current=0, target=0)"
ACMR,0.015333870819226937,0.1374319400982003,0.0,0.0,-0.35096033701769314,0.0,0.3333333333333333,90,0.0,31.35,0,0,0,hold,hold,,"No delta (current=0, target=0)"
ACNT,0.33899745609737714,0.40665889120148063,0.0,0.0,0.13601315078506662,0.0,0.3333333333333333,90,0.0,14.075,0,0,0,hold,hold,,"No delta (current=0, target=0)"
ACRE,0.17762074256535607,0.2537851708742075,0.0,0.0,-0.050872542361198224,0.0,0.3333333333333333,90,0.0,4.86,0,0,0,hold,hold,,"No delta (current=0, target=0)"
ACRS,0.2635828803801502,0.3101630680885014,0.0,0.0,0.12384231725509663,0.0,0.3333333333333333,90,0.0,2.47,0,0,0,hold,hold,,"No delta (current=0, target=0)"
ACRV,0.3571594558885652,0.37365210463900017,0.0,0.0,0.30768150963725993,0.0,0.3333333333333333,90,0.0,2.425,0,0,0,hold,hold,,"No delta (current=0, target=0)"
ACTG,0.15318971654174166,0.2767415257903365,0.0,0.0,-0.21746571120404296,0.0,0.3333333333333333,90,0.0,3.46,0,0,0,hold,hold,,"No delta (current=0, target=0)"
ACTU,0.032536435989107694,0.06546120265855924,0.0,0.0,-0.06623786401924694,0.0,0.3333333333333333,89,0.0,5.95,0,0,0,hold,hold,,"No delta (current=0, target=0)"
ACV,0.10063160429692325,0.21365847271881327,0.0,0.0,-0.23844900096874683,0.0,0.3333333333333333,88,0.0,24.75,0,0,0,hold,hold,,"No delta (current=0, target=0)"
ACVA,0.2682824079900212,0.10682468153591149,0.0,0.0,0.7526555873523499,0.0,0.3333333333333333,90,0.0,6.565,0,0,0,hold,hold,,"No delta (current=0, target=0)"
ACXP,-0.08373029494517309,0.11084335747774395,0.0,0.0,-0.6674512522139241,0.0,0.3333333333333333,89,0.0,4.24,0,0,0,hold,hold,,"No delta (current=0, target=0)"
AD,-0.03384423144249566,0.03582355167730379,0.0,0.0,-0.24284758080189398,0.0,0.3333333333333333,90,0.0,44.78,0,0,0,hold,hold,,"No delta (current=0, target=0)"
ADAM,0.13376456689175248,0.2169117677259259,0.0,0.0,-0.11567703561076782,0.0,0.3333333333333333,90,0.0,6.935,0,0,0,hold,hold,,"No delta (current=0, target=0)"
ADBE,-0.007231046170482308,0.04341277814305324,0.0,0.0,-0.15916251911108895,0.0,0.3333333333333333,90,0.0,326.345,0,0,0,hold,hold,,"No delta (current=0, target=0)"
ADC,0.18309323014703224,0.23480812829552206,0.0,0.0,0.02794853570156278,0.0,0.3333333333333333,90,0.0,73.74,0,0,0,hold,hold,,"No delta (current=0, target=0)"
ADEA,-0.026853978684670255,0.11847067308174146,0.0,0.0,-0.4628279339839053,0.0,0.3333333333333333,90,0.0,12.44,0,0,0,hold,hold,,"No delta (current=0, target=0)"
ADGM,0.1025120419590504,0.10785319711891335,0.0,0.0,0.08648857647946157,0.0,0.3333333333333333,88,0.0,0.88,0,0,0,hold,hold,,"No delta (current=0, target=0)"
ADI,0.062405118444866015,0.15585445756431762,0.0,0.0,-0.21794289891348875,0.0,0.3333333333333333,90,0.0,230.84,0,0,0,hold,hold,,"No delta (current=0, target=0)"
ADIL,-0.06970134785459488,0.07787934728483138,0.0,0.0,-0.5124434332728736,0.0,0.3333333333333333,89,0.0,0.3008,0,0,0,hold,hold,,"No delta (current=0, target=0)"
ADM,0.25251159138047247,0.2517420799797771,0.0,0.0,0.25482012558255857,0.0,0.3333333333333333,90,0.0,60.77,0,0,0,hold,hold,,"No delta (current=0, target=0)"
ADMA,0.130963724690101,0.26531702579348787,0.0,0.0,-0.2720961786200595,0.0,0.3333333333333333,90,0.0,15.56,0,0,0,hold,hold,,"No delta (current=0, target=0)"
ADP,0.04460447768528598,0.09072148724717197,0.0,0.0,-0.09374655100037199,0.0,0.3333333333333333,90,0.0,249.675,0,0,0,hold,hold,,"No delta (current=0, target=0)"
ADPT,0.07594529901663787,0.16978607302635895,0.0,0.0,-0.20557702301252537,0.0,0.3333333333333333,90,0.0,13.9,0,0,0,hold,hold,,"No delta (current=0, target=0)"
ADSK,0.025039089264916433,0.080052122044537,0.0,0.0,-0.14000000907394525,0.0,0.3333333333333333,90,0.0,293.25,0,0,0,hold,hold,,"No delta (current=0, target=0)"
ADT,0.04135398701487788,0.11365622257912365,0.0,0.0,-0.1755527196778594,0.0,0.3333333333333333,90,0.0,8.02,0,0,0,hold,hold,,"No delta (current=0, target=0)"
ADTN,-0.04495526049187607,0.09074330172744578,0.0,0.0,-0.45205094714984156,0.0,0.3333333333333333,90,0.0,7.27,0,0,0,hold,hold,,"No delta (current=0, target=0)"
ADUS,0.014284473546864589,0.106126607178816,0.0,0.0,-0.2612419273489896,0.0,0.3333333333333333,90,0.0,107.59,0,0,0,hold,hold,,"No delta (current=0, target=0)"
ADV,-0.09672791252799144,0.10290540151474889,0.0,0.0,-0.6956278546562124,0.0,0.3333333333333333,90,0.0,1.085,0,0,0,hold,hold,,"No delta (current=0, target=0)"
ADVM,0.12158287656664647,0.17566890878864366,0.0,0.0,-0.04067522009934508,0.0,0.3333333333333333,90,0.0,4.265,0,0,0,hold,hold,,"No delta (current=0, target=0)"
ADX,0.16456155642314022,0.2527636053971445,0.0,0.0,-0.10004459049887264,0.0,0.3333333333333333,90,0.0,23.185,0,0,0,hold,hold,,"No delta (current=0, target=0)"
AEE,0.2531764609242417,0.34513375809896113,0.0,0.0,-0.022695430599916695,0.0,0.3333333333333333,90,0.0,105.25,0,0,0,hold,hold,,"No delta (current=0, target=0)"
AEHR,-0.1096997165827706,0.05125801484649618,0.0,0.0,-0.5925729108705708,0.0,0.3333333333333333,90,0.0,20.02,0,0,0,hold,hold,,"No delta (current=0, target=0)"
AEI,0.04531819008526181,0.20505562334098087,0.0,0.0,-0.43389410968189535,0.0,0.3333333333333333,89,0.0,2.44,0,0,0,hold,hold,,"No delta (current=0, target=0)"
AEIS,0.17490854378666454,0.3313888270666308,0.0,0.0,-0.2945323060532342,0.0,0.3333333333333333,90,0.0,199.76,0,0,0,hold,hold,,"No delta (current=0, target=0)"
AEMD,0.15805437782029214,0.282409056616079,0.0,0.0,-0.21500965856706844,0.0,0.3333333333333333,89,0.0,4.05,0,0,0,hold,hold,,"No delta (current=0, target=0)"
AENT,0.325640042968301,0.37476828106421944,0.0,0.0,0.1782553286805457,0.0,0.3333333333333333,87,0.0,6.9,0,0,0,hold,hold,,"No delta (current=0, target=0)"
AENTW,0.5373457771498037,0.4116233515464973,0.0,0.0,0.9145130539597228,0.0,0.3333333333333333,83,0.030359089227323183,1.02,2956,0,2956,buy,pending_new,58ddf5d5-aefb-42e0-b2bf-3b4918806964,"Composite=0.537, Alpha=0.412, ML=0.000, Tech=0.000, Sentiment=0.915, MLPred=0.000, Weight=0.030, Confidence=0.33, Factors=83"
AEO,0.19468557099042283,0.2792099054384423,0.0,0.0,-0.05888743235363557,0.0,0.3333333333333333,90,0.0,17.6,0,0,0,hold,hold,,"No delta (current=0, target=0)"
AEP,0.2748425738886532,0.35192832704432864,0.0,0.0,0.0435853144216267,0.0,0.3333333333333333,90,0.054008379748607546,123.74,43,0,43,buy,pending_new,b0d5c137-2438-4608-89b6-afff18deebe5,"Composite=0.275, Alpha=0.352, ML=0.000, Tech=0.000, Sentiment=0.044, MLPred=0.000, Weight=0.054, Confidence=0.33, Factors=90"
AES,0.09468744462607735,0.1534341473250206,0.0,0.0,-0.08155266347075238,0.0,0.3333333333333333,90,0.0,13.84,0,0,0,hold,hold,,"No delta (current=0, target=0)"
AEVA,-0.051073121334623515,0.1264563635440562,0.0,0.0,-0.5836615759706626,0.0,0.3333333333333333,90,0.0,9.76,0,0,0,hold,hold,,"No delta (current=0, target=0)"
AEYE,-0.02221826943085878,0.08766930043104687,0.0,0.0,-0.35188097901657567,0.0,0.3333333333333333,90,0.0,11.72,0,0,0,hold,hold,,"No delta (current=0, target=0)"
AFB,0.12235858744972716,0.17149535157234322,0.0,0.0,-0.025051704918120997,0.0,0.3333333333333333,90,0.0,10.92,0,0,0,hold,hold,,"No delta (current=0, target=0)"
AFG,0.198743137280525,0.3096795676422621,0.0,0.0,-0.13406615380468637,0.0,0.3333333333333333,90,0.0,138.15,0,0,0,hold,hold,,"No delta (current=0, target=0)"
AFL,0.2108059541215628,0.31763603716379385,0.0,0.0,-0.1096842950051303,0.0,0.3333333333333333,90,0.0,112.115,0,0,0,hold,hold,,"No delta (current=0, target=0)"
AFRM,-0.07774518079240761,0.10619920873000914,0.0,0.0,-0.6295783493596577,0.0,0.3333333333333333,90,0.0,67.335,0,0,0,hold,hold,,"No delta (current=0, target=0)"
AGAE,-0.14256615269247483,0.04280323844116276,0.0,0.0,-0.6986743260933874,0.0,0.3333333333333333,89,0.0,0.4218,0,0,0,hold,hold,,"No delta (current=0, target=0)"
AGCO,-0.022911804664081357,0.051429626867396036,0.0,0.0,-0.2459360992585135,0.0,0.3333333333333333,90,0.0,103.08,0,0,0,hold,hold,,"No delta (current=0, target=0)"
AGEN,0.16877852724706685,0.2880835234165768,0.0,0.0,-0.18913646126146286,0.0,0.3333333333333333,90,0.0,4.27,0,0,0,hold,hold,,"No delta (current=0, target=0)"
AGIO,0.30507552291839746,0.3386457113779933,0.0,0.0,0.20436495753960982,0.0,0.3333333333333333,90,0.0,45.47,0,0,0,hold,hold,,"No delta (current=0, target=0)"
AGL,-0.13629406172501055,0.009691038536906562,0.0,0.0,-0.5742493625107618,0.0,0.3333333333333333,90,0.0,0.5444,0,0,0,hold,hold,,"No delta (current=0, target=0)"
AGM,0.10629670872959625,0.1671018058885037,0.0,0.0,-0.07611858274712614,0.0,0.3333333333333333,89,0.0,164.305,0,0,0,hold,hold,,"No delta (current=0, target=0)"
AGNC,0.1291248035483784,0.18603368199141682,0.0,0.0,-0.04160183178073686,0.0,0.3333333333333333,90,0.0,10.125,0,0,0,hold,hold,,"No delta (current=0, target=0)"
AGNCL,0.055498720577983086,0.07842341538593241,0.0,0.0,-0.013275363845864876,0.0,0.3333333333333333,86,0.0,24.415,0,0,0,hold,hold,,"No delta (current=0, target=0)"
AGNCM,0.08555874579911593,0.10932644328831323,0.0,0.0,0.014255653331524025,0.0,0.3333333333333333,87,0.0,24.62,0,0,0,hold,hold,,"No delta (current=0, target=0)"
AGNCN,0.033292941148610894,0.05421092823518742,0.0,0.0,-0.029461020111118667,0.0,0.3333333333333333,89,0.0,25.3,0,0,0,hold,hold,,"No delta (current=0, target=0)"
AGNCO,0.07335940027597168,0.10176491763104552,0.0,0.0,-0.011857151789249863,0.0,0.3333333333333333,89,0.0,25.24,0,0,0,hold,hold,,"No delta (current=0, target=0)"
AGNCP,0.06194889967351697,0.08893110423027747,0.0,0.0,-0.01899771399676454,0.0,0.3333333333333333,89,0.0,24.905,0,0,0,hold,hold,,"No delta (current=0, target=0)"
AGX,0.2755176576240845,0.4219970769729931,0.0,0.0,-0.1639206004226414,0.0,0.3333333333333333,90,0.0,352.19,0,0,0,hold,hold,,"No delta (current=0, target=0)"
AGYS,0.18423581195235747,0.31563987547603517,0.0,0.0,-0.20997637861867552,0.0,0.3333333333333333,90,0.0,123.07,0,67,-67,sell,pending_new,fc660b53-3612-4b4f-a89f-7baa7f0e11a9,Rebalance: reducing from 67 to 0
AHCO,0.13493720826922592,0.21727210082774925,0.0,0.0,-0.11206746940634404,0.0,0.3333333333333333,90,0.0,9.12,0,0,0,hold,hold,,"No delta (current=0, target=0)"
AHH,0.05168940023788957,0.09694278400551241,0.0,0.0,-0.08407075106497892,0.0,0.3333333333333333,90,0.0,6.125,0,0,0,hold,hold,,"No delta (current=0, target=0)"
AHT,-0.055860022552237105,0.013973901642270841,0.0,0.0,-0.2653617951357609,0.0,0.3333333333333333,89,0.0,4.0,0,0,0,hold,hold,,"No delta (current=0, target=0)"
AI,-0.02397372246533969,0.06618723123087435,0.0,0.0,-0.29445658355398174,0.0,0.3333333333333333,90,0.0,13.93,0,0,0,hold,hold,,"No delta (current=0, target=0)"
AIFF,0.0029088855910864163,0.11104942663199334,0.0,0.0,-0.3215127375316343,0.0,0.3333333333333333,90,0.0,1.61,0,0,0,hold,hold,,"No delta (current=0, target=0)"
AIG,0.07139991639221342,0.11163532408592974,0.0,0.0,-0.04930630668893554,0.0,0.3333333333333333,90,0.0,77.25,0,0,0,hold,hold,,"No delta (current=0, target=0)"
AIM,-0.05408229790750881,0.1063092748517751,0.0,0.0,-0.5352570161853605,0.0,0.3333333333333333,89,0.0,1.4,0,0,0,hold,hold,,"No delta (current=0, target=0)"
AIMD,-0.14347036359315687,0.0889963661990941,0.0,0.0,-0.8408705529699096,0.0,0.3333333333333333,89,0.0,2.19,0,0,0,hold,hold,,"No delta (current=0, target=0)"
AIN,0.005861707367527059,0.1174068703989938,0.0,0.0,-0.32877378172687316,0.0,0.3333333333333333,90,0.0,42.84,0,0,0,hold,hold,,"No delta (current=0, target=0)"
AIO,0.012380133675833948,0.12982388672569437,0.0,0.0,-0.33995112547374723,0.0,0.3333333333333333,89,0.0,22.44,0,0,0,hold,hold,,"No delta (current=0, target=0)"
AIOT,-0.06871425574871452,0.08368549366537634,0.0,0.0,-0.525913503990987,0.0,0.3333333333333333,90,0.0,4.495,0,0,0,hold,hold,,"No delta (current=0, target=0)"
AIP,0.08623456128607317,0.2982101644393563,0.0,0.0,-0.549692248173776,0.0,0.3333333333333333,90,0.0,13.19,0,862,-862,sell,pending_new,84c75e2a-6a4b-43ed-9d15-b08663686618,Rebalance: reducing from 862 to 0
AIR,0.03661919208670856,0.1597728691911525,0.0,0.0,-0.3328418392266232,0.0,0.3333333333333333,90,0.0,78.01,0,0,0,hold,hold,,"No delta (current=0, target=0)"
AIRE,-0.06910184003891634,0.12302978956692681,0.0,0.0,-0.6454967288564457,0.0,0.3333333333333333,90,0.0,0.4814,0,0,0,hold,hold,,"No delta (current=0, target=0)"
AIRG,0.28659049606303316,0.24544859688016218,0.0,0.0,0.41001619361164604,0.0,0.3333333333333333,88,0.0,4.18,0,127,-127,sell,pending_new,c7cdad7c-3148-430a-8977-8097353af418,Rebalance: reducing from 127 to 0
AIRI,2.2440448311206177e-05,0.0972331561749412,0.0,0.0,-0.2916097067315787,0.0,0.3333333333333333,89,0.0,2.895,0,0,0,hold,hold,,"No delta (current=0, target=0)"
AIRJ,-0.05937312250318765,0.07810830767700729,0.0,0.0,-0.4718174130437724,0.0,0.3333333333333333,90,0.0,4.16,0,0,0,hold,hold,,"No delta (current=0, target=0)"
AIRS,-0.14490413889563372,0.114876795662829,0.0,0.0,-0.9242469425710218,0.0,0.3333333333333333,90,0.0,4.12,0,0,0,hold,hold,,"No delta (current=0, target=0)"
AIRTP,0.21758951860493653,0.32252862876873106,0.0,0.0,-0.09722781188644704,0.0,0.3333333333333333,82,0.0,19.1,0,0,0,hold,hold,,"No delta (current=0, target=0)"
AISP,-0.12018546338624392,0.08541895333703786,0.0,0.0,-0.7369987135560891,0.0,0.3333333333333333,90,0.0,3.18,0,0,0,hold,hold,,"No delta (current=0, target=0)"
AIT,-0.001403679330665389,0.08872027089752414,0.0,0.0,-0.27177553001523397,0.0,0.3333333333333333,90,0.0,242.09,0,0,0,hold,hold,,"No delta (current=0, target=0)"
AIV,0.0732153310473259,0.1122823362533779,0.0,0.0,-0.04398568457083009,0.0,0.3333333333333333,90,0.0,5.63,0,0,0,hold,hold,,"No delta (current=0, target=0)"
AIZ,0.24672247471145928,0.33142873789086175,0.0,0.0,-0.007396314826748122,0.0,0.3333333333333333,90,0.0,226.125,0,0,0,hold,hold,,"No delta (current=0, target=0)"
AIZN,0.035034226294266654,0.0843551246973498,0.0,0.0,-0.11292846891498279,0.0,0.3333333333333333,87,0.0,19.82,0,0,0,hold,hold,,"No delta (current=0, target=0)"
AJG,0.12431255889301106,0.14633166167915074,0.0,0.0,0.05825525053459201,0.0,0.3333333333333333,90,0.0,258.895,0,0,0,hold,hold,,"No delta (current=0, target=0)"
AKAM,0.293528665679901,0.42685116278040036,0.0,0.0,-0.10643882562159712,0.0,0.3333333333333333,90,0.0,88.16,0,0,0,hold,hold,,"No delta (current=0, target=0)"
AKBA,-0.02344862850265624,0.1297702477416359,0.0,0.0,-0.48310525723553255,0.0,0.3333333333333333,90,0.0,1.655,0,0,0,hold,hold,,"No delta (current=0, target=0)"
AKR,0.1332990382490239,0.20656631476500817,0.0,0.0,-0.08650279129892889,0.0,0.3333333333333333,90,0.0,19.83,0,0,0,hold,hold,,"No delta (current=0, target=0)"
AKRO,0.19724725381396932,0.26023397071819787,0.0,0.0,0.008287103101283673,0.0,0.3333333333333333,90,0.0,54.39,0,0,0,hold,hold,,"No delta (current=0, target=0)"
AL,0.18022577264252018,0.24369375152728381,0.0,0.0,-0.010178164011770692,0.0,0.3333333333333333,90,0.0,63.73,0,0,0,hold,hold,,"No delta (current=0, target=0)"
ALAB,-0.04928697579606047,0.0948343036726007,0.0,0.0,-0.4816508142020439,0.0,0.3333333333333333,90,0.0,141.2,0,0,0,hold,hold,,"No delta (current=0, target=0)"
ALB,0.4663792559957544,0.4634493864185493,0.0,0.0,0.47516886472736986,0.0,0.3333333333333333,90,0.0,121.71,0,0,0,hold,hold,,"No delta (current=0, target=0)"
ALBT,-0.17325675492408799,0.02285571208647096,0.0,0.0,-0.7615941559557647,0.0,0.3333333333333333,89,0.0,1.6,0,0,0,hold,hold,,"No delta (current=0, target=0)"
ALDX,0.041481954652492874,0.1613531139203841,0.0,0.0,-0.31813152315118076,0.0,0.3333333333333333,90,0.0,4.96,0,0,0,hold,hold,,"No delta (current=0, target=0)"
ALE,0.1805994561914912,0.24339008809807758,0.0,0.0,-0.007772439528267865,0.0,0.3333333333333333,90,0.0,67.44,0,0,0,hold,hold,,"No delta (current=0, target=0)"
ALEC,0.03729303724887769,0.09857033092917084,0.0,0.0,-0.14653884379200172,0.0,0.3333333333333333,90,0.0,1.315,0,0,0,hold,hold,,"No delta (current=0, target=0)"
ALEX,0.09818194512371002,0.14666044643053688,0.0,0.0,-0.047253558796770595,0.0,0.3333333333333333,90,0.0,15.71,0,0,0,hold,hold,,"No delta (current=0, target=0)"
ALG,0.07352047810070371,0.12107916227565396,0.0,0.0,-0.06915557442414708,0.0,0.3333333333333333,89,0.0,165.15,0,0,0,hold,hold,,"No delta (current=0, target=0)"
ALGM,-0.07415797673428838,0.0773444472381114,0.0,0.0,-0.5286652486514877,0.0,0.3333333333333333,90,0.0,23.36,0,0,0,hold,hold,,"No delta (current=0, target=0)"
ALGN,0.050638266374008555,0.17716169637992077,0.0,0.0,-0.32893202364372803,0.0,0.3333333333333333,90,0.0,132.13,0,0,0,hold,hold,,"No delta (current=0, target=0)"
ALGS,0.35909224683734037,0.20994147969040475,0.0,0.0,0.8065445482781471,0.0,0.3333333333333333,89,0.0,7.995,0,0,0,hold,hold,,"No delta (current=0, target=0)"
ALGT,0.133569228192226,0.2934932947211038,0.0,0.0,-0.34620297139440737,0.0,0.3333333333333333,90,0.0,64.1,0,0,0,hold,hold,,"No delta (current=0, target=0)"
ALHC,0.04325855192211408,0.09910437220957288,0.0,0.0,-0.12427890894026233,0.0,0.3333333333333333,90,0.0,16.195,0,0,0,hold,hold,,"No delta (current=0, target=0)"
ALK,-0.06526586857310819,0.060825468096146355,0.0,0.0,-0.44353987858087174,0.0,0.3333333333333333,90,0.0,39.29,0,0,0,hold,hold,,"No delta (current=0, target=0)"
ALKT,0.10725641951510571,0.12850393629497237,0.0,0.0,0.04351386917550575,0.0,0.3333333333333333,90,0.0,20.85,0,0,0,hold,hold,,"No delta (current=0, target=0)"
ALL,0.2538803130725126,0.32413479077340307,0.0,0.0,0.04311687996984097,0.0,0.3333333333333333,90,0.0,210.99,0,0,0,hold,hold,,"No delta (current=0, target=0)"
ALLO,0.2315972231230005,0.19715600130265448,0.0,0.0,0.3349208885840385,0.0,0.3333333333333333,90,0.0,1.305,0,0,0,hold,hold,,"No delta (current=0, target=0)"
ALLR,-0.04679392087245924,0.10366624757987286,0.0,0.0,-0.49817442622945546,0.0,0.3333333333333333,90,0.0,1.14,0,0,0,hold,hold,,"No delta (current=0, target=0)"
ALLY,-4.0203814491296404e-05,0.1001447641905636,0.0,0.0,-0.3005951078296559,0.0,0.3333333333333333,90,0.0,37.8,0,0,0,hold,hold,,"No delta (current=0, target=0)"
ALMS,0.5008764416528481,0.42956597376211586,0.0,0.0,0.7148078453250446,0.0,0.3333333333333333,90,0.0,6.18,0,0,0,hold,hold,,"No delta (current=0, target=0)"
ALNT,0.1299430167090081,0.2517181749363537,0.0,0.0,-0.2353824579730286,0.0,0.3333333333333333,90,0.0,50.8,0,0,0,hold,hold,,"No delta (current=0, target=0)"
ALNY,0.23306256745764842,0.2541004381739718,0.0,0.0,0.16994895530867826,0.0,0.3333333333333333,90,0.0,468.3,0,0,0,hold,hold,,"No delta (current=0, target=0)"
ALRM,0.03739722232970179,0.09672349097993459,0.0,0.0,-0.14058158362099657,0.0,0.3333333333333333,90,0.0,48.75,0,0,0,hold,hold,,"No delta (current=0, target=0)"
ALRS,0.03072300987285189,0.08178609670598758,0.0,0.0,-0.12246625062655515,0.0,0.3333333333333333,90,0.0,21.0,0,0,0,hold,hold,,"No delta (current=0, target=0)"
ALSN,0.06574347132814562,0.12926386771191659,0.0,0.0,-0.12481771782316724,0.0,0.3333333333333333,90,0.0,80.03,0,0,0,hold,hold,,"No delta (current=0, target=0)"
ALT,0.3991923778314543,0.3807072098094488,0.0,0.0,0.4546478818974708,0.0,0.3333333333333333,90,0.0,4.645,0,0,0,hold,hold,,"No delta (current=0, target=0)"
ALTG,-0.08591501158525487,0.0737194809666253,0.0,0.0,-0.5648184892408953,0.0,0.3333333333333333,90,0.0,4.395,0,0,0,hold,hold,,"No delta (current=0, target=0)"
ALTI,0.2131236606022862,0.2821199166839495,0.0,0.0,0.0061348923572965165,0.0,0.3333333333333333,90,0.0,4.08,0,0,0,hold,hold,,"No delta (current=0, target=0)"
ALTO,0.4032894898537795,0.4649330443581298,0.0,0.0,0.21835882634072845,0.0,0.3333333333333333,89,0.0,2.0,0,0,0,hold,hold,,"No delta (current=0, target=0)"
ALTS,-0.07021553875842114,0.09451324657658143,0.0,0.0,-0.5644018947634287,0.0,0.3333333333333333,90,0.0,1.91,0,0,0,hold,hold,,"No delta (current=0, target=0)"
ALX,0.072664179591559,0.1582017447872885,0.0,0.0,-0.18394851599562947,0.0,0.3333333333333333,88,0.0,213.445,0,0,0,hold,hold,,"No delta (current=0, target=0)"
ALXO,0.3502190153132015,0.1884441087250253,0.0,0.0,0.8355437350777298,0.0,0.3333333333333333,90,0.0,1.595,0,0,0,hold,hold,,"No delta (current=0, target=0)"
ALZN,0.04640938294935065,0.10656024189636723,0.0,0.0,-0.13404319389169908,0.0,0.3333333333333333,88,0.0,2.345,0,0,0,hold,hold,,"No delta (current=0, target=0)"
AM,0.12523916465876364,0.16279816847625025,0.0,0.0,0.012562153206303802,0.0,0.3333333333333333,90,0.0,17.955,0,0,0,hold,hold,,"No delta (current=0, target=0)"
AMAL,0.06993374173435829,0.14334053729467694,0.0,0.0,-0.15028664494659766,0.0,0.3333333333333333,90,0.0,27.055,0,0,0,hold,hold,,"No delta (current=0, target=0)"
AMAT,0.16364455443900913,0.25516212693926027,0.0,0.0,-0.11090816306174424,0.0,0.3333333333333333,90,0.0,225.63,0,0,0,hold,hold,,"No delta (current=0, target=0)"
AMBA,0.04915791633901193,0.25297553228428604,0.0,0.0,-0.5622949314968103,0.0,0.3333333333333333,90,0.0,83.41,0,0,0,hold,hold,,"No delta (current=0, target=0)"
AMBC,0.13902905840542004,0.30727233068229515,0.0,0.0,-0.3657007584252053,0.0,0.3333333333333333,90,0.0,9.15,0,0,0,hold,hold,,"No delta (current=0, target=0)"
AMC,-0.03612909580107424,0.11808450293144479,0.0,0.0,-0.49876989199863125,0.0,0.3333333333333333,90,0.0,2.195,0,0,0,hold,hold,,"No delta (current=0, target=0)"
AMCX,0.1903683922040159,0.2871877877190714,0.0,0.0,-0.10008979434115053,0.0,0.3333333333333333,90,0.0,8.05,0,0,0,hold,hold,,"No delta (current=0, target=0)"
AMD,0.06995535827258643,0.24968235232708108,0.0,0.0,-0.4692256238908975,0.0,0.3333333333333333,90,0.0,232.54,0,0,0,hold,hold,,"No delta (current=0, target=0)"
AME,0.17136930893819552,0.27787007769337074,0.0,0.0,-0.14813299732733007,0.0,0.3333333333333333,90,0.0,191.13,0,0,0,hold,hold,,"No delta (current=0, target=0)"
AMG,0.19101452961811954,0.33549244895073754,0.0,0.0,-0.24241922837973448,0.0,0.3333333333333333,90,0.0,250.85,0,0,0,hold,hold,,"No delta (current=0, target=0)"
AMGN,0.34228471441295494,0.4169649334324343,0.0,0.0,0.118244057354517,0.0,0.3333333333333333,90,0.0,344.27,0,0,0,hold,hold,,"No delta (current=0, target=0)"
AMH,0.06407553791611911,0.1098620999659578,0.0,0.0,-0.07328414823339698,0.0,0.3333333333333333,90,0.0,31.875,0,0,0,hold,hold,,"No delta (current=0, target=0)"
AMIX,0.2871166201363858,0.2705410536374451,0.0,0.0,0.33684331963320774,0.0,0.3333333333333333,89,0.0,0.9128,0,0,0,hold,hold,,"No delta (current=0, target=0)"
AMKR,0.10355953116998749,0.29238440522654185,0.0,0.0,-0.46291509099967554,0.0,0.3333333333333333,90,0.0,31.025,0,0,0,hold,hold,,"No delta (current=0, target=0)"
AMLX,0.31170565712432835,0.2254331353238583,0.0,0.0,0.5705232225257385,0.0,0.3333333333333333,90,0.0,13.94,0,0,0,hold,hold,,"No delta (current=0, target=0)"
AMN,0.03219495289659901,0.09230434447212968,0.0,0.0,-0.148133221829993,0.0,0.3333333333333333,90,0.0,16.09,0,0,0,hold,hold,,"No delta (current=0, target=0)"
AMOD,-0.10587445405088296,0.06959139074971593,0.0,0.0,-0.6322719884526795,0.0,0.3333333333333333,88,0.0,0.885,0,0,0,hold,hold,,"No delta (current=0, target=0)"
AMP,0.004184119672175788,0.09634243497650224,0.0,0.0,-0.27229082624080353,0.0,0.3333333333333333,90,0.0,444.205,0,0,0,hold,hold,,"No delta (current=0, target=0)"
AMPG,0.31126640305089986,0.18370894164607854,0.0,0.0,0.6939387872653638,0.0,0.3333333333333333,90,0.015849524514264572,3.08,510,0,510,buy,pending_new,66d5cbc7-d56d-4c21-b4e5-a3b53220102e,"Composite=0.311, Alpha=0.184, ML=0.000, Tech=0.000, Sentiment=0.694, MLPred=0.000, Weight=0.016, Confidence=0.33, Factors=90"
AMPH,0.1581484226406439,0.3013627061978045,0.0,0.0,-0.27149442803083784,0.0,0.3333333333333333,90,0.0,26.28,0,0,0,hold,hold,,"No delta (current=0, target=0)"
AMPL,0.041374046634250254,0.21553147879919676,0.0,0.0,-0.4810982498605892,0.0,0.3333333333333333,90,0.0,9.9,0,0,0,hold,hold,,"No delta (current=0, target=0)"
AMPY,0.23230260745950973,0.38072126378236626,0.0,0.0,-0.2129533615090598,0.0,0.3333333333333333,90,0.0,5.53,0,0,0,hold,hold,,"No delta (current=0, target=0)"
AMR,0.10551568777724225,0.21549321825238485,0.0,0.0,-0.22441690364818542,0.0,0.3333333333333333,90,0.0,162.19,0,0,0,hold,hold,,"No delta (current=0, target=0)"
AMRC,0.012060390900777722,0.12395808562504172,0.0,0.0,-0.3236326932720142,0.0,0.3333333333333333,90,0.0,31.54,0,0,0,hold,hold,,"No delta (current=0, target=0)"
AMRK,0.05092815056050721,0.12163457651640451,0.0,0.0,-0.16119112730718466,0.0,0.3333333333333333,90,0.0,25.435,0,0,0,hold,hold,,"No delta (current=0, target=0)"
AMRX,0.23870832005931888,0.3559001459525906,0.0,0.0,-0.1128671576204963,0.0,0.3333333333333333,90,0.0,11.64,0,0,0,hold,hold,,"No delta (current=0, target=0)"
AMSC,-0.04202576951436276,0.09060451565117372,0.0,0.0,-0.4399166250109721,0.0,0.3333333333333333,90,0.0,31.84,0,0,0,hold,hold,,"No delta (current=0, target=0)"
AMSF,0.09052830733242645,0.1166553701997135,0.0,0.0,0.012147118730565279,0.0,0.3333333333333333,90,0.0,41.26,0,0,0,hold,hold,,"No delta (current=0, target=0)"
AMT,0.10493520297549978,0.15004564766497655,0.0,0.0,-0.03039613109293051,0.0,0.3333333333333333,90,0.0,182.24,0,0,0,hold,hold,,"No delta (current=0, target=0)"
AMTB,0.02707239895307619,0.12120803140287294,0.0,0.0,-0.255334498396314,0.0,0.3333333333333333,90,0.0,17.06,0,0,0,hold,hold,,"No delta (current=0, target=0)"
AMTM,0.042043180188204826,0.13291146959594555,0.0,0.0,-0.23056168803501728,0.0,0.3333333333333333,90,0.0,21.92,0,0,0,hold,hold,,"No delta (current=0, target=0)"
AMTX,-0.05726735819395216,0.1233446886677077,0.0,0.0,-0.5991034987789317,0.0,0.3333333333333333,90,0.0,1.775,0,0,0,hold,hold,,"No delta (current=0, target=0)"
AMWD,-0.08649987304290653,0.028706067807368743,0.0,0.0,-0.4321176955937323,0.0,0.3333333333333333,90,0.0,48.76,0,0,0,hold,hold,,"No delta (current=0, target=0)"
AMWL,0.00981633402187722,0.07339291036628579,0.0,0.0,-0.18091339501134845,0.0,0.3333333333333333,90,0.0,3.95,0,0,0,hold,hold,,"No delta (current=0, target=0)"
AMZN,0.15190054285894858,0.3228985191770272,0.0,0.0,-0.3610933860952873,0.0,0.3333333333333333,90,0.0,225.75,0,0,0,hold,hold,,"No delta (current=0, target=0)"
AN,0.185377382500098,0.21749514055378785,0.0,0.0,0.08902410833902845,0.0,0.3333333333333333,90,0.0,197.56,0,0,0,hold,hold,,"No delta (current=0, target=0)"
ANAB,0.43341947173259004,0.39668251381765246,0.0,0.0,0.5436303454774027,0.0,0.3333333333333333,90,0.0,37.055,0,0,0,hold,hold,,"No delta (current=0, target=0)"
ANDE,0.23367073996062646,0.3118951217602063,0.0,0.0,-0.0010024054381130305,0.0,0.3333333333333333,90,0.0,49.87,0,0,0,hold,hold,,"No delta (current=0, target=0)"
ANET,-0.01980626598991767,0.09517783362652107,0.0,0.0,-0.36475856483923386,0.0,0.3333333333333333,90,0.0,124.63,0,0,0,hold,hold,,"No delta (current=0, target=0)"
ANF,0.062259544694737635,0.10427931723604945,0.0,0.0,-0.0637997729291978,0.0,0.3333333333333333,90,0.0,70.31,0,0,0,hold,hold,,"No delta (current=0, target=0)"
ANGI,-0.012475797106802413,0.0663549174678323,0.0,0.0,-0.2489679408307065,0.0,0.3333333333333333,90,0.0,10.73,0,0,0,hold,hold,,"No delta (current=0, target=0)"
ANGO,0.10436656080694343,0.23503029668174616,0.0,0.0,-0.28762464681746475,0.0,0.3333333333333333,90,0.0,11.92,0,0,0,hold,hold,,"No delta (current=0, target=0)"
ANIK,0.06876251182021717,0.16172231829664832,0.0,0.0,-0.21011690760907625,0.0,0.3333333333333333,90,0.0,9.65,0,0,0,hold,hold,,"No delta (current=0, target=0)"
ANIP,0.0031457386726744673,0.1044266515119739,0.0,0.0,-0.3006969998452238,0.0,0.3333333333333333,90,0.0,82.07,0,0,0,hold,hold,,"No delta (current=0, target=0)"
ANIX,0.10448310408408973,0.25187148756691063,0.0,0.0,-0.3376820463643729,0.0,0.3333333333333333,89,0.0,4.1,0,0,0,hold,hold,,"No delta (current=0, target=0)"
ANNX,0.3476808343867472,0.2929239020512008,0.0,0.0,0.5119516313933863,0.0,0.3333333333333333,90,0.0,3.15,0,0,0,hold,hold,,"No delta (current=0, target=0)"
ANTX,0.04900349053940937,0.1847904535028076,0.0,0.0,-0.3583573983507853,0.0,0.3333333333333333,89,0.0,1.11,0,0,0,hold,hold,,"No delta (current=0, target=0)"
ANVS,0.6325200869676099,0.5132125431392556,0.0,0.0,0.9904427184526727,0.0,0.3333333333333333,90,0.0,3.735,0,0,0,hold,hold,,"No delta (current=0, target=0)"
AORT,0.186182090861391,0.3264086892901601,0.0,0.0,-0.23449770442491627,0.0,0.3333333333333333,90,0.0,45.43,0,0,0,hold,hold,,"No delta (current=0, target=0)"
AOS,0.007948630656842872,0.07841368951644632,0.0,0.0,-0.20344654592196745,0.0,0.3333333333333333,90,0.0,63.66,0,0,0,hold,hold,,"No delta (current=0, target=0)"
AOSL,0.01172587714955742,0.112337177479171,0.0,0.0,-0.2901080238392833,0.0,0.3333333333333333,90,0.0,17.865,0,0,0,hold,hold,,"No delta (current=0, target=0)"
AOUT,0.03053700103064647,0.08916914601038349,0.0,0.0,-0.1453594339085646,0.0,0.3333333333333333,90,0.0,6.465,0,0,0,hold,hold,,"No delta (current=0, target=0)"
AP,0.5235224415034966,0.37633220074030393,0.0,0.0,0.9650931637930742,0.0,0.3333333333333333,89,0.0,2.75,0,0,0,hold,hold,,"No delta (current=0, target=0)"
APA,0.33173709703689036,0.3722182845784599,0.0,0.0,0.21029353441218168,0.0,0.3333333333333333,90,0.0,24.91,0,0,0,hold,hold,,"No delta (current=0, target=0)"
APAM,0.01966927196830973,0.13053310945486382,0.0,0.0,-0.3129222404913525,0.0,0.3333333333333333,90,0.0,41.45,0,0,0,hold,hold,,"No delta (current=0, target=0)"
APD,0.12704190113551325,0.2185389180933176,0.0,0.0,-0.14744914973789974,0.0,0.3333333333333333,90,0.0,253.79,0,0,0,hold,hold,,"No delta (current=0, target=0)"
APEI,0.13076626808497446,0.22449122783034123,0.0,0.0,-0.15040861115112578,0.0,0.3333333333333333,90,0.0,33.91,0,0,0,hold,hold,,"No delta (current=0, target=0)"
APG,0.23305345093041432,0.35521673713203483,0.0,0.0,-0.1334364076744472,0.0,0.3333333333333333,90,0.0,37.335,0,0,0,hold,hold,,"No delta (current=0, target=0)"
APGE,0.3452839202107865,0.4251229663532609,0.0,0.0,0.10576678178336334,0.0,0.3333333333333333,90,0.0,64.45,0,0,0,hold,hold,,"No delta (current=0, target=0)"
APH,0.14976178284310906,0.3070568346023737,0.0,0.0,-0.3221233724346848,0.0,0.3333333333333333,90,0.0,132.43,0,0,0,hold,hold,,"No delta (current=0, target=0)"
APLD,0.010618787453115177,0.18611573350812066,0.0,0.0,-0.5158720507119012,0.0,0.3333333333333333,90,0.0,23.4,0,0,0,hold,hold,,"No delta (current=0, target=0)"
APLE,0.10192076091265789,0.1669303959411158,0.0,0.0,-0.0931081441727158,0.0,0.3333333333333333,90,0.0,11.56,0,0,0,hold,hold,,"No delta (current=0, target=0)"
APLM,0.4538613092266167,0.3088766452304089,0.0,0.0,0.88881530121524,0.0,0.3333333333333333,87,0.00034998950031499054,20.84,1,0,1,buy,pending_new,b4671f7e-9914-4cd9-8af1-413d546e7eea,"Composite=0.454, Alpha=0.309, ML=0.000, Tech=0.000, Sentiment=0.889, MLPred=0.000, Weight=0.000, Confidence=0.33, Factors=87"
APLS,0.08775661969941151,0.11742497253324209,0.0,0.0,-0.0012484388020802537,0.0,0.3333333333333333,90,0.0,20.02,0,0,0,hold,hold,,"No delta (current=0, target=0)"
APLT,-0.16720324826658903,0.10965771476030517,0.0,0.0,-0.9977861373472715,0.0,0.3333333333333333,90,0.0,0.2932,0,0,0,hold,hold,,"No delta (current=0, target=0)"
APO,0.038413023360642305,0.15230119773686226,0.0,0.0,-0.3032514997680175,0.0,0.3333333333333333,90,0.0,125.22,0,0,0,hold,hold,,"No delta (current=0, target=0)"
APOG,0.049958351616387335,0.07965551471552385,0.0,0.0,-0.03913313768102218,0.0,0.3333333333333333,90,0.0,34.21,0,0,0,hold,hold,,"No delta (current=0, target=0)"
APP,-0.02996557179379449,0.09287978825402886,0.0,0.0,-0.3985016519372645,0.0,0.3333333333333333,90,0.0,535.605,0,0,0,hold,hold,,"No delta (current=0, target=0)"
APPF,-0.017004366899056673,0.1528695953726671,0.0,0.0,-0.5266262537142279,0.0,0.3333333333333333,90,0.0,221.23,0,0,0,hold,hold,,"No delta (current=0, target=0)"
APPN,0.26829597195075866,0.46297147258608423,0.0,0.0,-0.3157305299552181,0.0,0.3333333333333333,90,0.0,42.6,0,0,0,hold,hold,,"No delta (current=0, target=0)"
APPS,-0.023895788023838602,0.1870247508199862,0.0,0.0,-0.656657404555313,0.0,0.3333333333333333,90,0.0,4.765,0,0,0,hold,hold,,"No delta (current=0, target=0)"
APRE,-0.013630746502723107,0.08272891444040537,0.0,0.0,-0.3027097293321085,0.0,0.3333333333333333,89,0.0,1.2,0,0,0,hold,hold,,"No delta (current=0, target=0)"
APVO,-0.044356554615128115,0.10148299457917251,0.0,0.0,-0.48187520219802993,0.0,0.3333333333333333,90,0.0,1.32,0,0,0,hold,hold,,"No delta (current=0, target=0)"
APYX,0.20023585859705084,0.4744511186291733,0.0,0.0,-0.6224099214993163,0.0,0.3333333333333333,89,0.0,3.75,0,0,0,hold,hold,,"No delta (current=0, target=0)"
AQMS,0.16600823383218102,0.2654563567528321,0.0,0.0,-0.13233613492977211,0.0,0.3333333333333333,89,0.0,7.495,0,0,0,hold,hold,,"No delta (current=0, target=0)"
AQST,0.22519703118608217,0.19893533347677886,0.0,0.0,0.30398212431399213,0.0,0.3333333333333333,90,0.0,5.925,0,0,0,hold,hold,,"No delta (current=0, target=0)"
AR,0.2304170320749225,0.3052872785294305,0.0,0.0,0.005806292711398487,0.0,0.3333333333333333,90,0.0,34.485,0,0,0,hold,hold,,"No delta (current=0, target=0)"
ARAY,-0.09620079428797557,0.1008705487558595,0.0,0.0,-0.6874148234194807,0.0,0.3333333333333333,90,0.0,0.9852,0,0,0,hold,hold,,"No delta (current=0, target=0)"
ARCB,0.012150948782018384,0.05635063095684053,0.0,0.0,-0.12044809774244802,0.0,0.3333333333333333,90,0.0,63.69,0,0,0,hold,hold,,"No delta (current=0, target=0)"
ARCC,0.01781783933630608,0.10042187784213732,0.0,0.0,-0.22999427618118765,0.0,0.3333333333333333,90,0.0,19.435,0,0,0,hold,hold,,"No delta (current=0, target=0)"
ARCT,-0.15338625406006803,0.02199150627421781,0.0,0.0,-0.6795195350629254,0.0,0.3333333333333333,90,0.0,6.8,0,0,0,hold,hold,,"No delta (current=0, target=0)"
ARDC,0.12378607755714267,0.18830773267498313,0.0,0.0,-0.06977888779637861,0.0,0.3333333333333333,90,0.0,13.755,0,0,0,hold,hold,,"No delta (current=0, target=0)"
ARDX,0.18268098711497202,0.3074081692810594,0.0,0.0,-0.19150055938329008,0.0,0.3333333333333333,90,0.0,5.825,0,0,0,hold,hold,,"No delta (current=0, target=0)"
ARE,-0.00927963526468799,0.07709544844950636,0.0,0.0,-0.268404886407271,0.0,0.3333333333333333,90,0.0,50.83,0,0,0,hold,hold,,"No delta (current=0, target=0)"
AREB,0.05513398341318316,0.15173672483892262,0.0,0.0,-0.23467424086403516,0.0,0.3333333333333333,89,0.0,1.095,0,0,0,hold,hold,,"No delta (current=0, target=0)"
AREC,0.1848341092918086,0.3002449736644518,0.0,0.0,-0.161398483826121,0.0,0.3333333333333333,90,0.0,3.565,0,0,0,hold,hold,,"No delta (current=0, target=0)"
ARES,-0.017872161500864864,0.08551532442020124,0.0,0.0,-0.32803461926406313,0.0,0.3333333333333333,90,0.0,143.15,0,0,0,hold,hold,,"No delta (current=0, target=0)"
ARHS,0.014035966829008333,0.09013234817054683,0.0,0.0,-0.2142531771956071,0.0,0.3333333333333333,90,0.0,8.9,0,0,0,hold,hold,,"No delta (current=0, target=0)"
ARI,0.04744147214992018,0.09013284560678139,0.0,0.0,-0.08063264822066345,0.0,0.3333333333333333,90,0.0,9.74,0,0,0,hold,hold,,"No delta (current=0, target=0)"
ARKO,0.007695275292904876,0.08208158958167525,0.0,0.0,-0.2154636675734062,0.0,0.3333333333333333,90,0.0,4.15,0,0,0,hold,hold,,"No delta (current=0, target=0)"
ARLO,-0.07413744178319066,0.0992844116951189,0.0,0.0,-0.5944030022181193,0.0,0.3333333333333333,90,0.0,13.43,0,0,0,hold,hold,,"No delta (current=0, target=0)"
ARLP,0.07767418415388573,0.17660595401078208,0.0,0.0,-0.2191211254168033,0.0,0.3333333333333333,90,0.0,23.915,0,0,0,hold,hold,,"No delta (current=0, target=0)"
ARMK,0.06256201015914344,0.15583622251697102,0.0,0.0,-0.21726062691433926,0.0,0.3333333333333333,90,0.0,36.8,0,0,0,hold,hold,,"No delta (current=0, target=0)"
ARMP,0.45709608102687616,0.5115371313587966,0.0,0.0,0.2937729300311147,0.0,0.3333333333333333,88,0.016729498115056547,7.095,233,0,233,buy,pending_new,24c1687b-7611-4974-9b30-5e848f93ab4e,"Composite=0.457, Alpha=0.512, ML=0.000, Tech=0.000, Sentiment=0.294, MLPred=0.000, Weight=0.017, Confidence=0.33, Factors=88"
AROC,0.02842348205220745,0.09285485865770408,0.0,0.0,-0.16487064776428245,0.0,0.3333333333333333,90,0.0,23.24,0,0,0,hold,hold,,"No delta (current=0, target=0)"
AROW,0.20075907718228483,0.3533213930905998,0.0,0.0,-0.25692787054266014,0.0,0.3333333333333333,89,0.0,29.2,0,0,0,hold,hold,,"No delta (current=0, target=0)"
ARQ,-0.011259909352176066,0.07688572193945134,0.0,0.0,-0.27569680322705825,0.0,0.3333333333333333,90,0.0,3.5,0,0,0,hold,hold,,"No delta (current=0, target=0)"
ARQT,0.5396153464099346,0.4807557838769265,0.0,0.0,0.7161940340089584,0.0,0.3333333333333333,90,0.0,27.67,0,0,0,hold,hold,,"No delta (current=0, target=0)"
ARR,0.13839192643268314,0.21218705095924872,0.0,0.0,-0.08299344714701358,0.0,0.3333333333333333,90,0.0,16.55,0,0,0,hold,hold,,"No delta (current=0, target=0)"
ARRY,-0.026098187796731596,0.13789818668712975,0.0,0.0,-0.5180873112483155,0.0,0.3333333333333333,90,0.0,7.445,0,0,0,hold,hold,,"No delta (current=0, target=0)"
ARTL,0.08274815915022192,0.11943608138385738,0.0,0.0,-0.027315607550684462,0.0,0.3333333333333333,89,0.0,1.82,0,0,0,hold,hold,,"No delta (current=0, target=0)"
ARTV,0.06526741313813395,0.2095354656379564,0.0,0.0,-0.3675367443613334,0.0,0.3333333333333333,89,0.0,3.71,0,0,0,hold,hold,,"No delta (current=0, target=0)"
ARTW,-0.0403295095592399,0.11502112103448722,0.0,0.0,-0.5063814013404212,0.0,0.3333333333333333,89,0.0,2.15,0,0,0,hold,hold,,"No delta (current=0, target=0)"
ARVN,0.6093602398589116,0.5150746488793163,0.0,0.0,0.8922170127976976,0.0,0.3333333333333333,90,0.0,13.38,0,0,0,hold,hold,,"No delta (current=0, target=0)"
ARW,-0.0020107931725136742,0.0688052094877256,0.0,0.0,-0.21445880115323146,0.0,0.3333333333333333,90,0.0,106.47,0,0,0,hold,hold,,"No delta (current=0, target=0)"
ARWR,0.32254634568243873,0.39961012993962647,0.0,0.0,0.09135499291087544,0.0,0.3333333333333333,90,0.0,42.24,0,0,0,hold,hold,,"No delta (current=0, target=0)"
ASA,0.14708034152017574,0.2968793191355366,0.0,0.0,-0.3023165913259068,0.0,0.3333333333333333,89,0.0,47.395,0,0,0,hold,hold,,"No delta (current=0, target=0)"
ASAN,0.005611748438067194,0.10418407099170582,0.0,0.0,-0.29010521922284865,0.0,0.3333333333333333,90,0.0,12.12,0,0,0,hold,hold,,"No delta (current=0, target=0)"
ASB,0.005465060622157404,0.07826473694022894,0.0,0.0,-0.21293396833205716,0.0,0.3333333333333333,90,0.0,24.445,0,0,0,hold,hold,,"No delta (current=0, target=0)"
ASBA,0.07138936519040552,0.14104899719418953,0.0,0.0,-0.13758953082094647,0.0,0.3333333333333333,87,0.0,24.05,0,0,0,hold,hold,,"No delta (current=0, target=0)"
ASG,0.07733998893190361,0.19104037440477248,0.0,0.0,-0.2637611674867029,0.0,0.3333333333333333,90,0.0,5.165,0,0,0,hold,hold,,"No delta (current=0, target=0)"
ASGN,-0.04996978523125471,0.06781930455753464,0.0,0.0,-0.4033370545976227,0.0,0.3333333333333333,90,0.0,41.54,0,0,0,hold,hold,,"No delta (current=0, target=0)"
ASH,0.16946910576485058,0.2267906419881842,0.0,0.0,-0.002495502905150253,0.0,0.3333333333333333,90,0.0,50.065,0,0,0,hold,hold,,"No delta (current=0, target=0)"
ASIX,-0.06809158000157714,0.08141184974702949,0.0,0.0,-0.5166018692473969,0.0,0.3333333333333333,90,0.0,14.33,0,0,0,hold,hold,,"No delta (current=0, target=0)"
ASLE,0.0966121369193251,0.09829534017720623,0.0,0.0,0.0915625271456817,0.0,0.3333333333333333,90,0.0,6.1,0,0,0,hold,hold,,"No delta (current=0, target=0)"
ASMB,0.3018209004010539,0.39292253711948555,0.0,0.0,0.028515990245758953,0.0,0.3333333333333333,90,0.034238972830815076,36.14,93,0,93,buy,pending_new,386abb7f-40c6-44f3-b520-cd3f815fe5fc,"Composite=0.302, Alpha=0.393, ML=0.000, Tech=0.000, Sentiment=0.029, MLPred=0.000, Weight=0.034, Confidence=0.33, Factors=90"
ASO,0.02115550160079156,0.10266289475747316,0.0,0.0,-0.2233666778692532,0.0,0.3333333333333333,90,0.0,42.855,0,0,0,hold,hold,,"No delta (current=0, target=0)"
ASPI,3.442378374145239e-05,0.1493169880722389,0.0,0.0,-0.4478132690817508,0.0,0.3333333333333333,90,0.0,8.015,0,0,0,hold,hold,,"No delta (current=0, target=0)"
ASPN,-0.05788916901747427,0.04537366334583504,0.0,0.0,-0.36767766610740216,0.0,0.3333333333333333,90,0.0,3.17,0,0,0,hold,hold,,"No delta (current=0, target=0)"
ASRT,0.02255834644763047,0.2365461046834215,0.0,0.0,-0.6194049282597425,0.0,0.3333333333333333,89,0.0,0.7453,0,0,0,hold,hold,,"No delta (current=0, target=0)"
ASST,-0.021409313186199517,0.16456977344433213,0.0,0.0,-0.5793465730777944,0.0,0.3333333333333333,90,0.0,1.115,0,0,0,hold,hold,,"No delta (current=0, target=0)"
ASTE,-0.030555433275628038,0.04884663460312366,0.0,0.0,-0.2687616369118831,0.0,0.3333333333333333,90,0.0,42.01,0,0,0,hold,hold,,"No delta (current=0, target=0)"
ASTH,-0.013621884787043433,0.113906782012082,0.0,0.0,-0.3962078851844197,0.0,0.3333333333333333,90,0.0,21.585,0,0,0,hold,hold,,"No delta (current=0, target=0)"
ASTI,0.015479471221901598,0.08909618694819636,0.0,0.0,-0.2053706759569827,0.0,0.3333333333333333,89,0.0,1.61,0,0,0,hold,hold,,"No delta (current=0, target=0)"
ASTS,0.014625912470272786,0.15020119847503213,0.0,0.0,-0.3920999455440052,0.0,0.3333333333333333,90,0.0,59.22,0,0,0,hold,hold,,"No delta (current=0, target=0)"
ASUR,0.014293783351178676,0.10545629615003717,0.0,0.0,-0.25919375504539677,0.0,0.3333333333333333,90,0.0,7.765,0,0,0,hold,hold,,"No delta (current=0, target=0)"
ASYS,0.019046012280925912,0.12153215498618365,0.0,0.0,-0.2884124158348473,0.0,0.3333333333333333,90,0.0,7.13,0,0,0,hold,hold,,"No delta (current=0, target=0)"
ATEC,0.28405786224095747,0.4262553592618496,0.0,0.0,-0.14253462882171883,0.0,0.3333333333333333,90,0.06568802935911923,20.135,323,0,323,buy,pending_new,d73ee55f-b8f9-438a-a716-15e6d19f87e8,"Composite=0.284, Alpha=0.426, ML=0.000, Tech=0.000, Sentiment=-0.143, MLPred=0.000, Weight=0.066, Confidence=0.33, Factors=90"
ATEN,0.06327641459857376,0.1130498918897714,0.0,0.0,-0.08604401727501917,0.0,0.3333333333333333,90,0.0,16.805,0,0,0,hold,hold,,"No delta (current=0, target=0)"
ATEX,0.3726462187327256,0.2741480352080917,0.0,0.0,0.6681407693066271,0.0,0.3333333333333333,90,0.0,21.255,0,0,0,hold,hold,,"No delta (current=0, target=0)"
ATGE,0.08471798981818626,0.1359330232662055,0.0,0.0,-0.06892711052587142,0.0,0.3333333333333333,90,0.0,95.71,0,0,0,hold,hold,,"No delta (current=0, target=0)"
ATI,0.2816454203310431,0.37981688631330884,0.0,0.0,-0.012868977615754038,0.0,0.3333333333333333,90,0.0,98.815,0,0,0,hold,hold,,"No delta (current=0, target=0)"
ATKR,0.05009034469817039,0.10330336872536804,0.0,0.0,-0.1095487273834225,0.0,0.3333333333333333,90,0.0,64.465,0,0,0,hold,hold,,"No delta (current=0, target=0)"
ATLC,0.14157227785605453,0.20083735026700675,0.0,0.0,-0.03622293937680212,0.0,0.3333333333333333,89,0.0,52.05,0,0,0,hold,hold,,"No delta (current=0, target=0)"
ATLO,0.1668643546370512,0.2777363234645093,0.0,0.0,-0.1657515518453231,0.0,0.3333333333333333,89,0.0,20.51,0,0,0,hold,hold,,"No delta (current=0, target=0)"
ATLX,0.3387192290398507,0.21461600467874162,0.0,0.0,0.7110289021231779,0.0,0.3333333333333333,90,0.0,5.265,0,0,0,hold,hold,,"No delta (current=0, target=0)"
ATMCW,0.029194974772224064,0.16116294648815419,0.0,0.0,-0.36670894037556623,0.0,0.3333333333333333,84,0.0,0.06,0,0,0,hold,hold,,"No delta (current=0, target=0)"
ATNI,0.2904371749462361,0.4054554203602233,0.0,0.0,-0.0546175612957255,0.0,0.3333333333333333,89,0.0,19.9,0,0,0,hold,hold,,"No delta (current=0, target=0)"
ATNM,0.18963311064593025,0.1664749567272578,0.0,0.0,0.2591075724019476,0.0,0.3333333333333333,90,0.0,1.39,0,0,0,hold,hold,,"No delta (current=0, target=0)"
ATO,0.19632841017241412,0.27839362044323435,0.0,0.0,-0.049867220640046596,0.0,0.3333333333333333,90,0.0,176.05,0,0,0,hold,hold,,"No delta (current=0, target=0)"
ATOM,-0.031090251670332702,0.06655367727169974,0.0,0.0,-0.32402203849642996,0.0,0.3333333333333333,90,0.0,2.22,0,0,0,hold,hold,,"No delta (current=0, target=0)"
ATOS,0.009223488241446478,0.059208144350705004,0.0,0.0,-0.14073048008632907,0.0,0.3333333333333333,90,0.0,0.7956,0,0,0,hold,hold,,"No delta (current=0, target=0)"
ATR,0.1103557872253185,0.12925075601638375,0.0,0.0,0.05367088085212276,0.0,0.3333333333333333,90,0.0,119.47,0,0,0,hold,hold,,"No delta (current=0, target=0)"
ATRA,0.3314717867594296,0.2612477139439325,0.0,0.0,0.5421440052059209,0.0,0.3333333333333333,88,0.0,13.575,0,0,0,hold,hold,,"No delta (current=0, target=0)"
ATRC,0.10211965211193402,0.13187592962136116,0.0,0.0,0.012850819583652636,0.0,0.3333333333333333,90,0.0,33.155,0,0,0,hold,hold,,"No delta (current=0, target=0)"
ATRO,0.2570835068731416,0.3038566655980993,0.0,0.0,0.11676403069826816,0.0,0.3333333333333333,90,0.09775706728798136,50.17,193,0,193,buy,pending_new,98dc25d7-1224-4827-8940-feb78b34593c,"Composite=0.257, Alpha=0.304, ML=0.000, Tech=0.000, Sentiment=0.117, MLPred=0.000, Weight=0.098, Confidence=0.33, Factors=90"
ATUS,-0.007686974083718962,0.11113904547188594,0.0,0.0,-0.36416503275053363,0.0,0.3333333333333333,90,0.0,1.815,0,0,0,hold,hold,,"No delta (current=0, target=0)"
ATXS,0.1993696019999993,0.2664906752578148,0.0,0.0,-0.00199361777344711,0.0,0.3333333333333333,90,0.0,12.535,0,0,0,hold,hold,,"No delta (current=0, target=0)"
ATYR,-0.00617888861364889,0.037553067918147096,0.0,0.0,-0.13737475820903683,0.0,0.3333333333333333,90,0.0,0.7174,0,0,0,hold,hold,,"No delta (current=0, target=0)"
AUB,-0.006141409969344169,0.0557016519051292,0.0,0.0,-0.19167059559276425,0.0,0.3333333333333333,90,0.0,31.45,0,0,0,hold,hold,,"No delta (current=0, target=0)"
AUID,-0.1764057570900587,0.08813150391881447,0.0,0.0,-0.9700175401166781,0.0,0.3333333333333333,89,0.0,1.57,0,0,0,hold,hold,,"No delta (current=0, target=0)"
AUR,-0.0336186739585335,0.0988061390357692,0.0,0.0,-0.4308931129414415,0.0,0.3333333333333333,90,0.0,3.84,0,0,0,hold,hold,,"No delta (current=0, target=0)"
AURA,0.04572106471247992,0.08778501488979006,0.0,0.0,-0.08047078581945051,0.0,0.3333333333333333,90,0.0,5.49,0,0,0,hold,hold,,"No delta (current=0, target=0)"
AUROW,-0.0987089929349607,0.18153206482040277,0.0,0.0,-0.939432166201051,0.0,0.3333333333333333,83,0.0,0.2799,0,0,0,hold,hold,,"No delta (current=0, target=0)"
AVA,0.22830205026786565,0.3369004835464841,0.0,0.0,-0.09749324956798978,0.0,0.3333333333333333,90,0.0,40.85,0,0,0,hold,hold,,"No delta (current=0, target=0)"
AVAH,0.05719094577625934,0.14244579580779512,0.0,0.0,-0.19857360431834795,0.0,0.3333333333333333,90,0.0,8.465,0,0,0,hold,hold,,"No delta (current=0, target=0)"
AVAL,0.11606763512686148,0.26693293529117834,0.0,0.0,-0.33652826536608904,0.0,0.3333333333333333,89,0.0,4.05,0,0,0,hold,hold,,"No delta (current=0, target=0)"
AVAV,-0.05435564591103589,0.11338975740230109,0.0,0.0,-0.5575918558510468,0.0,0.3333333333333333,90,0.0,282.52,0,0,0,hold,hold,,"No delta (current=0, target=0)"
AVB,0.10575657545318393,0.1418512727785646,0.0,0.0,-0.0025275165229580476,0.0,0.3333333333333333,90,0.0,177.95,0,0,0,hold,hold,,"No delta (current=0, target=0)"
AVBP,0.18093210034888266,0.24618803602219613,0.0,0.0,-0.014835706671057772,0.0,0.3333333333333333,90,0.0,20.16,0,0,0,hold,hold,,"No delta (current=0, target=0)"
AVD,0.03737122264645149,0.15242169124069904,0.0,0.0,-0.30778018313629113,0.0,0.3333333333333333,90,0.0,4.71,0,0,0,hold,hold,,"No delta (current=0, target=0)"
AVGO,0.12441942542588226,0.21378510331994285,0.0,0.0,-0.1436776082562995,0.0,0.3333333333333333,90,0.0,344.99,0,0,0,hold,hold,,"No delta (current=0, target=0)"
AVIR,-0.00941267673889823,0.1878110448116915,0.0,0.0,-0.6010838413906673,0.0,0.3333333333333333,90,0.0,3.005,0,0,0,hold,hold,,"No delta (current=0, target=0)"
AVK,0.09889060417240862,0.20190904721565947,0.0,0.0,-0.21016472495734384,0.0,0.3333333333333333,90,0.0,12.34,0,0,0,hold,hold,,"No delta (current=0, target=0)"
AVNS,0.0039644975012565345,0.10021051174484076,0.0,0.0,-0.2847735452294961,0.0,0.3333333333333333,90,0.0,11.09,0,0,0,hold,hold,,"No delta (current=0, target=0)"
AVNT,0.006905952083145873,0.07215379885964748,0.0,0.0,-0.18883758824635893,0.0,0.3333333333333333,90,0.0,28.305,0,0,0,hold,hold,,"No delta (current=0, target=0)"
AVNW,-0.037598662392543176,0.0897764673125697,0.0,0.0,-0.4197240515078818,0.0,0.3333333333333333,89,0.0,21.015,0,0,0,hold,hold,,"No delta (current=0, target=0)"
AVO,0.025066618694039495,0.18072400724039828,0.0,0.0,-0.44190554694503675,0.0,0.3333333333333333,90,0.0,11.49,0,0,0,hold,hold,,"No delta (current=0, target=0)"
AVPT,0.04894240115106002,0.11962836894207438,0.0,0.0,-0.16311550222198304,0.0,0.3333333333333333,90,0.0,12.78,0,0,0,hold,hold,,"No delta (current=0, target=0)"
AVT,0.01236616775514616,0.07073325454190972,0.0,0.0,-0.1627350926051445,0.0,0.3333333333333333,90,0.0,45.65,0,0,0,hold,hold,,"No delta (current=0, target=0)"
AVTR,0.03767809032052004,0.1059858306168999,0.0,0.0,-0.16724513056861953,0.0,0.3333333333333333,90,0.0,11.16,0,0,0,hold,hold,,"No delta (current=0, target=0)"
AVTX,0.4644450719903886,0.3677536603521899,0.0,0.0,0.7545193069049846,0.0,0.3333333333333333,90,0.0,18.345,0,0,0,hold,hold,,"No delta (current=0, target=0)"
AVXL,-0.20446159130797528,0.055854788430344825,0.0,0.0,-0.9854107305229355,0.0,0.3333333333333333,90,0.0,3.52,0,0,0,hold,hold,,"No delta (current=0, target=0)"
AVY,0.14114128224070666,0.22843347134872166,0.0,0.0,-0.12073528508333839,0.0,0.3333333333333333,90,0.0,169.69,0,0,0,hold,hold,,"No delta (current=0, target=0)"
AWF,0.05104209278850149,0.10252655082880018,0.0,0.0,-0.10341128133239454,0.0,0.3333333333333333,90,0.0,10.615,0,0,0,hold,hold,,"No delta (current=0, target=0)"
AWI,0.07215834665010594,0.15435989150336896,0.0,0.0,-0.17444628790968308,0.0,0.3333333333333333,90,0.0,181.73,0,0,0,hold,hold,,"No delta (current=0, target=0)"
AWK,0.15490807756502722,0.20012476364087747,0.0,0.0,0.01925801933747646,0.0,0.3333333333333333,90,0.0,130.3,0,0,0,hold,hold,,"No delta (current=0, target=0)"
AWR,0.0849982110917139,0.17557889415428743,0.0,0.0,-0.18674383809600664,0.0,0.3333333333333333,90,0.0,72.435,0,0,0,hold,hold,,"No delta (current=0, target=0)"
AWRE,-0.03899388432241014,0.10124847173785456,0.0,0.0,-0.45972095250320416,0.0,0.3333333333333333,89,0.0,2.22,0,0,0,hold,hold,,"No delta (current=0, target=0)"
AX,-0.03396648978354325,0.05378942523373331,0.0,0.0,-0.29723423483537287,0.0,0.3333333333333333,90,0.0,77.03,0,0,0,hold,hold,,"No delta (current=0, target=0)"
AXGN,0.31525230118319986,0.42275733154900746,0.0,0.0,-0.007262789914223091,0.0,0.3333333333333333,90,0.004579862604121876,24.06,18,0,18,buy,pending_new,507f5b89-3ccc-4c0f-a5d5-81d2bcb241a1,"Composite=0.315, Alpha=0.423, ML=0.000, Tech=0.000, Sentiment=-0.007, MLPred=0.000, Weight=0.005, Confidence=0.33, Factors=90"
AXL,0.09586681756099018,0.23292280053880515,0.0,0.0,-0.31530113137245475,0.0,0.3333333333333333,90,0.0,6.085,0,0,0,hold,hold,,"No delta (current=0, target=0)"
AXON,-0.010660445072226967,0.08247600044406879,0.0,0.0,-0.2900697816211142,0.0,0.3333333333333333,90,0.0,535.4,0,0,0,hold,hold,,"No delta (current=0, target=0)"
AXP,0.08670653059816719,0.24136644605756707,0.0,0.0,-0.3772732157800324,0.0,0.3333333333333333,90,0.0,343.08,0,0,0,hold,hold,,"No delta (current=0, target=0)"
AXSM,0.36583191602054016,0.4002412672748539,0.0,0.0,0.2626038622575989,0.0,0.3333333333333333,90,0.0,148.425,0,0,0,hold,hold,,"No delta (current=0, target=0)"
AXTA,0.08399866250456185,0.1781832273201334,0.0,0.0,-0.19855503194215277,0.0,0.3333333333333333,90,0.0,28.14,0,0,0,hold,hold,,"No delta (current=0, target=0)"
AXTI,0.23839448051451084,0.45610262194799306,0.0,0.0,-0.41472994378593564,0.0,0.3333333333333333,90,0.0,10.02,0,0,0,hold,hold,,"No delta (current=0, target=0)"
AYI,0.06704492450938819,0.14024670760728677,0.0,0.0,-0.15256042478430754,0.0,0.3333333333333333,90,0.0,349.535,0,0,0,hold,hold,,"No delta (current=0, target=0)"
AZO,0.1749125348696269,0.21616105633233937,0.0,0.0,0.05116697048148955,0.0,0.3333333333333333,90,0.0,3828.97,0,0,0,hold,hold,,"No delta (current=0, target=0)"
AZTA,0.003708132204648156,0.08069601772844215,0.0,0.0,-0.2272555243667338,0.0,0.3333333333333333,90,0.0,29.38,0,0,0,hold,hold,,"No delta (current=0, target=0)"
AZZ,0.09441646280155491,0.1600643730246586,0.0,0.0,-0.10252726786775611,0.0,0.3333333333333333,90,0.0,99.0,0,0,0,hold,hold,,"No delta (current=0, target=0)"
B,0.31992117915198404,0.3905484250379663,0.0,0.0,0.10803944149403742,0.0,0.3333333333333333,90,0.014839554813355601,38.15,38,0,38,buy,pending_new,8568201c-2479-4be1-89e2-0337453caae4,"Composite=0.320, Alpha=0.391, ML=0.000, Tech=0.000, Sentiment=0.108, MLPred=0.000, Weight=0.015, Confidence=0.33, Factors=90"
BA,0.04842547115608303,0.10930167372141662,0.0,0.0,-0.1342031365399177,0.0,0.3333333333333333,90,0.0,190.25,0,0,0,hold,hold,,"No delta (current=0, target=0)"
BAC,0.12475533212080192,0.23288966011082038,0.0,0.0,-0.19964765184925343,0.0,0.3333333333333333,90,0.0,51.92,0,0,0,hold,hold,,"No delta (current=0, target=0)"
BAER,0.18353730181203404,0.25811400671129986,0.0,0.0,-0.04019281288576336,0.0,0.3333333333333333,90,0.0,1.85,0,0,0,hold,hold,,"No delta (current=0, target=0)"
BAH,-0.0018503463427427954,0.07432497137868974,0.0,0.0,-0.23037629950704036,0.0,0.3333333333333333,90,0.0,80.85,0,0,0,hold,hold,,"No delta (current=0, target=0)"
BALL,0.13723242992389315,0.1389369577378857,0.0,0.0,0.13211884648191544,0.0,0.3333333333333333,90,0.0,47.7,0,0,0,hold,hold,,"No delta (current=0, target=0)"
BALY,0.21050912161973617,0.30623245766784146,0.0,0.0,-0.07666088652457974,0.0,0.3333333333333333,89,0.0,16.985,0,0,0,hold,hold,,"No delta (current=0, target=0)"
BANC,0.09607480915949417,0.19274330861648487,0.0,0.0,-0.1939306892114779,0.0,0.3333333333333333,90,0.0,16.63,0,0,0,hold,hold,,"No delta (current=0, target=0)"
BAND,0.028940037189839885,0.08433666874043443,0.0,0.0,-0.13724985746194374,0.0,0.3333333333333333,90,0.0,14.08,0,0,0,hold,hold,,"No delta (current=0, target=0)"
BANF,-0.00349966551011835,0.059747720156482775,0.0,0.0,-0.1932418225099217,0.0,0.3333333333333333,89,0.0,107.77,0,0,0,hold,hold,,"No delta (current=0, target=0)"
BANR,0.018911612966057704,0.09045964691668244,0.0,0.0,-0.1957324888858165,0.0,0.3333333333333333,90,0.0,59.57,0,0,0,hold,hold,,"No delta (current=0, target=0)"
BATL,0.15837167945039277,0.21856842758908185,0.0,0.0,-0.022218564965674537,0.0,0.3333333333333333,89,0.0,1.12,0,0,0,hold,hold,,"No delta (current=0, target=0)"
BATRA,0.0907306684365362,0.1311959676215902,0.0,0.0,-0.03066522911862581,0.0,0.3333333333333333,89,0.0,42.12,0,0,0,hold,hold,,"No delta (current=0, target=0)"
BATRK,0.04002315868984946,0.09706077679976427,0.0,0.0,-0.13108969563989495,0.0,0.3333333333333333,90,0.0,38.03,0,0,0,hold,hold,,"No delta (current=0, target=0)"
BAX,0.050912664874409236,0.11745085772576466,0.0,0.0,-0.14870191367965704,0.0,0.3333333333333333,90,0.0,18.13,0,0,0,hold,hold,,"No delta (current=0, target=0)"
BBBY,-0.060442748324669414,0.09330054300998983,0.0,0.0,-0.5216726223286471,0.0,0.3333333333333333,90,0.0,5.96,0,0,0,hold,hold,,"No delta (current=0, target=0)"
BBCP,0.021890785463651394,0.11572758446580761,0.0,0.0,-0.2596196115428172,0.0,0.3333333333333333,90,0.0,5.88,0,0,0,hold,hold,,"No delta (current=0, target=0)"
BBDC,0.05569236863731488,0.12694303286779232,0.0,0.0,-0.1580596240541174,0.0,0.3333333333333333,90,0.0,8.655,0,0,0,hold,hold,,"No delta (current=0, target=0)"
BBIO,0.3190284509821075,0.42134752097551853,0.0,0.0,0.01207124100187448,0.0,0.3333333333333333,90,0.06617801465956022,66.43,98,0,98,buy,pending_new,eb6b8afa-3cf0-4e73-a982-317aa7d56b92,"Composite=0.319, Alpha=0.421, ML=0.000, Tech=0.000, Sentiment=0.012, MLPred=0.000, Weight=0.066, Confidence=0.33, Factors=90"
BBLG,0.005972241876170404,0.10019201145114176,0.0,0.0,-0.2766870668487436,0.0,0.3333333333333333,89,0.0,1.66,0,0,0,hold,hold,,"No delta (current=0, target=0)"
BBN,0.2074422831652595,0.29398538432936344,0.0,0.0,-0.052187020327052226,0.0,0.3333333333333333,90,0.0,17.05,0,0,0,hold,hold,,"No delta (current=0, target=0)"
BBOT,0.3174783512324258,0.34593820446172274,0.0,0.0,0.232098791544535,0.0,0.3333333333333333,90,0.0,13.29,0,0,0,hold,hold,,"No delta (current=0, target=0)"
BBSI,0.14898248184784285,0.1496985182005652,0.0,0.0,0.14683437278967576,0.0,0.3333333333333333,90,0.0,35.85,0,0,0,hold,hold,,"No delta (current=0, target=0)"
BBT,0.09895334869248236,0.21954877574751383,0.0,0.0,-0.26283293247261197,0.0,0.3333333333333333,90,0.0,24.52,0,0,0,hold,hold,,"No delta (current=0, target=0)"
BBW,0.049624082508165426,0.0836472017157356,0.0,0.0,-0.05244527511454509,0.0,0.3333333333333333,90,0.0,49.01,0,0,0,hold,hold,,"No delta (current=0, target=0)"
BBWI,-0.050661715893725576,0.01900433046664947,0.0,0.0,-0.25965985497485067,0.0,0.3333333333333333,90,0.0,21.2,0,0,0,hold,hold,,"No delta (current=0, target=0)"
BBY,0.015651608875947274,0.08575333928532147,0.0,0.0,-0.19465358235217528,0.0,0.3333333333333333,90,0.0,74.66,0,0,0,hold,hold,,"No delta (current=0, target=0)"
BC,0.028764831400282343,0.12909482248809104,0.0,0.0,-0.27222514186314367,0.0,0.3333333333333333,90,0.0,61.7,0,0,0,hold,hold,,"No delta (current=0, target=0)"
BCAB,0.6024296076171345,0.47014922346086024,0.0,0.0,0.9992707600859569,0.0,0.3333333333333333,90,0.0,1.19,0,0,0,hold,hold,,"No delta (current=0, target=0)"
BCAL,0.18115235335254043,0.2940065962495096,0.0,0.0,-0.157410375338367,0.0,0.3333333333333333,90,0.0,18.3,0,0,0,hold,hold,,"No delta (current=0, target=0)"
BCAT,0.04147609707161277,0.13174085073666558,0.0,0.0,-0.22931816392354565,0.0,0.3333333333333333,90,0.0,13.985,0,0,0,hold,hold,,"No delta (current=0, target=0)"
BCAX,0.21526629720938825,0.23947467176769996,0.0,0.0,0.14264117353445321,0.0,0.3333333333333333,90,0.0,15.4,0,0,0,hold,hold,,"No delta (current=0, target=0)"
BCBP,0.0950714700863347,0.15056187803781967,0.0,0.0,-0.07139975376812027,0.0,0.3333333333333333,90,0.0,7.58,0,0,0,hold,hold,,"No delta (current=0, target=0)"
BCC,-0.04935742762343713,0.02051062045985568,0.0,0.0,-0.25896157187331553,0.0,0.3333333333333333,90,0.0,66.47,0,0,0,hold,hold,,"No delta (current=0, target=0)"
BCDA,-0.020268513977100906,0.05431466604216028,0.0,0.0,-0.2440180540348844,0.0,0.3333333333333333,89,0.0,1.24,0,0,0,hold,hold,,"No delta (current=0, target=0)"
BCG,0.6087601496431613,0.4805596855584017,0.0,0.0,0.9933615418974395,0.0,0.3333333333333333,89,0.0,2.34,0,0,0,hold,hold,,"No delta (current=0, target=0)"
BCIC,0.18276198588254033,0.3165744081199217,0.0,0.0,-0.21867528082960372,0.0,0.3333333333333333,90,0.0,12.575,0,0,0,hold,hold,,"No delta (current=0, target=0)"
BCO,0.051294668916518855,0.13954170294540116,0.0,0.0,-0.213446433170128,0.0,0.3333333333333333,90,0.0,108.78,0,0,0,hold,hold,,"No delta (current=0, target=0)"
BCPC,0.13180806210112755,0.20923752790347477,0.0,0.0,-0.10048033530591416,0.0,0.3333333333333333,90,0.0,154.04,0,0,0,hold,hold,,"No delta (current=0, target=0)"
BCRX,0.08237350336282621,0.14105477465032834,0.0,0.0,-0.09367031049968014,0.0,0.3333333333333333,90,0.0,7.05,0,0,0,hold,hold,,"No delta (current=0, target=0)"
BCSF,0.04000334041591051,0.09174667963491401,0.0,0.0,-0.11522667724109995,0.0,0.3333333333333333,90,0.0,13.715,0,0,0,hold,hold,,"No delta (current=0, target=0)"
BCV,0.040133854766055986,0.15375523196950186,0.0,0.0,-0.3007302768442816,0.0,0.3333333333333333,88,0.0,21.535,0,0,0,hold,hold,,"No delta (current=0, target=0)"
BCX,0.14479140580819513,0.2538558051979208,0.0,0.0,-0.18240179236098175,0.0,0.3333333333333333,90,0.0,9.92,0,0,0,hold,hold,,"No delta (current=0, target=0)"
BDC,-0.014378411099411488,0.0775934427883607,0.0,0.0,-0.290293972762728,0.0,0.3333333333333333,90,0.0,109.0,0,0,0,hold,hold,,"No delta (current=0, target=0)"
BDJ,0.0529210123257985,0.12052077929964275,0.0,0.0,-0.14987828859573424,0.0,0.3333333333333333,90,0.0,8.83,0,0,0,hold,hold,,"No delta (current=0, target=0)"
BDN,0.0835990167338782,0.1519154348107907,0.0,0.0,-0.12135023749685926,0.0,0.3333333333333333,90,0.0,3.4,0,0,0,hold,hold,,"No delta (current=0, target=0)"
BDSX,0.151108146617336,0.3622475089691582,0.0,0.0,-0.48230994043813064,0.0,0.3333333333333333,88,0.0,7.23,0,0,0,hold,hold,,"No delta (current=0, target=0)"
BDTX,0.06679170386868934,0.3283867169777066,0.0,0.0,-0.7179933354583624,0.0,0.3333333333333333,90,0.0,3.99,0,0,0,hold,hold,,"No delta (current=0, target=0)"
BDX,0.23656897113988345,0.3118693653618904,0.0,0.0,0.010667788473862615,0.0,0.3333333333333333,90,0.0,192.57,0,0,0,hold,hold,,"No delta (current=0, target=0)"
BE,0.076271222733948,0.30639323854939593,0.0,0.0,-0.6140948247123957,0.0,0.3333333333333333,90,0.0,108.63,0,0,0,hold,hold,,"No delta (current=0, target=0)"
BEAM,0.10361819409782212,0.11079698493768883,0.0,0.0,0.08208182157822198,0.0,0.3333333333333333,90,0.0,22.24,0,0,0,hold,hold,,"No delta (current=0, target=0)"
BEAT,0.16534075098495007,0.24039059207971025,0.0,0.0,-0.05980877229933049,0.0,0.3333333333333333,89,0.0,1.65,0,0,0,hold,hold,,"No delta (current=0, target=0)"
BEEM,0.061096155802389945,0.0769573107420893,0.0,0.0,0.013512690983291917,0.0,0.3333333333333333,90,0.0,1.855,0,0,0,hold,hold,,"No delta (current=0, target=0)"
BELFB,0.06834225439536698,0.19486417477262505,0.0,0.0,-0.31122350673640714,0.0,0.3333333333333333,90,0.0,144.02,0,0,0,hold,hold,,"No delta (current=0, target=0)"
BEN,0.003765382685799582,0.11240747988241082,0.0,0.0,-0.3221609089040341,0.0,0.3333333333333333,90,0.0,21.51,0,0,0,hold,hold,,"No delta (current=0, target=0)"
BENF,0.12363967612970302,0.21996153507971664,0.0,0.0,-0.16532590072033784,0.0,0.3333333333333333,89,0.0,0.5069,0,0,0,hold,hold,,"No delta (current=0, target=0)"
BEPC,0.26883122984919094,0.3335179696964688,0.0,0.0,0.07477101030735736,0.0,0.3333333333333333,90,0.0,42.68,0,0,0,hold,hold,,"No delta (current=0, target=0)"
BFAM,0.12453846312248368,0.18519685546427145,0.0,0.0,-0.057436713902879584,0.0,0.3333333333333333,90,0.0,98.85,0,0,0,hold,hold,,"No delta (current=0, target=0)"
BFC,0.010834720656596174,0.066903096741088,0.0,0.0,-0.15737040759687929,0.0,0.3333333333333333,88,0.0,121.88,0,0,0,hold,hold,,"No delta (current=0, target=0)"
BFH,0.07104386940812352,0.1827101237365174,0.0,0.0,-0.2639548935770581,0.0,0.3333333333333333,90,0.0,60.53,0,0,0,hold,hold,,"No delta (current=0, target=0)"
BFIN,0.050712162373769236,0.10673641994318017,0.0,0.0,-0.11736061033446353,0.0,0.3333333333333333,89,0.0,11.18,0,0,0,hold,hold,,"No delta (current=0, target=0)"
BFK,0.08237442553556308,0.1328525197168056,0.0,0.0,-0.06905985700816443,0.0,0.3333333333333333,90,0.0,9.98,0,0,0,hold,hold,,"No delta (current=0, target=0)"
BFLY,0.035791286295320975,0.1950282283694261,0.0,0.0,-0.4419195399269943,0.0,0.3333333333333333,90,0.0,2.05,0,0,0,hold,hold,,"No delta (current=0, target=0)"
BFRI,-0.0746440095052928,0.16517959679799593,0.0,0.0,-0.7941148284151589,0.0,0.3333333333333333,88,0.0,0.76,0,0,0,hold,hold,,"No delta (current=0, target=0)"
BFS,0.10573494141955136,0.11855204352911455,0.0,0.0,0.06728363509086177,0.0,0.3333333333333333,90,0.0,30.08,0,0,0,hold,hold,,"No delta (current=0, target=0)"
BFST,0.15072860614619768,0.2444597593462601,0.0,0.0,-0.13046485345398964,0.0,0.3333333333333333,90,0.0,24.49,0,0,0,hold,hold,,"No delta (current=0, target=0)"
BFZ,0.07522904108306035,0.11395894672515774,0.0,0.0,-0.04096067584323188,0.0,0.3333333333333333,89,0.0,10.89,0,0,0,hold,hold,,"No delta (current=0, target=0)"
BG,0.19941719953731898,0.26865865994795857,0.0,0.0,-0.008307181694599708,0.0,0.3333333333333333,90,0.0,96.14,0,0,0,hold,hold,,"No delta (current=0, target=0)"
BGB,0.08819022801639956,0.1351293942606897,0.0,0.0,-0.0526272707164709,0.0,0.3333333333333333,90,0.0,11.74,0,0,0,hold,hold,,"No delta (current=0, target=0)"
BGC,0.009765306954902743,0.08891142171789773,0.0,0.0,-0.22767303733408217,0.0,0.3333333333333333,90,0.0,8.745,0,0,0,hold,hold,,"No delta (current=0, target=0)"
BGH,0.05911905347927242,0.08488734645861712,0.0,0.0,-0.018185825458761663,0.0,0.3333333333333333,89,0.0,15.065,0,0,0,hold,hold,,"No delta (current=0, target=0)"
BGMS,0.06213516912182073,0.12504354159029368,0.0,0.0,-0.1265899482835981,0.0,0.3333333333333333,89,0.0,1.34,0,0,0,hold,hold,,"No delta (current=0, target=0)"
BGR,0.17724725938779953,0.26920791682374584,0.0,0.0,-0.09863471292003936,0.0,0.3333333333333333,90,0.0,13.62,0,0,0,hold,hold,,"No delta (current=0, target=0)"
BGS,0.1567318103678546,0.2462919099473126,0.0,0.0,-0.11194848837051939,0.0,0.3333333333333333,90,0.0,4.565,0,0,0,hold,hold,,"No delta (current=0, target=0)"
BGSF,0.12912391846536178,0.1512546955182768,0.0,0.0,0.06273158730661663,0.0,0.3333333333333333,89,0.0,4.03,0,0,0,hold,hold,,"No delta (current=0, target=0)"
BGT,0.023274252314257386,0.06971734305970638,0.0,0.0,-0.11605501992208957,0.0,0.3333333333333333,90,0.0,11.31,0,0,0,hold,hold,,"No delta (current=0, target=0)"
BGX,0.056311576907504636,0.08912662157179305,0.0,0.0,-0.04213355708536059,0.0,0.3333333333333333,89,0.0,11.76,0,0,0,hold,hold,,"No delta (current=0, target=0)"
BGY,0.07766512281195008,0.15748543639577248,0.0,0.0,-0.16179581793951708,0.0,0.3333333333333333,90,0.0,5.63,0,0,0,hold,hold,,"No delta (current=0, target=0)"
BH,0.14471393571956673,0.2196042995961782,0.0,0.0,-0.07995715591026765,0.0,0.3333333333333333,90,0.0,307.0,0,0,0,hold,hold,,"No delta (current=0, target=0)"
BHB,0.0570301560801054,0.12602968048595775,0.0,0.0,-0.14996841713745163,0.0,0.3333333333333333,89,0.0,28.88,0,0,0,hold,hold,,"No delta (current=0, target=0)"
BHE,0.13440999374231347,0.27581931386512437,0.0,0.0,-0.2898179666261193,0.0,0.3333333333333333,90,0.0,42.625,0,0,0,hold,hold,,"No delta (current=0, target=0)"
BHF,0.33163359216558713,0.44255797534020963,0.0,0.0,-0.0011395573582804902,0.0,0.3333333333333333,90,0.0,65.8,0,0,0,hold,hold,,"No delta (current=0, target=0)"
BHFAN,0.14721458663178508,0.22366937522569139,0.0,0.0,-0.08214977914993386,0.0,0.3333333333333333,89,0.0,13.14,0,0,0,hold,hold,,"No delta (current=0, target=0)"
BHFAO,0.13646391246606018,0.22824676721215525,0.0,0.0,-0.13888465177222512,0.0,0.3333333333333333,89,0.0,16.515,0,0,0,hold,hold,,"No delta (current=0, target=0)"
BHFAP,0.14271926338018998,0.232680951721622,0.0,0.0,-0.12716580164410615,0.0,0.3333333333333333,89,0.0,16.195,0,0,0,hold,hold,,"No delta (current=0, target=0)"
BHK,0.05496719851025351,0.11417159959717489,0.0,0.0,-0.12264600475051061,0.0,0.3333333333333333,90,0.0,9.495,0,0,0,hold,hold,,"No delta (current=0, target=0)"
BHR,0.09413276272636056,0.1995993872930663,0.0,0.0,-0.22226711097375668,0.0,0.3333333333333333,90,0.0,2.64,0,0,0,hold,hold,,"No delta (current=0, target=0)"
BHRB,0.07786945208985675,0.17784753740206669,0.0,0.0,-0.2220648038467731,0.0,0.3333333333333333,89,0.0,60.04,0,0,0,hold,hold,,"No delta (current=0, target=0)"
BHV,0.23325471022866953,0.2857121237257657,0.0,0.0,0.075882469737381,0.0,0.3333333333333333,82,0.0,11.35,0,0,0,hold,hold,,"No delta (current=0, target=0)"
BHVN,0.2844959953372053,0.11732639788455593,0.0,0.0,0.7860047876951533,0.0,0.3333333333333333,90,0.0,9.655,0,0,0,hold,hold,,"No delta (current=0, target=0)"
BIIB,0.3555981425606368,0.39672951026306497,0.0,0.0,0.23220403945335244,0.0,0.3333333333333333,90,0.0,169.15,0,0,0,hold,hold,,"No delta (current=0, target=0)"
BILL,0.0381621236562743,0.15163115744177022,0.0,0.0,-0.3022449777002134,0.0,0.3333333333333333,90,0.0,48.685,0,0,0,hold,hold,,"No delta (current=0, target=0)"
BIO,0.09795138466054554,0.21611040168891574,0.0,0.0,-0.25652566642456504,0.0,0.3333333333333333,90,0.0,310.02,0,0,0,hold,hold,,"No delta (current=0, target=0)"
BIOA,0.3362768282217936,0.39271529200832966,0.0,0.0,0.1669614368621854,0.0,0.3333333333333333,90,0.0,8.28,0,0,0,hold,hold,,"No delta (current=0, target=0)"
BIPC,0.17520485654298637,0.24824584747487136,0.0,0.0,-0.04391811625266862,0.0,0.3333333333333333,90,0.0,45.11,0,0,0,hold,hold,,"No delta (current=0, target=0)"
BIRD,-0.1043948082654295,0.11950892471675358,0.0,0.0,-0.7761060072119786,0.0,0.3333333333333333,89,0.0,4.69,0,0,0,hold,hold,,"No delta (current=0, target=0)"
BIT,0.004231464010313408,0.05048130151381836,0.0,0.0,-0.13451804850020144,0.0,0.3333333333333333,90,0.0,12.94,0,0,0,hold,hold,,"No delta (current=0, target=0)"
BIVI,-0.1183234743587576,0.0113152709332532,0.0,0.0,-0.50723971023479,0.0,0.3333333333333333,89,0.0,1.43,0,0,0,hold,hold,,"No delta (current=0, target=0)"
BJ,0.09018110495951628,0.151128899274552,0.0,0.0,-0.09266227798559085,0.0,0.3333333333333333,90,0.0,91.88,0,0,0,hold,hold,,"No delta (current=0, target=0)"
BJDX,-0.1269766745809712,0.07201763758601162,0.0,0.0,-0.7239596110819195,0.0,0.3333333333333333,88,0.0,1.36,0,0,0,hold,hold,,"No delta (current=0, target=0)"
BJRI,0.23933730530092748,0.37873641356927346,0.0,0.0,-0.1788600195041103,0.0,0.3333333333333333,90,0.0,35.45,0,0,0,hold,hold,,"No delta (current=0, target=0)"
BK,0.15940852998850277,0.28323698672473474,0.0,0.0,-0.21207684022019316,0.0,0.3333333333333333,90,0.0,107.76,0,0,0,hold,hold,,"No delta (current=0, target=0)"
BKD,0.3009436067383655,0.3774890284285064,0.0,0.0,0.07130734166794292,0.0,0.3333333333333333,90,0.0,10.65,0,0,0,hold,hold,,"No delta (current=0, target=0)"
BKE,0.12674533347666941,0.18801648788895708,0.0,0.0,-0.057068129760193625,0.0,0.3333333333333333,90,0.0,55.805,0,0,0,hold,hold,,"No delta (current=0, target=0)"
BKH,0.26865075480360356,0.40613871543164776,0.0,0.0,-0.14381312708052893,0.0,0.3333333333333333,90,0.0,70.07,0,0,0,hold,hold,,"No delta (current=0, target=0)"
BKKT,-0.08460541372944931,0.12528044381891792,0.0,0.0,-0.7142629863745509,0.0,0.3333333333333333,90,0.0,17.73,0,0,0,hold,hold,,"No delta (current=0, target=0)"
BKN,0.06119189335964546,0.10506583661382916,0.0,0.0,-0.0704299364029056,0.0,0.3333333333333333,89,0.0,11.18,0,0,0,hold,hold,,"No delta (current=0, target=0)"
BKNG,0.009136485520284775,0.1297934960880747,0.0,0.0,-0.3528345461830849,0.0,0.3333333333333333,90,0.0,4797.735,0,0,0,hold,hold,,"No delta (current=0, target=0)"
BKR,0.25405667443924834,0.30936972645983607,0.0,0.0,0.08811751837748515,0.0,0.3333333333333333,90,0.0,48.38,0,0,0,hold,hold,,"No delta (current=0, target=0)"
BKT,0.05250230077926174,0.10263630312825703,0.0,0.0,-0.09789970626772412,0.0,0.3333333333333333,90,0.0,10.98,0,0,0,hold,hold,,"No delta (current=0, target=0)"
BKTI,0.07096063558709181,0.17723754972145497,0.0,0.0,-0.2478701068159977,0.0,0.3333333333333333,89,0.0,67.225,0,64,-64,sell,pending_new,96b60007-0f70-47d4-8c32-8c6d7e714fe8,Rebalance: reducing from 64 to 0
BKU,0.14598575838869912,0.23444692242028742,0.0,0.0,-0.1193977337060658,0.0,0.3333333333333333,90,0.0,39.05,0,0,0,hold,hold,,"No delta (current=0, target=0)"
BKYI,0.3338684974863773,0.36576814528020624,0.0,0.0,0.23816955410489057,0.0,0.3333333333333333,89,0.009779706608801737,0.9802,988,0,988,buy,pending_new,1000ef84-d617-4456-b2e6-53b205af98ad,"Composite=0.334, Alpha=0.366, ML=0.000, Tech=0.000, Sentiment=0.238, MLPred=0.000, Weight=0.010, Confidence=0.33, Factors=89"
BL,0.1791763727197648,0.29157866163401086,0.0,0.0,-0.15803049402297328,0.0,0.3333333333333333,90,0.0,54.37,0,0,0,hold,hold,,"No delta (current=0, target=0)"
BLBD,0.06721930736521087,0.11684768959672422,0.0,0.0,-0.08166583932932918,0.0,0.3333333333333333,90,0.0,50.775,0,0,0,hold,hold,,"No delta (current=0, target=0)"
BLBX,0.04507253296843743,0.15563939216679135,0.0,0.0,-0.2866280446266243,0.0,0.3333333333333333,89,0.0,7.18,0,0,0,hold,hold,,"No delta (current=0, target=0)"
BLD,0.031435375760718705,0.14888076046602078,0.0,0.0,-0.3209007783551875,0.0,0.3333333333333333,90,0.0,410.4,0,0,0,hold,hold,,"No delta (current=0, target=0)"
BLDR,-0.009041673491481219,0.09215274389633527,0.0,0.0,-0.3126249256549306,0.0,0.3333333333333333,90,0.0,99.545,0,0,0,hold,hold,,"No delta (current=0, target=0)"
BLE,0.07694406388505523,0.12461415108982367,0.0,0.0,-0.06606619772925008,0.0,0.3333333333333333,90,0.0,10.44,0,0,0,hold,hold,,"No delta (current=0, target=0)"
BLFS,0.02046724636968678,0.12372313692488693,0.0,0.0,-0.28930042529591365,0.0,0.3333333333333333,90,0.0,24.395,0,0,0,hold,hold,,"No delta (current=0, target=0)"
BLFY,0.002588187685392721,0.0757247032618572,0.0,0.0,-0.2168213590440007,0.0,0.3333333333333333,89,0.0,7.81,0,0,0,hold,hold,,"No delta (current=0, target=0)"
BLK,-0.03112460789667938,0.06570101844727626,0.0,0.0,-0.32160148692854623,0.0,0.3333333333333333,90,0.0,1021.465,0,0,0,hold,hold,,"No delta (current=0, target=0)"
BLKB,0.035591203708334365,0.10887787837350565,0.0,0.0,-0.18426882028717947,0.0,0.3333333333333333,90,0.0,57.33,0,0,0,hold,hold,,"No delta (current=0, target=0)"
BLMN,0.05561356650714789,0.11247239483574542,0.0,0.0,-0.11496291847864469,0.0,0.3333333333333333,90,0.0,6.345,0,0,0,hold,hold,,"No delta (current=0, target=0)"
BLNE,0.014187279707310542,0.11797124127399046,0.0,0.0,-0.2971646049927292,0.0,0.3333333333333333,90,0.0,1.685,0,0,0,hold,hold,,"No delta (current=0, target=0)"
BLNK,0.004555630118086088,0.14952181181836208,0.0,0.0,-0.4303429149827418,0.0,0.3333333333333333,90,0.0,1.43,0,0,0,hold,hold,,"No delta (current=0, target=0)"
BLTE,0.43075089074722955,0.45708876694581574,0.0,0.0,0.35173726215147083,0.0,0.3333333333333333,89,0.0,120.81,0,0,0,hold,hold,,"No delta (current=0, target=0)"
BLW,0.052719765083094165,0.09759314171667528,0.0,0.0,-0.08190036481764919,0.0,0.3333333333333333,89,0.0,13.78,0,0,0,hold,hold,,"No delta (current=0, target=0)"
BLZE,-0.12247772191943214,0.061085675488225376,0.0,0.0,-0.6731679141424046,0.0,0.3333333333333333,90,0.0,4.56,0,0,0,hold,hold,,"No delta (current=0, target=0)"
BMBL,-0.03479487989045095,0.07952445413924979,0.0,0.0,-0.3777528819795531,0.0,0.3333333333333333,90,0.0,3.59,0,0,0,hold,hold,,"No delta (current=0, target=0)"
BMEA,-0.12327001911124198,0.03954947627633237,0.0,0.0,-0.6117285052739649,0.0,0.3333333333333333,90,0.0,1.175,0,0,0,hold,hold,,"No delta (current=0, target=0)"
BMEZ,0.08401675363856793,0.15708865195537916,0.0,0.0,-0.1351989413118657,0.0,0.3333333333333333,90,0.0,14.66,0,0,0,hold,hold,,"No delta (current=0, target=0)"
BMI,-0.017669800092173702,0.10356365913817264,0.0,0.0,-0.3813701777832127,0.0,0.3333333333333333,90,0.0,170.98,0,0,0,hold,hold,,"No delta (current=0, target=0)"
BMRA,-0.0479606477710099,0.12458496810505176,0.0,0.0,-0.5655974953991948,0.0,0.3333333333333333,89,0.0,2.21,0,0,0,hold,hold,,"No delta (current=0, target=0)"
BMRC,0.15590384806283206,0.2549008200123987,0.0,0.0,-0.1410870677858679,0.0,0.3333333333333333,89,0.0,25.31,0,0,0,hold,hold,,"No delta (current=0, target=0)"
BMRN,0.1521521662582193,0.2405151643505026,0.0,0.0,-0.1129368280186306,0.0,0.3333333333333333,90,0.0,54.07,0,0,0,hold,hold,,"No delta (current=0, target=0)"
BMY,0.19879372753247213,0.32909931433532846,0.0,0.0,-0.19212303287609683,0.0,0.3333333333333333,90,0.0,47.18,0,0,0,hold,hold,,"No delta (current=0, target=0)"
BNAI,0.077589834631251,0.204845658409243,0.0,0.0,-0.3041776367027249,0.0,0.3333333333333333,89,0.0,0.3804,0,0,0,hold,hold,,"No delta (current=0, target=0)"
BNBX,-0.08162135941389431,0.13833775229545928,0.0,0.0,-0.7414986945419549,0.0,0.3333333333333333,89,0.0,2.715,0,0,0,hold,hold,,"No delta (current=0, target=0)"
BNED,-0.09462959637605124,0.014742558323009523,0.0,0.0,-0.4227460604732335,0.0,0.3333333333333333,90,0.0,7.06,0,0,0,hold,hold,,"No delta (current=0, target=0)"
BNGO,0.01181375265717191,0.05720267080009466,0.0,0.0,-0.12435300177159632,0.0,0.3333333333333333,90,0.0,1.56,0,0,0,hold,hold,,"No delta (current=0, target=0)"
BNKK,-0.16218193212572274,0.07092547038520904,0.0,0.0,-0.8615041396585179,0.0,0.3333333333333333,90,0.0,0.1393,0,0,0,hold,hold,,"No delta (current=0, target=0)"
BNL,0.1457826510839688,0.18793911096115545,0.0,0.0,0.01931327145240876,0.0,0.3333333333333333,90,0.0,18.19,0,0,0,hold,hold,,"No delta (current=0, target=0)"
BNTC,0.17229752302981868,0.18644350530534795,0.0,0.0,0.12985957620323083,0.0,0.3333333333333333,88,0.0,13.75,0,0,0,hold,hold,,"No delta (current=0, target=0)"
BNY,0.11043031096537644,0.16026733792182252,0.0,0.0,-0.039080769903961816,0.0,0.3333333333333333,89,0.0,10.15,0,0,0,hold,hold,,"No delta (current=0, target=0)"
BNZI,-0.058474689273920015,0.08377681676097416,0.0,0.0,-0.4852292073786025,0.0,0.3333333333333333,90,0.0,1.35,0,0,0,hold,hold,,"No delta (current=0, target=0)"
BOC,0.13907260289307102,0.1527116017073584,0.0,0.0,0.0981556064502089,0.0,0.3333333333333333,90,0.0,12.685,0,0,0,hold,hold,,"No delta (current=0, target=0)"
BODI,0.6140262736695623,0.4995037211197667,0.0,0.0,0.9575939313189488,0.0,0.3333333333333333,87,0.017299481015569534,7.995,214,1204,-990,sell,pending_new,fb7319fa-d3af-488d-977c-be33dbc9ffd4,Rebalance: reducing from 1204 to 214
BOE,0.025869070763802873,0.09438830068176414,0.0,0.0,-0.1796886189900809,0.0,0.3333333333333333,90,0.0,11.14,0,0,0,hold,hold,,"No delta (current=0, target=0)"
BOH,0.08591915190523311,0.19112248515054542,0.0,0.0,-0.22969084783070376,0.0,0.3333333333333333,90,0.0,63.28,0,0,0,hold,hold,,"No delta (current=0, target=0)"
BOKF,0.07078802218282733,0.14913016276363475,0.0,0.0,-0.1642383995595949,0.0,0.3333333333333333,90,0.0,105.15,0,0,0,hold,hold,,"No delta (current=0, target=0)"
BOLT,0.11622735737951768,0.16917584072123648,0.0,0.0,-0.04261809264563868,0.0,0.3333333333333333,86,0.0,4.65,0,0,0,hold,hold,,"No delta (current=0, target=0)"
BOOM,-0.05325626788774527,0.10898643420734842,0.0,0.0,-0.5399843741730262,0.0,0.3333333333333333,90,0.0,5.53,0,0,0,hold,hold,,"No delta (current=0, target=0)"
BOOT,0.052707247371079194,0.14441955239531354,0.0,0.0,-0.22242966770162378,0.0,0.3333333333333333,90,0.0,170.62,0,0,0,hold,hold,,"No delta (current=0, target=0)"
BOX,0.020492471007989514,0.14736620051658525,0.0,0.0,-0.3601287175177976,0.0,0.3333333333333333,90,0.0,29.55,0,0,0,hold,hold,,"No delta (current=0, target=0)"
BOXL,-0.121085569584137,0.07936546916283321,0.0,0.0,-0.7224386858250476,0.0,0.3333333333333333,89,0.0,0.8992,0,0,0,hold,hold,,"No delta (current=0, target=0)"
BPOP,0.0958433289738823,0.17635333644347753,0.0,0.0,-0.14568669343490337,0.0,0.3333333333333333,90,0.0,113.12,0,0,0,hold,hold,,"No delta (current=0, target=0)"
BR,0.15814683011528238,0.19665855288698636,0.0,0.0,0.04261166180017037,0.0,0.3333333333333333,90,0.0,225.3,0,0,0,hold,hold,,"No delta (current=0, target=0)"
BRBR,0.0037939371293881784,0.11240977801666019,0.0,0.0,-0.3220535855324278,0.0,0.3333333333333333,90,0.0,25.78,0,0,0,hold,hold,,"No delta (current=0, target=0)"
BRBS,0.0628296309461664,0.18249113981787438,0.0,0.0,-0.2961548956689575,0.0,0.3333333333333333,90,0.0,4.075,0,0,0,hold,hold,,"No delta (current=0, target=0)"
BRC,0.07694225515960396,0.13170118657495983,0.0,0.0,-0.08733453908646367,0.0,0.3333333333333333,90,0.0,74.62,0,0,0,hold,hold,,"No delta (current=0, target=0)"
BRKR,0.2173726504765086,0.28688806214257156,0.0,0.0,0.008826415478319721,0.0,0.3333333333333333,90,0.0,42.56,0,0,0,hold,hold,,"No delta (current=0, target=0)"
BRLT,-0.03954821908337482,0.1031143864771478,0.0,0.0,-0.4675360357649426,0.0,0.3333333333333333,89,0.0,1.95,0,0,0,hold,hold,,"No delta (current=0, target=0)"
BRO,0.11277502848696698,0.14901600655807926,0.0,0.0,0.0040520942736301776,0.0,0.3333333333333333,90,0.0,80.27,0,0,0,hold,hold,,"No delta (current=0, target=0)"
BRT,0.08907217419418452,0.130864115961071,0.0,0.0,-0.03630365110647492,0.0,0.3333333333333333,89,0.0,14.35,0,0,0,hold,hold,,"No delta (current=0, target=0)"
BRW,0.011772310336429967,0.03877547119016642,0.0,0.0,-0.06923717222477939,0.0,0.3333333333333333,89,0.0,7.11,0,0,0,hold,hold,,"No delta (current=0, target=0)"
BRX,0.08025895952792524,0.13389578323971477,0.0,0.0,-0.08065151160744334,0.0,0.3333333333333333,90,0.0,26.17,0,0,0,hold,hold,,"No delta (current=0, target=0)"
BRY,0.11376357861245591,0.1663380780746174,0.0,0.0,-0.04395991977402852,0.0,0.3333333333333333,90,0.0,3.38,0,0,0,hold,hold,,"No delta (current=0, target=0)"
BRZE,0.028607362238095475,0.15738550040664107,0.0,0.0,-0.35772705226754126,0.0,0.3333333333333333,90,0.0,27.19,0,0,0,hold,hold,,"No delta (current=0, target=0)"
BSET,0.047380262783677726,0.07061292441867911,0.0,0.0,-0.022317722121326433,0.0,0.3333333333333333,87,0.0,14.495,0,0,0,hold,hold,,"No delta (current=0, target=0)"
BSL,0.06494868776273893,0.09140792133320319,0.0,0.0,-0.014429012948653862,0.0,0.3333333333333333,90,0.0,13.82,0,0,0,hold,hold,,"No delta (current=0, target=0)"
BSLK,-0.19001905930508498,0.043550593123618135,0.0,0.0,-0.8907280165911942,0.0,0.3333333333333333,90,0.0,1.63,0,0,0,hold,hold,,"No delta (current=0, target=0)"
BSM,0.17795834783205255,0.24817507523148888,0.0,0.0,-0.032691834366256396,0.0,0.3333333333333333,90,0.0,13.67,0,0,0,hold,hold,,"No delta (current=0, target=0)"
BSRR,0.12139164441242176,0.21608731312862364,0.0,0.0,-0.16269536173618387,0.0,0.3333333333333333,89,0.0,28.87,0,0,0,hold,hold,,"No delta (current=0, target=0)"
BST,0.001298989078851204,0.0888479222229653,0.0,0.0,-0.26134781035349103,0.0,0.3333333333333333,90,0.0,39.09,0,0,0,hold,hold,,"No delta (current=0, target=0)"
BSTZ,0.03670388343965888,0.1579506629576586,0.0,0.0,-0.32703645511434026,0.0,0.3333333333333333,90,0.0,21.14,0,0,0,hold,hold,,"No delta (current=0, target=0)"
BSVN,0.059372550337952905,0.08523953822304961,0.0,0.0,-0.01822841331733722,0.0,0.3333333333333333,87,0.0,40.99,0,0,0,hold,hold,,"No delta (current=0, target=0)"
BSY,-0.05861767440106942,0.022159348934597433,0.0,0.0,-0.30094874440806996,0.0,0.3333333333333333,90,0.0,41.6,0,0,0,hold,hold,,"No delta (current=0, target=0)"
BTAI,0.15788768270705056,0.09782859745547555,0.0,0.0,0.33806493846177554,0.0,0.3333333333333333,90,0.0,1.825,0,0,0,hold,hold,,"No delta (current=0, target=0)"
BTBT,-0.06406267380466844,0.11745376645687905,0.0,0.0,-0.6086119945893108,0.0,0.3333333333333333,90,0.0,2.43,0,0,0,hold,hold,,"No delta (current=0, target=0)"
BTCS,0.13706237536745702,0.182749833823276,0.0,0.0,0.0,0.0,0.3333333333333333,90,0.0,2.975,0,0,0,hold,hold,,"No delta (current=0, target=0)"
BTM,-0.14733584978706557,0.08561213555619876,0.0,0.0,-0.8461798058168585,0.0,0.3333333333333333,90,0.0,1.89,0,0,0,hold,hold,,"No delta (current=0, target=0)"
BTMD,0.04513747199957572,0.1436006881460348,0.0,0.0,-0.25025217643980147,0.0,0.3333333333333333,90,0.0,2.505,0,0,0,hold,hold,,"No delta (current=0, target=0)"
BTOC,-0.08149178977055065,0.07425464405806737,0.0,0.0,-0.5487310912564046,0.0,0.3333333333333333,89,0.0,0.5261,0,0,0,hold,hold,,"No delta (current=0, target=0)"
BTOG,-0.09163686490376956,0.07265535785797632,0.0,0.0,-0.5845135331890071,0.0,0.3333333333333333,90,0.0,0.264,0,0,0,hold,hold,,"No delta (current=0, target=0)"
BTSG,0.10971230329969467,0.2345344844773192,0.0,0.0,-0.2647542402331789,0.0,0.3333333333333333,90,0.0,31.82,0,0,0,hold,hold,,"No delta (current=0, target=0)"
BTT,0.09825525994113121,0.14982147310217464,0.0,0.0,-0.05644337954199907,0.0,0.3333333333333333,90,0.0,22.31,0,0,0,hold,hold,,"No delta (current=0, target=0)"
BTU,0.09547383461718408,0.2204097239896554,0.0,0.0,-0.2793338335002298,0.0,0.3333333333333333,90,0.0,28.66,0,0,0,hold,hold,,"No delta (current=0, target=0)"
BTX,0.0031398395358731017,0.13808953987745012,0.0,0.0,-0.4017092614888579,0.0,0.3333333333333333,90,0.0,6.34,0,0,0,hold,hold,,"No delta (current=0, target=0)"
BTZ,0.05493823413240453,0.10551937802800124,0.0,0.0,-0.09680519755438559,0.0,0.3333333333333333,90,0.0,10.855,0,0,0,hold,hold,,"No delta (current=0, target=0)"
BUI,0.0686795957467486,0.10482839969106161,0.0,0.0,-0.039766816086190426,0.0,0.3333333333333333,89,0.0,26.18,0,0,0,hold,hold,,"No delta (current=0, target=0)"
BULL,-0.12752667995826558,0.026573890110140608,0.0,0.0,-0.589828390163484,0.0,0.3333333333333333,90,0.0,8.455,0,0,0,hold,hold,,"No delta (current=0, target=0)"
BURL,0.14805016058550172,0.25781672493299096,0.0,0.0,-0.181249532456966,0.0,0.3333333333333333,90,0.0,276.35,0,0,0,hold,hold,,"No delta (current=0, target=0)"
BUSE,0.024986768491359817,0.08822248441124088,0.0,0.0,-0.16472037926828334,0.0,0.3333333333333333,90,0.0,22.39,0,0,0,hold,hold,,"No delta (current=0, target=0)"
BV,-0.01746075267269166,0.04917233450341142,0.0,0.0,-0.21736001420100087,0.0,0.3333333333333333,90,0.0,11.9,0,0,0,hold,hold,,"No delta (current=0, target=0)"
BVFL,0.24202506830369194,0.2980465162770325,0.0,0.0,0.07396072438367032,0.0,0.3333333333333333,89,0.0,17.12,0,0,0,hold,hold,,"No delta (current=0, target=0)"
BVS,0.0825867914269646,0.2279737329966948,0.0,0.0,-0.353574033282226,0.0,0.3333333333333333,90,0.0,7.08,0,0,0,hold,hold,,"No delta (current=0, target=0)"
BW,0.30772476303093793,0.5036835216244063,0.0,0.0,-0.28015151274946704,0.0,0.3333333333333333,90,0.0,6.63,0,0,0,hold,hold,,"No delta (current=0, target=0)"
BWA,0.11286373207463025,0.24036640354418404,0.0,0.0,-0.26964428233403104,0.0,0.3333333333333333,90,0.0,43.48,0,0,0,hold,hold,,"No delta (current=0, target=0)"
BWB,0.012169363837750373,0.07750462187872527,0.0,0.0,-0.18383641028517428,0.0,0.3333333333333333,89,0.0,16.31,0,0,0,hold,hold,,"No delta (current=0, target=0)"
BWEN,0.5173172351645953,0.4384842934681362,0.0,0.0,0.7538160602539721,0.0,0.3333333333333333,89,0.01518954431367059,2.62,574,0,574,buy,pending_new,377a8110-e214-4f62-9ea7-dfecb909fdbc,"Composite=0.517, Alpha=0.438, ML=0.000, Tech=0.000, Sentiment=0.754, MLPred=0.000, Weight=0.015, Confidence=0.33, Factors=89"
BWFG,0.16249485465970367,0.2678029029790235,0.0,0.0,-0.15342929029825572,0.0,0.3333333333333333,89,0.0,44.02,0,0,0,hold,hold,,"No delta (current=0, target=0)"
BWG,0.061595210710999035,0.11550564394166798,0.0,0.0,-0.10013608898100781,0.0,0.3333333333333333,89,0.0,8.29,0,0,0,hold,hold,,"No delta (current=0, target=0)"
BWIN,0.17377532792142128,0.303862855476414,0.0,0.0,-0.21648725474355685,0.0,0.3333333333333333,90,0.0,26.62,0,0,0,hold,hold,,"No delta (current=0, target=0)"
BWMN,0.05965326450692171,0.14878050344011087,0.0,0.0,-0.20772845229264572,0.0,0.3333333333333333,90,0.0,33.625,0,0,0,hold,hold,,"No delta (current=0, target=0)"
BWNB,0.22760775427845156,0.30483754236690863,0.0,0.0,-0.004081609986919646,0.0,0.3333333333333333,86,0.0,24.48,0,0,0,hold,hold,,"No delta (current=0, target=0)"
BWXT,0.013256159037348643,0.16958676439458123,0.0,0.0,-0.45573565703434904,0.0,0.3333333333333333,90,0.0,177.33,0,0,0,hold,hold,,"No delta (current=0, target=0)"
BX,-0.01574725857841817,0.05597140352391334,0.0,0.0,-0.23090324488541267,0.0,0.3333333333333333,90,0.0,137.59,0,0,0,hold,hold,,"No delta (current=0, target=0)"
BXC,-0.0897539985203208,-0.0030396542405436446,0.0,0.0,-0.3498970313596522,0.0,0.3333333333333333,89,0.0,53.6,0,0,0,hold,hold,,"No delta (current=0, target=0)"
BXMT,0.12200545505193253,0.16041561870572327,0.0,0.0,0.006774964090560351,0.0,0.3333333333333333,90,0.0,18.475,0,0,0,hold,hold,,"No delta (current=0, target=0)"
BXMX,0.03588517478911093,0.08741065049690068,0.0,0.0,-0.11869125233425833,0.0,0.3333333333333333,89,0.0,14.12,0,0,0,hold,hold,,"No delta (current=0, target=0)"
BXP,-0.006045190274259851,0.05181105533382687,0.0,0.0,-0.17961392709851998,0.0,0.3333333333333333,90,0.0,69.125,0,0,0,hold,hold,,"No delta (current=0, target=0)"
BY,0.04437597692119008,0.11297507802140037,0.0,0.0,-0.16142132637944076,0.0,0.3333333333333333,90,0.0,26.585,0,0,0,hold,hold,,"No delta (current=0, target=0)"
BYD,0.10558121235513464,0.17933725430231806,0.0,0.0,-0.1156869134864156,0.0,0.3333333333333333,90,0.0,79.01,0,0,0,hold,hold,,"No delta (current=0, target=0)"
BYFC,0.018183943519947992,0.1039111169409541,0.0,0.0,-0.2389975767430703,0.0,0.3333333333333333,83,0.0,6.05,0,0,0,hold,hold,,"No delta (current=0, target=0)"
BYM,0.08521172222391438,0.13320088829138949,0.0,0.0,-0.05875577597851094,0.0,0.3333333333333333,89,0.0,10.92,0,0,0,hold,hold,,"No delta (current=0, target=0)"
BYND,-0.03168924057419454,0.07245020712182605,0.0,0.0,-0.34410758366225624,0.0,0.3333333333333333,90,0.0,1.035,0,0,0,hold,hold,,"No delta (current=0, target=0)"
BYRN,-0.0042532900280565925,0.055659504184993915,0.0,0.0,-0.1839916726672081,0.0,0.3333333333333333,90,0.0,17.33,0,0,0,hold,hold,,"No delta (current=0, target=0)"
BZFD,-0.03701205600519699,0.08730774709180501,0.0,0.0,-0.40997146529620293,0.0,0.3333333333333333,90,0.0,0.9494,0,0,0,hold,hold,,"No delta (current=0, target=0)"
BZH,-0.007870139490178273,0.11996205841809532,0.0,0.0,-0.391366733214999,0.0,0.3333333333333333,90,0.0,19.97,0,0,0,hold,hold,,"No delta (current=0, target=0)"
C,0.11953788572308359,0.2193193851232907,0.0,0.0,-0.17980661247753768,0.0,0.3333333333333333,90,0.0,99.13,0,0,0,hold,hold,,"No delta (current=0, target=0)"
CABA,0.16170788751124673,0.24287189539722587,0.0,0.0,-0.08178413614669072,0.0,0.3333333333333333,90,0.0,2.4,0,0,0,hold,hold,,"No delta (current=0, target=0)"
CABO,-0.07912793486273888,0.0340437133755313,0.0,0.0,-0.4186428795775493,0.0,0.3333333333333333,90,0.0,103.985,0,0,0,hold,hold,,"No delta (current=0, target=0)"
CAC,0.110388482292523,0.18313765928225414,0.0,0.0,-0.1078590486766704,0.0,0.3333333333333333,89,0.0,38.4,0,0,0,hold,hold,,"No delta (current=0, target=0)"
CACC,0.02438734378377592,0.10101301897408957,0.0,0.0,-0.205489681787165,0.0,0.3333333333333333,89,0.0,425.81,0,0,0,hold,hold,,"No delta (current=0, target=0)"
CACI,0.2871002797313867,0.37170658923021394,0.0,0.0,0.03328135123490474,0.0,0.3333333333333333,90,0.0185594432167035,591.865,3,0,3,buy,pending_new,da7fc570-2e28-42ab-9e82-76f19dc0292e,"Composite=0.287, Alpha=0.372, ML=0.000, Tech=0.000, Sentiment=0.033, MLPred=0.000, Weight=0.019, Confidence=0.33, Factors=90"
CADE,0.17394150125930735,0.2837947435251458,0.0,0.0,-0.1556182255382079,0.0,0.3333333333333333,90,0.0,37.66,0,0,0,hold,hold,,"No delta (current=0, target=0)"
CADL,-0.02318708964995223,0.06015286618219133,0.0,0.0,-0.2732069571463829,0.0,0.3333333333333333,90,0.0,4.63,0,0,0,hold,hold,,"No delta (current=0, target=0)"
CAF,0.14054295027363498,0.24043874738309545,0.0,0.0,-0.15914444105474645,0.0,0.3333333333333333,88,0.0,15.98,0,0,0,hold,hold,,"No delta (current=0, target=0)"
CAG,0.08202174952139706,0.1045568217505899,0.0,0.0,0.014416532833818505,0.0,0.3333333333333333,90,0.0,17.39,0,0,0,hold,hold,,"No delta (current=0, target=0)"
CAH,0.342963967914391,0.4387858005161792,0.0,0.0,0.055498470109026164,0.0,0.3333333333333333,90,0.0,206.57,0,0,0,hold,hold,,"No delta (current=0, target=0)"
CAKE,0.039302774699010896,0.09064868903104403,0.0,0.0,-0.11473496829708851,0.0,0.3333333333333333,90,0.0,44.93,0,0,0,hold,hold,,"No delta (current=0, target=0)"
CAL,-0.08983000867588292,0.07735755498066672,0.0,0.0,-0.5913926996455318,0.0,0.3333333333333333,90,0.0,9.755,0,0,0,hold,hold,,"No delta (current=0, target=0)"
CALM,0.02771992817858682,0.10067092149000098,0.0,0.0,-0.19113305175565565,0.0,0.3333333333333333,90,0.0,87.43,0,0,0,hold,hold,,"No delta (current=0, target=0)"
CALX,0.0034131702812746916,0.19990898747738836,0.0,0.0,-0.5860742813070662,0.0,0.3333333333333333,90,0.0,54.84,0,0,0,hold,hold,,"No delta (current=0, target=0)"
CAMP,0.16592990378815337,0.29063303452721,0.0,0.0,-0.20817948842901654,0.0,0.3333333333333333,90,0.0,4.08,0,0,0,hold,hold,,"No delta (current=0, target=0)"
CAPR,-0.0017228799277833817,0.07827571994942016,0.0,0.0,-0.24171867955939397,0.0,0.3333333333333333,90,0.0,5.59,0,0,0,hold,hold,,"No delta (current=0, target=0)"
CAR,-0.045956262981296896,0.08804418689897746,0.0,0.0,-0.4479576126221199,0.0,0.3333333333333333,90,0.0,129.405,0,0,0,hold,hold,,"No delta (current=0, target=0)"
CARE,0.04886433205889278,0.1250993822535597,0.0,0.0,-0.17984081852510797,0.0,0.3333333333333333,90,0.0,16.96,0,0,0,hold,hold,,"No delta (current=0, target=0)"
CARG,0.11701617099222734,0.18026864397880016,0.0,0.0,-0.07274124796749103,0.0,0.3333333333333333,90,0.0,35.16,0,0,0,hold,hold,,"No delta (current=0, target=0)"
CARR,-0.009853720160816608,0.08819574505522827,0.0,0.0,-0.3040021158089512,0.0,0.3333333333333333,90,0.0,52.47,0,0,0,hold,hold,,"No delta (current=0, target=0)"
CARS,0.1637231030074156,0.2532785457261983,0.0,0.0,-0.10494322514893242,0.0,0.3333333333333333,90,0.0,11.385,0,0,0,hold,hold,,"No delta (current=0, target=0)"
CART,0.25049088523457946,0.24896709574571377,0.0,0.0,0.2550622537011763,0.0,0.3333333333333333,90,0.0,41.45,0,0,0,hold,hold,,"No delta (current=0, target=0)"
CASH,0.010900199671496394,0.06586029148151684,0.0,0.0,-0.15398007575856493,0.0,0.3333333333333333,90,0.0,67.265,0,0,0,hold,hold,,"No delta (current=0, target=0)"
CASS,0.17625442907050415,0.2862859340093295,0.0,0.0,-0.15384008574597183,0.0,0.3333333333333333,89,0.0,40.46,0,0,0,hold,hold,,"No delta (current=0, target=0)"
CASY,0.1911485651027424,0.2149499854700567,0.0,0.0,0.11974430400079944,0.0,0.3333333333333333,90,0.0,548.325,0,0,0,hold,hold,,"No delta (current=0, target=0)"
CAT,0.19422851334823232,0.3263132864666849,0.0,0.0,-0.20202580600712539,0.0,0.3333333333333333,90,0.0,549.64,0,0,0,hold,hold,,"No delta (current=0, target=0)"
CATX,0.17956596722052104,0.126915501774753,0.0,0.0,0.33751736355782513,0.0,0.3333333333333333,90,0.0,2.285,0,0,0,hold,hold,,"No delta (current=0, target=0)"
CATY,0.08085239337834302,0.14111033053510388,0.0,0.0,-0.09992141809193955,0.0,0.3333333333333333,90,0.0,45.94,0,0,0,hold,hold,,"No delta (current=0, target=0)"
CBAN,0.10406170732425082,0.1387489430990011,0.0,0.0,0.0,0.0,0.3333333333333333,90,0.0,16.26,0,0,0,hold,hold,,"No delta (current=0, target=0)"
CBL,0.24081381749837652,0.3507591493826076,0.0,0.0,-0.08902217815431673,0.0,0.3333333333333333,90,0.0,32.185,0,0,0,hold,hold,,"No delta (current=0, target=0)"
CBLL,0.2126239809917153,0.22794454618075216,0.0,0.0,0.1666622854246047,0.0,0.3333333333333333,90,0.0,13.21,0,0,0,hold,hold,,"No delta (current=0, target=0)"
CBNK,0.010503893307703982,0.08920444286944133,0.0,0.0,-0.22559775537750806,0.0,0.3333333333333333,89,0.0,26.705,0,0,0,hold,hold,,"No delta (current=0, target=0)"
CBOE,0.23840998363441315,0.330667950735113,0.0,0.0,-0.03836391766768644,0.0,0.3333333333333333,90,0.0,259.18,0,0,0,hold,hold,,"No delta (current=0, target=0)"
CBRE,0.06728893968730178,0.13979461664367482,0.0,0.0,-0.15022809118181732,0.0,0.3333333333333333,90,0.0,150.705,0,0,0,hold,hold,,"No delta (current=0, target=0)"
CBRL,-0.046688545695492044,0.06252963385853025,0.0,0.0,-0.37434308435755886,0.0,0.3333333333333333,90,0.0,27.63,0,0,0,hold,hold,,"No delta (current=0, target=0)"
CBSH,0.016305945492110247,0.09799416244096343,0.0,0.0,-0.22875870535444925,0.0,0.3333333333333333,90,0.0,51.79,0,0,0,hold,hold,,"No delta (current=0, target=0)"
CBT,0.04873716967615974,0.09119033332776001,0.0,0.0,-0.07862232127864106,0.0,0.3333333333333333,90,0.0,60.59,0,0,0,hold,hold,,"No delta (current=0, target=0)"
CBU,-0.002396732110299685,0.0915227567828942,0.0,0.0,-0.2841551987898813,0.0,0.3333333333333333,90,0.0,54.055,0,0,0,hold,hold,,"No delta (current=0, target=0)"
CBUS,0.08026264049703787,0.1739942281042323,0.0,0.0,-0.2009321223245454,0.0,0.3333333333333333,90,0.0,1.295,0,0,0,hold,hold,,"No delta (current=0, target=0)"
CBZ,-0.038105763735784635,0.011055059586550817,0.0,0.0,-0.18558823370279096,0.0,0.3333333333333333,90,0.0,50.105,0,0,0,hold,hold,,"No delta (current=0, target=0)"
CC,-0.08512916222421521,0.05808950256728394,0.0,0.0,-0.5147851565987126,0.0,0.3333333333333333,90,0.0,11.17,0,0,0,hold,hold,,"No delta (current=0, target=0)"
CCAP,-0.0011952457227561027,0.10885602527134601,0.0,0.0,-0.33134905870506237,0.0,0.3333333333333333,90,0.0,13.25,0,0,0,hold,hold,,"No delta (current=0, target=0)"
CCB,-0.02046855347268341,0.08792237237788056,0.0,0.0,-0.3456413310243753,0.0,0.3333333333333333,89,0.0,102.125,0,0,0,hold,hold,,"No delta (current=0, target=0)"
CCBG,0.09742505868669123,0.16418489297430422,0.0,0.0,-0.10285444417614774,0.0,0.3333333333333333,89,0.0,39.85,0,0,0,hold,hold,,"No delta (current=0, target=0)"
CCC,0.028722587477635054,0.0978903648208151,0.0,0.0,-0.17878074455190507,0.0,0.3333333333333333,90,0.0,7.2,0,0,0,hold,hold,,"No delta (current=0, target=0)"
CCCC,0.1673070277395412,0.20628917490158857,0.0,0.0,0.050360586253399085,0.0,0.3333333333333333,90,0.0,2.505,0,0,0,hold,hold,,"No delta (current=0, target=0)"
CCD,-0.019733313897548597,0.08035477207206579,0.0,0.0,-0.3199975718063917,0.0,0.3333333333333333,89,0.0,20.27,0,0,0,hold,hold,,"No delta (current=0, target=0)"
CCI,0.07833592560212613,0.1456119700828905,0.0,0.0,-0.123492207840167,0.0,0.3333333333333333,90,0.0,91.33,0,0,0,hold,hold,,"No delta (current=0, target=0)"
CCIXW,-0.07729141460592977,0.1149662578577739,0.0,0.0,-0.6540644319970407,0.0,0.3333333333333333,87,0.0,0.7655,0,0,0,hold,hold,,"No delta (current=0, target=0)"
CCK,0.07611537679277562,0.15136905707416737,0.0,0.0,-0.14964566405139965,0.0,0.3333333333333333,90,0.0,95.68,0,0,0,hold,hold,,"No delta (current=0, target=0)"
CCL,0.04693310079925526,0.1354363228262375,0.0,0.0,-0.2185765652816914,0.0,0.3333333333333333,90,0.0,25.915,0,0,0,hold,hold,,"No delta (current=0, target=0)"
CCLD,0.04856747787680938,0.165659880279782,0.0,0.0,-0.3027097293321085,0.0,0.3333333333333333,90,0.0,3.0,0,0,0,hold,hold,,"No delta (current=0, target=0)"
CCNE,0.024899799274035062,0.10008967690218784,0.0,0.0,-0.20066983361042323,0.0,0.3333333333333333,90,0.0,24.05,0,0,0,hold,hold,,"No delta (current=0, target=0)"
CCO,0.08845462499013389,0.23380117881222132,0.0,0.0,-0.3475850364761284,0.0,0.3333333333333333,90,0.0,1.79,0,0,0,hold,hold,,"No delta (current=0, target=0)"
CCOI,0.1652597792652795,0.08938627799088192,0.0,0.0,0.39288028308847217,0.0,0.3333333333333333,90,0.0,20.02,0,0,0,hold,hold,,"No delta (current=0, target=0)"
CCRN,0.015525564742521607,0.1308499720493532,0.0,0.0,-0.3304476571779731,0.0,0.3333333333333333,90,0.0,11.8,0,0,0,hold,hold,,"No delta (current=0, target=0)"
CCS,0.008300793298781516,0.10553681028617597,0.0,0.0,-0.2834072576634018,0.0,0.3333333333333333,90,0.0,56.72,0,0,0,hold,hold,,"No delta (current=0, target=0)"
CCSI,-0.06116962931740116,0.09078964452257446,0.0,0.0,-0.517047450837328,0.0,0.3333333333333333,90,0.0,21.74,0,0,0,hold,hold,,"No delta (current=0, target=0)"
CDE,0.0264082851956044,0.1460663918248749,0.0,0.0,-0.3325660346922071,0.0,0.3333333333333333,90,0.0,14.54,0,0,0,hold,hold,,"No delta (current=0, target=0)"
CDLX,-0.10012294581316784,0.09685922886008637,0.0,0.0,-0.6910694698329304,0.0,0.3333333333333333,90,0.0,1.245,0,0,0,hold,hold,,"No delta (current=0, target=0)"
CDNA,0.20565464135341796,0.33984062427864514,0.0,0.0,-0.19690330742226342,0.0,0.3333333333333333,90,0.0,15.64,0,0,0,hold,hold,,"No delta (current=0, target=0)"
CDNS,0.02854999659811897,0.09492032579173831,0.0,0.0,-0.17056099098273902,0.0,0.3333333333333333,90,0.0,304.67,0,0,0,hold,hold,,"No delta (current=0, target=0)"
CDP,0.25149240395883277,0.33217324177406515,0.0,0.0,0.009449890513135427,0.0,0.3333333333333333,90,0.0,29.155,0,0,0,hold,hold,,"No delta (current=0, target=0)"
CDTX,0.6651787837853752,0.5535920566885127,0.0,0.0,0.9999389650759627,0.0,0.3333333333333333,90,0.1001169964901053,218.515,45,0,45,buy,pending_new,905caa4b-2d6b-404f-86d5-af55c215828d,"Composite=0.665, Alpha=0.554, ML=0.000, Tech=0.000, Sentiment=1.000, MLPred=0.000, Weight=0.100, Confidence=0.33, Factors=90"
CDW,0.02962418261515074,0.11386133203037922,0.0,0.0,-0.22308726563053466,0.0,0.3333333333333333,90,0.0,140.73,0,0,0,hold,hold,,"No delta (current=0, target=0)"
CDXS,-0.08834439594876804,0.09197482696713016,0.0,0.0,-0.6293020646964625,0.0,0.3333333333333333,90,0.0,1.64,0,0,0,hold,hold,,"No delta (current=0, target=0)"
CDZI,0.5933650694902132,0.4729765030920084,0.0,0.0,0.9545307686848274,0.0,0.3333333333333333,90,0.0,6.33,0,0,0,hold,hold,,"No delta (current=0, target=0)"
CDZIP,0.18280084435661062,0.2411704071508631,0.0,0.0,0.007692155973853198,0.0,0.3333333333333333,86,0.0,19.53,0,0,0,hold,hold,,"No delta (current=0, target=0)"
CE,-0.0013031690938289516,0.11063692216259582,0.0,0.0,-0.33712344286310325,0.0,0.3333333333333333,90,0.0,36.375,0,0,0,hold,hold,,"No delta (current=0, target=0)"
CECO,0.10670828740734987,0.246957145340146,0.0,0.0,-0.3140382863910385,0.0,0.3333333333333333,90,0.0,48.545,0,0,0,hold,hold,,"No delta (current=0, target=0)"
CEG,0.09381623760311274,0.17139318719534824,0.0,0.0,-0.1389146111735937,0.0,0.3333333333333333,90,0.0,344.13,0,0,0,hold,hold,,"No delta (current=0, target=0)"
CELC,0.4375021744709587,0.4604621106656985,0.0,0.0,0.3686223658867393,0.0,0.3333333333333333,90,0.04292871213863585,91.77,46,0,46,buy,pending_new,72ad839e-72dd-4361-9859-ee6e69367bc4,"Composite=0.438, Alpha=0.460, ML=0.000, Tech=0.000, Sentiment=0.369, MLPred=0.000, Weight=0.043, Confidence=0.33, Factors=90"
CELH,0.010028137447443576,0.12696965288217404,0.0,0.0,-0.3407964088567478,0.0,0.3333333333333333,90,0.0,41.675,0,0,0,hold,hold,,"No delta (current=0, target=0)"
CELU,-0.010309515166512026,0.0596585171849492,0.0,0.0,-0.2202136122208957,0.0,0.3333333333333333,89,0.0,1.6,0,0,0,hold,hold,,"No delta (current=0, target=0)"
CELZ,0.12925575931107772,0.16678597120535762,0.0,0.0,0.016665123628237886,0.0,0.3333333333333333,89,0.0,3.01,0,0,0,hold,hold,,"No delta (current=0, target=0)"
CENT,0.03872749017322457,0.08722974331131456,0.0,0.0,-0.10677926924104536,0.0,0.3333333333333333,90,0.0,31.04,0,0,0,hold,hold,,"No delta (current=0, target=0)"
CENTA,0.08377252284637604,0.14790526911004334,0.0,0.0,-0.10862571594462583,0.0,0.3333333333333333,90,0.0,28.03,0,0,0,hold,hold,,"No delta (current=0, target=0)"
CENX,0.11152108459253068,0.23721989254782117,0.0,0.0,-0.2655753392733407,0.0,0.3333333333333333,90,0.0,27.975,0,0,0,hold,hold,,"No delta (current=0, target=0)"
CEP,-0.0949524593073433,0.10693147715864751,0.0,0.0,-0.7006042687053157,0.0,0.3333333333333333,90,0.0,13.32,0,0,0,hold,hold,,"No delta (current=0, target=0)"
CERT,0.05902496212855453,0.08071280748599954,0.0,0.0,-0.006038573943780512,0.0,0.3333333333333333,90,0.0,8.27,0,0,0,hold,hold,,"No delta (current=0, target=0)"
CET,0.001297622241553484,0.11029032288195549,0.0,0.0,-0.32568047967965247,0.0,0.3333333333333333,89,0.0,48.07,0,0,0,hold,hold,,"No delta (current=0, target=0)"
CETX,-0.09295859317782813,0.1726613132091584,0.0,0.0,-0.8898183123387876,0.0,0.3333333333333333,90,0.0,3.4,0,0,0,hold,hold,,"No delta (current=0, target=0)"
CETY,0.08682128483879316,0.11576171311839088,0.0,0.0,0.0,0.0,0.3333333333333333,88,0.0,1.14,0,0,0,hold,hold,,"No delta (current=0, target=0)"
CEVA,-0.10759271389963732,0.12625739148927936,0.0,0.0,-0.8091430300663872,0.0,0.3333333333333333,90,0.0,21.16,0,0,0,hold,hold,,"No delta (current=0, target=0)"
CF,0.04168008632532843,0.1287181437801142,0.0,0.0,-0.21943408603902886,0.0,0.3333333333333333,90,0.0,80.95,0,0,0,hold,hold,,"No delta (current=0, target=0)"
CFFN,0.08833309237307763,0.1847223590482037,0.0,0.0,-0.20083470765230055,0.0,0.3333333333333333,90,0.0,6.125,0,0,0,hold,hold,,"No delta (current=0, target=0)"
CFG,0.09064630312220869,0.1824714248223616,0.0,0.0,-0.18482906197825003,0.0,0.3333333333333333,90,0.0,50.71,0,0,0,hold,hold,,"No delta (current=0, target=0)"
CFLT,0.0678885244500598,0.1979749023745254,0.0,0.0,-0.3223706093233369,0.0,0.3333333333333333,90,0.0,22.75,0,0,0,hold,hold,,"No delta (current=0, target=0)"
CFR,0.011179620868518573,0.05866366582456224,0.0,0.0,-0.13127251399961243,0.0,0.3333333333333333,90,0.0,120.93,0,0,0,hold,hold,,"No delta (current=0, target=0)"
CG,0.016710079553570224,0.11494079939252845,0.0,0.0,-0.27798207996330443,0.0,0.3333333333333333,90,0.0,51.935,0,0,0,hold,hold,,"No delta (current=0, target=0)"
CGBD,0.03211632684187365,0.09188614420748996,0.0,0.0,-0.1471931252549753,0.0,0.3333333333333333,90,0.0,11.78,0,0,0,hold,hold,,"No delta (current=0, target=0)"
CGEM,0.2703900312882072,0.30998396250078586,0.0,0.0,0.15160823765047116,0.0,0.3333333333333333,90,0.0,8.6,0,0,0,hold,hold,,"No delta (current=0, target=0)"
CGNX,0.015862076331447737,0.09875304457836659,0.0,0.0,-0.23281082840930878,0.0,0.3333333333333333,90,0.0,36.35,0,0,0,hold,hold,,"No delta (current=0, target=0)"
CGO,0.07950883099495731,0.1915526044578961,0.0,0.0,-0.25662248939385895,0.0,0.3333333333333333,87,0.0,11.19,0,0,0,hold,hold,,"No delta (current=0, target=0)"
CGON,0.37013196247155006,0.3465095887098914,0.0,0.0,0.44099908375652586,0.0,0.3333333333333333,90,0.0,43.12,0,0,0,hold,hold,,"No delta (current=0, target=0)"
CGTX,-0.024450689586203517,0.11642700594463733,0.0,0.0,-0.44708377617872597,0.0,0.3333333333333333,90,0.0,1.55,0,0,0,hold,hold,,"No delta (current=0, target=0)"
CHCI,-0.09645682021770703,0.14698537678322127,0.0,0.0,-0.8267834112204918,0.0,0.3333333333333333,88,0.0,12.72,0,0,0,hold,hold,,"No delta (current=0, target=0)"
CHCO,0.13755666647554857,0.2215927773456149,0.0,0.0,-0.11455166613465044,0.0,0.3333333333333333,88,0.0,118.03,0,0,0,hold,hold,,"No delta (current=0, target=0)"
CHCT,0.29385731510328905,0.30208999038258866,0.0,0.0,0.2691592892653902,0.0,0.3333333333333333,90,0.0,15.295,0,0,0,hold,hold,,"No delta (current=0, target=0)"
CHD,0.08212991473529224,0.15297851203809862,0.0,0.0,-0.13041587717312686,0.0,0.3333333333333333,90,0.0,83.15,0,0,0,hold,hold,,"No delta (current=0, target=0)"
CHDN,0.31396886974879645,0.34120858442047414,0.0,0.0,0.23224972573376315,0.0,0.3333333333333333,90,0.0,104.37,0,0,0,hold,hold,,"No delta (current=0, target=0)"
CHE,0.08757435159190853,0.15359961418928014,0.0,0.0,-0.1105014362002063,0.0,0.3333333333333333,90,0.0,437.11,0,0,0,hold,hold,,"No delta (current=0, target=0)"
CHEF,0.03168172025441334,0.15184434548066073,0.0,0.0,-0.3288061554243288,0.0,0.3333333333333333,90,0.0,57.5,0,0,0,hold,hold,,"No delta (current=0, target=0)"
CHGG,-0.06502248347989688,0.1278693988188278,0.0,0.0,-0.6436981303760708,0.0,0.3333333333333333,90,0.0,1.025,0,0,0,hold,hold,,"No delta (current=0, target=0)"
CHH,0.021872285229230976,0.12882962816153054,0.0,0.0,-0.2989997435676677,0.0,0.3333333333333333,90,0.0,91.65,0,0,0,hold,hold,,"No delta (current=0, target=0)"
CHI,0.013397088778311418,0.11365332700797998,0.0,0.0,-0.2873716259106942,0.0,0.3333333333333333,90,0.0,10.5,0,0,0,hold,hold,,"No delta (current=0, target=0)"
CHMI,-0.023955289054046463,0.0373580169544062,0.0,0.0,-0.20789520707940443,0.0,0.3333333333333333,90,0.0,2.27,0,0,0,hold,hold,,"No delta (current=0, target=0)"
CHPT,-0.08081830238826798,0.09607664645820635,0.0,0.0,-0.6115031489276909,0.0,0.3333333333333333,90,0.0,8.26,0,0,0,hold,hold,,"No delta (current=0, target=0)"
CHRD,0.1904431475174754,0.21851808649079713,0.0,0.0,0.10621833059751018,0.0,0.3333333333333333,90,0.0,91.48,0,0,0,hold,hold,,"No delta (current=0, target=0)"
CHRS,0.0548758564074553,0.2213655596278821,0.0,0.0,-0.44459325325382504,0.0,0.3333333333333333,90,0.0,1.23,0,0,0,hold,hold,,"No delta (current=0, target=0)"
CHRW,0.2910029398075862,0.3920358053960226,0.0,0.0,-0.012095656957723126,0.0,0.3333333333333333,90,0.0,152.57,0,0,0,hold,hold,,"No delta (current=0, target=0)"
CHSCL,0.07689975353530809,0.1022063355383027,0.0,0.0,0.0009800075263242823,0.0,0.3333333333333333,85,0.0,25.515,0,0,0,hold,hold,,"No delta (current=0, target=0)"
CHSCO,0.05860690555078663,0.10558714961567146,0.0,0.0,-0.08233382664386783,0.0,0.3333333333333333,86,0.0,26.22,0,0,0,hold,hold,,"No delta (current=0, target=0)"
CHTR,-0.02705360691496692,0.05928811878227616,0.0,0.0,-0.2860787840066961,0.0,0.3333333333333333,90,0.0,200.435,0,0,0,hold,hold,,"No delta (current=0, target=0)"
CHW,0.05423589898486647,0.14917024311313481,0.0,0.0,-0.23056713339993853,0.0,0.3333333333333333,90,0.0,7.205,0,0,0,hold,hold,,"No delta (current=0, target=0)"
CHWY,0.1438019393931215,0.1086736937443451,0.0,0.0,0.2491866763394506,0.0,0.3333333333333333,90,0.0,34.68,0,0,0,hold,hold,,"No delta (current=0, target=0)"
CHY,0.07207620933067103,0.17181259832403162,0.0,0.0,-0.22713295764941063,0.0,0.3333333333333333,90,0.0,11.14,0,0,0,hold,hold,,"No delta (current=0, target=0)"
CI,0.13711735490400315,0.16861435815297796,0.0,0.0,0.04262634515707867,0.0,0.3333333333333333,90,0.0,273.105,0,0,0,hold,hold,,"No delta (current=0, target=0)"
CIA,0.12026640557015487,0.20818397497168376,0.0,0.0,-0.1434863026344317,0.0,0.3333333333333333,90,0.0,5.545,0,0,0,hold,hold,,"No delta (current=0, target=0)"
CIEN,0.13465145401992587,0.3450275147525145,0.0,0.0,-0.49647672817784,0.0,0.3333333333333333,90,0.0,186.725,0,0,0,hold,hold,,"No delta (current=0, target=0)"
CIFR,0.04801869456436637,0.2571850663322432,0.0,0.0,-0.579480420739264,0.0,0.3333333333333333,90,0.0,15.08,0,0,0,hold,hold,,"No delta (current=0, target=0)"
CIFRW,0.057877097907153265,0.3074413909947578,0.0,0.0,-0.6908157813556602,0.0,0.3333333333333333,89,0.0,5.13,0,0,0,hold,hold,,"No delta (current=0, target=0)"
CII,0.11257109158329513,0.20473922439826245,0.0,0.0,-0.16393330686160681,0.0,0.3333333333333333,89,0.0,23.38,0,0,0,hold,hold,,"No delta (current=0, target=0)"
CIK,0.055447695504651624,0.10028359748814211,0.0,0.0,-0.07906001044581983,0.0,0.3333333333333333,90,0.0,2.795,0,0,0,hold,hold,,"No delta (current=0, target=0)"
CIM,0.055703398371964044,0.1078753470142886,0.0,0.0,-0.1008124475550096,0.0,0.3333333333333333,90,0.0,11.865,0,0,0,hold,hold,,"No delta (current=0, target=0)"
CIMN,0.13738654802797465,0.21606500397790562,0.0,0.0,-0.09864881982181828,0.0,0.3333333333333333,87,0.0,24.76,0,0,0,hold,hold,,"No delta (current=0, target=0)"
CIMO,0.10307511509796637,0.16764143834000506,0.0,0.0,-0.09062385462814972,0.0,0.3333333333333333,86,0.0,24.85,0,0,0,hold,hold,,"No delta (current=0, target=0)"
CINF,0.25143007837970693,0.3722350677849859,0.0,0.0,-0.11098488983613017,0.0,0.3333333333333333,90,0.0,163.18,0,0,0,hold,hold,,"No delta (current=0, target=0)"
CING,-0.09540177237088358,0.04577235388550789,0.0,0.0,-0.518924151140058,0.0,0.3333333333333333,89,0.0,3.31,0,0,0,hold,hold,,"No delta (current=0, target=0)"
CIO,0.0879084084096307,0.12803772667183322,0.0,0.0,-0.03247954637697684,0.0,0.3333333333333333,90,0.0,6.88,0,0,0,hold,hold,,"No delta (current=0, target=0)"
CISO,-0.14925317876303898,0.1169229192038865,0.0,0.0,-0.9477814726638153,0.0,0.3333333333333333,90,0.0,0.6284,0,0,0,hold,hold,,"No delta (current=0, target=0)"
CIVB,0.08828835752589684,0.15928099093986592,0.0,0.0,-0.12468954271601039,0.0,0.3333333333333333,90,0.0,21.39,0,0,0,hold,hold,,"No delta (current=0, target=0)"
CIVI,0.1442886893114038,0.144894773070668,0.0,0.0,0.14247043803361104,0.0,0.3333333333333333,90,0.0,28.685,0,0,0,hold,hold,,"No delta (current=0, target=0)"
CL,0.17453177179659574,0.2225288965027007,0.0,0.0,0.03054039767828092,0.0,0.3333333333333333,90,0.0,79.04,0,0,0,hold,hold,,"No delta (current=0, target=0)"
CLAR,0.10600974807361675,0.1847039475678536,0.0,0.0,-0.1300728504090938,0.0,0.3333333333333333,90,0.0,3.35,0,0,0,hold,hold,,"No delta (current=0, target=0)"
CLBK,0.037185152436300654,0.11014263565925363,0.0,0.0,-0.18168729723255822,0.0,0.3333333333333333,90,0.0,14.68,0,0,0,hold,hold,,"No delta (current=0, target=0)"
CLDT,0.04619858192957282,0.14812158468683156,0.0,0.0,-0.2595704263422034,0.0,0.3333333333333333,90,0.0,6.505,0,0,0,hold,hold,,"No delta (current=0, target=0)"
CLDX,0.2395467729427146,0.20629435801605134,0.0,0.0,0.33930401772270435,0.0,0.3333333333333333,90,0.0,25.91,0,0,0,hold,hold,,"No delta (current=0, target=0)"
CLF,0.2075596573535207,0.22503654864014375,0.0,0.0,0.15512898349365162,0.0,0.3333333333333333,90,0.0,11.375,0,0,0,hold,hold,,"No delta (current=0, target=0)"
CLFD,-0.08543881799211832,0.06370744383851844,0.0,0.0,-0.5328776034840285,0.0,0.3333333333333333,90,0.0,29.55,0,0,0,hold,hold,,"No delta (current=0, target=0)"
CLH,0.08734781556274078,0.12099889465252056,0.0,0.0,-0.013605421706598559,0.0,0.3333333333333333,90,0.0,207.06,0,0,0,hold,hold,,"No delta (current=0, target=0)"
CLM,0.06484237748168513,0.13009057683421546,0.0,0.0,-0.1309022205759058,0.0,0.3333333333333333,90,0.0,8.135,0,0,0,hold,hold,,"No delta (current=0, target=0)"
CLMB,0.012791599983608093,0.0897826648020683,0.0,0.0,-0.21818159447177252,0.0,0.3333333333333333,87,0.0,102.57,0,0,0,hold,hold,,"No delta (current=0, target=0)"
CLMT,0.14541724866460956,0.19829159245436878,0.0,0.0,-0.013205782704668144,0.0,0.3333333333333333,90,0.0,18.88,0,0,0,hold,hold,,"No delta (current=0, target=0)"
CLNE,0.08387449500331742,0.15601558946804947,0.0,0.0,-0.1325487883908787,0.0,0.3333333333333333,90,0.0,2.19,0,0,0,hold,hold,,"No delta (current=0, target=0)"
CLNNW,-0.03946610114776663,-0.0345233413894293,0.0,0.0,-0.05429438042277862,0.0,0.3333333333333333,83,0.0,0.0091,0,0,0,hold,hold,,"No delta (current=0, target=0)"
CLOV,-0.0004214511424870255,0.11366970079850408,0.0,0.0,-0.3426949069654603,0.0,0.3333333333333333,90,0.0,2.34,0,0,0,hold,hold,,"No delta (current=0, target=0)"
CLPR,0.03837458740364846,0.07791810829704092,0.0,0.0,-0.0802559752765289,0.0,0.3333333333333333,89,0.0,3.67,0,0,0,hold,hold,,"No delta (current=0, target=0)"
CLPT,-0.07514131053070496,0.10519553440382311,0.0,0.0,-0.616151845334289,0.0,0.3333333333333333,90,0.0,14.295,0,0,0,hold,hold,,"No delta (current=0, target=0)"
CLRB,-0.03490957185233271,0.13369739121322957,0.0,0.0,-0.5407304610490195,0.0,0.3333333333333333,89,0.0,3.05,0,0,0,hold,hold,,"No delta (current=0, target=0)"
CLSD,-0.005572960893880597,0.20903947730374967,0.0,0.0,-0.6494102754867713,0.0,0.3333333333333333,87,0.0,3.22,0,0,0,hold,hold,,"No delta (current=0, target=0)"
CLSK,-0.09242572259339482,0.10894042734066471,0.0,0.0,-0.6965241723955733,0.0,0.3333333333333333,90,0.0,11.04,0,0,0,hold,hold,,"No delta (current=0, target=0)"
CLW,0.061187287019795346,0.14647437564329788,0.0,0.0,-0.1946739788507122,0.0,0.3333333333333333,90,0.0,17.78,0,0,0,hold,hold,,"No delta (current=0, target=0)"
CLX,-0.0011456213673828322,0.06597587136158133,0.0,0.0,-0.20251009955427526,0.0,0.3333333333333333,90,0.0,100.4,0,0,0,hold,hold,,"No delta (current=0, target=0)"
CLYM,0.1425411666348025,0.14689574555383544,0.0,0.0,0.1294774298777036,0.0,0.3333333333333333,90,0.0,1.97,0,0,0,hold,hold,,"No delta (current=0, target=0)"
CMA,0.08915567491938793,0.18410932114048392,0.0,0.0,-0.1957052637439001,0.0,0.3333333333333333,90,0.0,76.29,0,0,0,hold,hold,,"No delta (current=0, target=0)"
CMBM,0.13479829248033398,0.40568786539513874,0.0,0.0,-0.6778704262640801,0.0,0.3333333333333333,89,0.0,2.555,0,0,0,hold,hold,,"No delta (current=0, target=0)"
CMC,0.042351276367161815,0.15130535608566825,0.0,0.0,-0.28451096278835747,0.0,0.3333333333333333,90,0.0,57.76,0,0,0,hold,hold,,"No delta (current=0, target=0)"
CMCO,-0.005149951649096194,0.1421514804157207,0.0,0.0,-0.4470542478435468,0.0,0.3333333333333333,90,0.0,14.28,0,0,0,hold,hold,,"No delta (current=0, target=0)"
CMCSA,0.04884782920594915,0.09816390085342795,0.0,0.0,-0.09910038573648723,0.0,0.3333333333333333,90,0.0,27.355,0,0,0,hold,hold,,"No delta (current=0, target=0)"
CMCT,0.5928379957099934,0.5253101803304638,0.0,0.0,0.795421441848582,0.0,0.3333333333333333,87,0.0018199454016379509,11.32,15,0,15,buy,risk_rejected,,Total positions limit exceeded: 20 >= 20
CME,0.28293013273335643,0.3720553570157252,0.0,0.0,0.015554459886250089,0.0,0.3333333333333333,90,0.057888263352099435,280.51,20,0,20,buy,risk_rejected,,Total positions limit exceeded: 21 >= 20
CMG,0.02456210704922367,0.07139642547813943,0.0,0.0,-0.1159408482375236,0.0,0.3333333333333333,90,0.0,30.61,0,0,0,hold,hold,,"No delta (current=0, target=0)"
CMI,0.3145519571069195,0.4615269729785632,0.0,0.0,-0.12637309050801165,0.0,0.3333333333333333,90,0.0,467.15,0,0,0,hold,hold,,"No delta (current=0, target=0)"
CMP,0.03763927495475602,0.1470148659071395,0.0,0.0,-0.29048749790239436,0.0,0.3333333333333333,90,0.0,17.21,0,0,0,hold,hold,,"No delta (current=0, target=0)"
CMPO,0.07706577943018583,0.22582884224107103,0.0,0.0,-0.3692234090024697,0.0,0.3333333333333333,90,0.0,19.52,0,0,0,hold,hold,,"No delta (current=0, target=0)"
CMPX,0.30604910665219004,0.37925544422411983,0.0,0.0,0.0864300939364006,0.0,0.3333333333333333,90,0.03846884593462196,4.99,763,0,763,buy,risk_rejected,,Total positions limit exceeded: 21 >= 20
CMRC,-0.05709394685845565,0.1699483376777461,0.0,0.0,-0.7382208004670607,0.0,0.3333333333333333,90,0.0,4.475,0,0,0,hold,hold,,"No delta (current=0, target=0)"
CMS,0.1884319083925084,0.2629091124517794,0.0,0.0,-0.034999703785304544,0.0,0.3333333333333333,90,0.0,74.445,0,0,0,hold,hold,,"No delta (current=0, target=0)"
CMSA,0.06283802382569405,0.10174962953556756,0.0,0.0,-0.05389679330392651,0.0,0.3333333333333333,86,0.0,22.92,0,0,0,hold,hold,,"No delta (current=0, target=0)"
CMSC,0.11370712421287939,0.18164206315917078,0.0,0.0,-0.09009769262599475,0.0,0.3333333333333333,89,0.0,23.64,0,0,0,hold,hold,,"No delta (current=0, target=0)"
CMT,0.07726822734331404,0.2080244242326772,0.0,0.0,-0.3150003633247754,0.0,0.3333333333333333,87,0.0,17.845,0,0,0,hold,hold,,"No delta (current=0, target=0)"
CMTL,0.18154592933159286,0.30920886543227766,0.0,0.0,-0.2014428789704615,0.0,0.3333333333333333,90,0.0,3.17,0,0,0,hold,hold,,"No delta (current=0, target=0)"
CNA,0.17805435932350563,0.2256404570736435,0.0,0.0,0.03529606607309194,0.0,0.3333333333333333,90,0.0,46.345,0,0,0,hold,hold,,"No delta (current=0, target=0)"
CNC,0.24361148984446185,0.303900182988915,0.0,0.0,0.06274541041110238,0.0,0.3333333333333333,90,0.0,36.665,0,0,0,hold,hold,,"No delta (current=0, target=0)"
CNDT,0.12630237064303812,0.10411439668096717,0.0,0.0,0.1928662925292509,0.0,0.3333333333333333,90,0.0,1.995,0,0,0,hold,hold,,"No delta (current=0, target=0)"
CNK,0.23253213977807238,0.328074771891373,0.0,0.0,-0.05409575656182951,0.0,0.3333333333333333,90,0.0,29.685,0,0,0,hold,hold,,"No delta (current=0, target=0)"
CNMD,-0.012022720837445976,0.06386293269013386,0.0,0.0,-0.23967968142018545,0.0,0.3333333333333333,90,0.0,41.44,0,0,0,hold,hold,,"No delta (current=0, target=0)"
CNNE,-0.00797709407371506,0.07980720060257966,0.0,0.0,-0.2713299781025992,0.0,0.3333333333333333,90,0.0,15.1,0,0,0,hold,hold,,"No delta (current=0, target=0)"
CNO,0.1717844327481121,0.287065506420792,0.0,0.0,-0.17405878826992766,0.0,0.3333333333333333,90,0.0,40.19,0,0,0,hold,hold,,"No delta (current=0, target=0)"
CNOB,-0.016071566605007314,0.04136293003151823,0.0,0.0,-0.18837505651458392,0.0,0.3333333333333333,90,0.0,23.46,0,0,0,hold,hold,,"No delta (current=0, target=0)"
CNP,0.19004773400018654,0.23321965682142126,0.0,0.0,0.06053196553648229,0.0,0.3333333333333333,90,0.0,40.08,0,0,0,hold,hold,,"No delta (current=0, target=0)"
CNR,0.1008222204378653,0.25380573605627516,0.0,0.0,-0.35812832641736414,0.0,0.3333333333333333,90,0.0,81.4,0,0,0,hold,hold,,"No delta (current=0, target=0)"
CNS,-0.041694122942459465,0.09646301943813475,0.0,0.0,-0.45616555008424203,0.0,0.3333333333333333,90,0.0,59.77,0,0,0,hold,hold,,"No delta (current=0, target=0)"
CNSP,0.09669325399785061,0.11882641925801041,0.0,0.0,0.030293758217371212,0.0,0.3333333333333333,89,0.0,6.64,0,0,0,hold,hold,,"No delta (current=0, target=0)"
CNTX,0.05756457485761431,0.17845051520693178,0.0,0.0,-0.305093246190338,0.0,0.3333333333333333,89,0.0,1.115,0,0,0,hold,hold,,"No delta (current=0, target=0)"
CNTY,0.007620018001412627,0.12315380584994239,0.0,0.0,-0.3389813455441766,0.0,0.3333333333333333,90,0.0,1.58,0,0,0,hold,hold,,"No delta (current=0, target=0)"
CNVS,0.030114573189206153,0.10713013836045668,0.0,0.0,-0.2009321223245454,0.0,0.3333333333333333,90,0.0,2.59,0,0,0,hold,hold,,"No delta (current=0, target=0)"
CNX,0.27166595820096595,0.3676247491027652,0.0,0.0,-0.016210414504431985,0.0,0.3333333333333333,90,0.0,36.89,0,0,0,hold,hold,,"No delta (current=0, target=0)"
CNXC,-0.015667830967621896,0.08951464245392214,0.0,0.0,-0.331215251232254,0.0,0.3333333333333333,90,0.0,32.87,0,0,0,hold,hold,,"No delta (current=0, target=0)"
COCH,0.2273216501005985,0.1919520019290738,0.0,0.0,0.3334305946151726,0.0,0.3333333333333333,89,0.0,0.785,0,0,0,hold,hold,,"No delta (current=0, target=0)"
COCO,0.3862476945069366,0.3967666390344731,0.0,0.0,0.3546908609243268,0.0,0.3333333333333333,90,0.0,46.35,0,0,0,hold,hold,,"No delta (current=0, target=0)"
COCP,-0.03547630649275533,0.13812577087447944,0.0,0.0,-0.5562825385944595,0.0,0.3333333333333333,89,0.0,0.9882,0,0,0,hold,hold,,"No delta (current=0, target=0)"
CODA,0.0246081844939845,0.15568261231010144,0.0,0.0,-0.3686150989543663,0.0,0.3333333333333333,89,0.0,8.05,0,0,0,hold,hold,,"No delta (current=0, target=0)"
CODI,0.1372473797236897,0.10747643156726784,0.0,0.0,0.22656022419295513,0.0,0.3333333333333333,90,0.0,5.785,0,0,0,hold,hold,,"No delta (current=0, target=0)"
CODX,0.09093921337162218,0.264878459430989,0.0,0.0,-0.43087852480647815,0.0,0.3333333333333333,90,0.0,0.3594,0,0,0,hold,hold,,"No delta (current=0, target=0)"
COEP,0.31960962772795515,0.2724679374434876,0.0,0.0,0.4610346985813579,0.0,0.3333333333333333,88,0.002779916602501925,15.99,17,0,17,buy,risk_rejected,,Total positions limit exceeded: 21 >= 20
COF,-0.03190643691405808,0.09903805786500933,0.0,0.0,-0.42473992125126026,0.0,0.3333333333333333,90,0.0,202.03,0,0,0,hold,hold,,"No delta (current=0, target=0)"
COFS,0.1850612093720735,0.2817069757455721,0.0,0.0,-0.1048760897484222,0.0,0.3333333333333333,89,0.0,28.83,0,0,0,hold,hold,,"No delta (current=0, target=0)"
COGT,0.3687513991756303,0.546017644928094,0.0,0.0,-0.16304733808176086,0.0,0.3333333333333333,90,0.0031299061028169156,34.095,9,0,9,buy,risk_rejected,,Total positions limit exceeded: 21 >= 20
COHR,0.15342463810770982,0.37712070435217854,0.0,0.0,-0.5176635606256963,0.0,0.3333333333333333,90,0.0,138.72,0,0,0,hold,hold,,"No delta (current=0, target=0)"
COHU,0.024280745974944357,0.14307882979688222,0.0,0.0,-0.33211350549086915,0.0,0.3333333333333333,90,0.0,21.44,0,0,0,hold,hold,,"No delta (current=0, target=0)"
COIN,-0.06728772872675212,0.09065604829124921,0.0,0.0,-0.541119059780756,0.0,0.3333333333333333,90,0.0,267.18,0,0,0,hold,hold,,"No delta (current=0, target=0)"
COKE,0.3483359094430916,0.4006283898000885,0.0,0.0,0.19145846837210076,0.0,0.3333333333333333,90,0.0,161.83,0,0,0,hold,hold,,"No delta (current=0, target=0)"
COLB,0.081910201193708,0.1870015743546912,0.0,0.0,-0.23336391828924163,0.0,0.3333333333333333,90,0.0,25.84,0,0,0,hold,hold,,"No delta (current=0, target=0)"
COLD,0.029969907720398325,0.06557353655637956,0.0,0.0,-0.07684097878754534,0.0,0.3333333333333333,90,0.0,10.87,0,0,0,hold,hold,,"No delta (current=0, target=0)"
COLL,0.27392254972197405,0.4351044648460081,0.0,0.0,-0.20962319565012827,0.0,0.3333333333333333,90,0.0,45.335,0,0,0,hold,hold,,"No delta (current=0, target=0)"
COLM,0.03631135751974608,0.10443956593041068,0.0,0.0,-0.1680732677122477,0.0,0.3333333333333333,90,0.0,51.24,0,0,0,hold,hold,,"No delta (current=0, target=0)"
COMM,0.20445001138900323,0.35758659587409836,0.0,0.0,-0.25495974206628214,0.0,0.3333333333333333,90,0.0,16.815,0,0,0,hold,hold,,"No delta (current=0, target=0)"
COMP,0.2401271892625643,0.333320650590447,0.0,0.0,-0.03945319472108391,0.0,0.3333333333333333,90,0.0,9.425,0,319,-319,sell,pending_new,e5e95db5-0d50-4455-b58d-7db643473182,Rebalance: reducing from 319 to 0
COO,0.12302368827550955,0.16816930286008985,0.0,0.0,-0.012413155478231352,0.0,0.3333333333333333,90,0.0,72.32,0,0,0,hold,hold,,"No delta (current=0, target=0)"
COP,0.1835586241100727,0.2347375493796672,0.0,0.0,0.0300218483012892,0.0,0.3333333333333333,90,0.0,89.61,0,0,0,hold,hold,,"No delta (current=0, target=0)"
COR,0.2875158843253048,0.38475356111646114,0.0,0.0,-0.004197146048164192,0.0,0.3333333333333333,90,0.28673139805805825,363.035,78,0,78,buy,risk_rejected,,Total positions limit exceeded: 21 >= 20
CORT,0.08249924216333877,0.1749499931664296,0.0,0.0,-0.19485301084593362,0.0,0.3333333333333333,90,0.0,75.43,0,0,0,hold,hold,,"No delta (current=0, target=0)"
CORZ,0.10562298716911551,0.20099159961230986,0.0,0.0,-0.1804828501604675,0.0,0.3333333333333333,90,0.0,15.84,0,0,0,hold,hold,,"No delta (current=0, target=0)"
CORZW,0.06921506134400494,0.18972209177600885,0.0,0.0,-0.2923060299520067,0.0,0.3333333333333333,90,0.0,9.52,0,0,0,hold,hold,,"No delta (current=0, target=0)"
CORZZ,-0.05559887673427407,0.11581089940709983,0.0,0.0,-0.5698282051583957,0.0,0.3333333333333333,87,0.0,14.66,0,0,0,hold,hold,,"No delta (current=0, target=0)"
COSM,0.011642246992857515,0.1374034470899061,0.0,0.0,-0.3656413532982882,0.0,0.3333333333333333,89,0.0,0.7201,0,0,0,hold,hold,,"No delta (current=0, target=0)"
COST,0.02674156993058434,0.05815232305562113,0.0,0.0,-0.06749068944452603,0.0,0.3333333333333333,90,0.0,901.565,0,0,0,hold,hold,,"No delta (current=0, target=0)"
COTY,-0.09884033650228301,0.04729198192405507,0.0,0.0,-0.5372372917812972,0.0,0.3333333333333333,90,0.0,3.335,0,0,0,hold,hold,,"No delta (current=0, target=0)"
COUR,0.0770457252238176,0.15989818662128855,0.0,0.0,-0.17151165896859522,0.0,0.3333333333333333,90,0.0,8.22,0,0,0,hold,hold,,"No delta (current=0, target=0)"
COYA,0.12407500432283548,0.19535801225660282,0.0,0.0,-0.08977401947846655,0.0,0.3333333333333333,89,0.0,6.0,0,0,0,hold,hold,,"No delta (current=0, target=0)"
CPAY,0.078075590260256,0.16535568801423214,0.0,0.0,-0.1837647030016724,0.0,0.3333333333333333,90,0.0,276.09,0,0,0,hold,hold,,"No delta (current=0, target=0)"
CPB,0.1143012380936631,0.15373839905281883,0.0,0.0,-0.004010244783804058,0.0,0.3333333333333333,90,0.0,31.145,0,0,0,hold,hold,,"No delta (current=0, target=0)"
CPHC,0.0200831514870766,0.08502192310812885,0.0,0.0,-0.17473316337608014,0.0,0.3333333333333333,83,0.0,15.3,0,0,0,hold,hold,,"No delta (current=0, target=0)"
CPK,0.2752962887181809,0.3535982869708176,0.0,0.0,0.04039029396027063,0.0,0.3333333333333333,90,0.0,135.95,0,0,0,hold,hold,,"No delta (current=0, target=0)"
CPRT,0.07733604218611131,0.10230723095432824,0.0,0.0,0.002422475881460544,0.0,0.3333333333333333,90,0.0,41.3,0,0,0,hold,hold,,"No delta (current=0, target=0)"
CPRX,0.20477095580879404,0.2953046864577257,0.0,0.0,-0.06683023613800085,0.0,0.3333333333333333,90,0.0,22.48,0,0,0,hold,hold,,"No delta (current=0, target=0)"
CPS,0.08811765276638311,0.1771949260867177,0.0,0.0,-0.17911416719462064,0.0,0.3333333333333333,90,0.0,30.34,0,0,0,hold,hold,,"No delta (current=0, target=0)"
CPSH,0.1119683166438227,0.15428073609295145,0.0,0.0,-0.014968941703563547,0.0,0.3333333333333333,90,0.0,3.33,0,0,0,hold,hold,,"No delta (current=0, target=0)"
CPSL,0.1544781136266983,0.20535261907552826,0.0,0.0,0.0018545972802083898,0.0,0.3333333333333333,87,0.0,26.97,0,0,0,hold,hold,,"No delta (current=0, target=0)"
CPSS,0.19979767656330383,0.2746562603288314,0.0,0.0,-0.024778074733278817,0.0,0.3333333333333333,89,0.0,8.03,0,0,0,hold,hold,,"No delta (current=0, target=0)"
CPT,0.15207097960282093,0.20965575552394225,0.0,0.0,-0.020683348160543038,0.0,0.3333333333333333,90,0.0,102.3,0,0,0,hold,hold,,"No delta (current=0, target=0)"
CPZ,0.09554790086281018,0.13344115896074374,0.0,0.0,-0.018131873430990476,0.0,0.3333333333333333,89,0.0,15.11,0,0,0,hold,hold,,"No delta (current=0, target=0)"
CQP,0.1444963114117204,0.1926617485489605,0.0,0.0,0.0,0.0,0.3333333333333333,89,0.0,52.525,0,0,0,hold,hold,,"No delta (current=0, target=0)"
CR,0.05875950042461275,0.1697447098390875,0.0,0.0,-0.2741961278188115,0.0,0.3333333333333333,90,0.0,180.43,0,0,0,hold,hold,,"No delta (current=0, target=0)"
CRAI,-0.02208824145711027,0.055820036198542956,0.0,0.0,-0.2558130744240699,0.0,0.3333333333333333,89,0.0,173.055,0,0,0,hold,hold,,"No delta (current=0, target=0)"
CRBP,0.25278703139561426,0.19679151182595658,0.0,0.0,0.4207735901045872,0.0,0.3333333333333333,90,0.0,12.145,0,0,0,hold,hold,,"No delta (current=0, target=0)"
CRBU,-0.04515031923914905,0.16188205994674998,0.0,0.0,-0.666247456796846,0.0,0.3333333333333333,90,0.0,1.905,0,0,0,hold,hold,,"No delta (current=0, target=0)"
CRC,0.12494988683348442,0.16520281901227216,0.0,0.0,0.004191090297121246,0.0,0.3333333333333333,90,0.0,47.76,0,0,0,hold,hold,,"No delta (current=0, target=0)"
CRCT,0.04086246706474265,0.09632245683299415,0.0,0.0,-0.12551750224001185,0.0,0.3333333333333333,90,0.0,4.635,0,0,0,hold,hold,,"No delta (current=0, target=0)"
CRDF,-0.04273315748779309,0.08158787075186973,0.0,0.0,-0.4156962422067815,0.0,0.3333333333333333,90,0.0,2.06,0,0,0,hold,hold,,"No delta (current=0, target=0)"
CRDO,0.04020769472314293,0.2268171367944582,0.0,0.0,-0.5196206314908028,0.0,0.3333333333333333,90,0.0,141.91,0,0,0,hold,hold,,"No delta (current=0, target=0)"
CREX,0.19566132378692327,0.2544968500644704,0.0,0.0,0.019154744954281818,0.0,0.3333333333333333,89,0.0,2.62,0,0,0,hold,hold,,"No delta (current=0, target=0)"
CRF,0.04619877442401073,0.11878302585860995,0.0,0.0,-0.1715539798797869,0.0,0.3333333333333333,90,0.0,7.8,0,0,0,hold,hold,,"No delta (current=0, target=0)"
CRH,0.03842527726866582,0.1119661714348392,0.0,0.0,-0.1821974052298543,0.0,0.3333333333333333,90,0.0,109.25,0,0,0,hold,hold,,"No delta (current=0, target=0)"
CRI,0.005847499093515619,0.19865013286286007,0.0,0.0,-0.5725604022145176,0.0,0.3333333333333333,90,0.0,28.91,0,0,0,hold,hold,,"No delta (current=0, target=0)"
CRIS,0.106475614792562,0.12820121627151276,0.0,0.0,0.04129881035570972,0.0,0.3333333333333333,89,0.0,1.22,0,0,0,hold,hold,,"No delta (current=0, target=0)"
CRK,0.28170179204274487,0.39669627644650163,0.0,0.0,-0.06328166116852547,0.0,0.3333333333333333,90,0.0,24.93,0,0,0,hold,hold,,"No delta (current=0, target=0)"
CRL,0.04038719138560386,0.13249131045545712,0.0,0.0,-0.23592516582395587,0.0,0.3333333333333333,90,0.0,163.3,0,0,0,hold,hold,,"No delta (current=0, target=0)"
CRM,-0.024317297148366054,0.05270623940299962,0.0,0.0,-0.25538790680246304,0.0,0.3333333333333333,90,0.0,233.16,0,0,0,hold,hold,,"No delta (current=0, target=0)"
CRMD,-0.058788476459457915,0.08881051520154526,0.0,0.0,-0.5015854514424674,0.0,0.3333333333333333,90,0.0,10.165,0,0,0,hold,hold,,"No delta (current=0, target=0)"
CRMT,-0.013656774317275073,0.045874190132025934,0.0,0.0,-0.19224966766517806,0.0,0.3333333333333333,90,0.0,18.76,0,0,0,hold,hold,,"No delta (current=0, target=0)"
CRNC,-0.08336045595541562,0.08343489593995243,0.0,0.0,-0.5837465116415197,0.0,0.3333333333333333,90,0.0,7.91,0,0,0,hold,hold,,"No delta (current=0, target=0)"
CRNT,-0.0383952445457287,0.12124969217151382,0.0,0.0,-0.5173300546974562,0.0,0.3333333333333333,90,0.0,2.01,0,0,0,hold,hold,,"No delta (current=0, target=0)"
CRNX,0.19232025356971863,0.24009640482378553,0.0,0.0,0.048991799807517944,0.0,0.3333333333333333,90,0.0,43.25,0,0,0,hold,hold,,"No delta (current=0, target=0)"
CROX,0.10969520253701613,0.07733462919895796,0.0,0.0,0.2067769225511906,0.0,0.3333333333333333,90,0.0,77.6,0,0,0,hold,hold,,"No delta (current=0, target=0)"
CRS,0.3034376745141506,0.43817995977078017,0.0,0.0,-0.1007891812557382,0.0,0.3333333333333333,90,0.0,325.275,0,0,0,hold,hold,,"No delta (current=0, target=0)"
CRSR,-0.06957647732109053,0.0775504493810192,0.0,0.0,-0.5109572574274196,0.0,0.3333333333333333,90,0.0,5.82,0,0,0,hold,hold,,"No delta (current=0, target=0)"
CRT,0.2785425986056664,0.35416411151137545,0.0,0.0,0.05167805988853903,0.0,0.3333333333333333,89,0.0,8.79,0,0,0,hold,hold,,"No delta (current=0, target=0)"
CRUS,0.00861785849375594,0.08750886860675672,0.0,0.0,-0.22805517184524635,0.0,0.3333333333333333,90,0.0,115.84,0,0,0,hold,hold,,"No delta (current=0, target=0)"
CRVL,-0.02791673892926998,0.05556301091354768,0.0,0.0,-0.2783559884577229,0.0,0.3333333333333333,90,0.0,72.88,0,0,0,hold,hold,,"No delta (current=0, target=0)"
CRVO,0.2622519014473876,0.2419644117547286,0.0,0.0,0.3231143705253644,0.0,0.3333333333333333,89,0.0,7.96,0,0,0,hold,hold,,"No delta (current=0, target=0)"
CRVS,0.40077383594491617,0.3625488366128065,0.0,0.0,0.515448833941245,0.0,0.3333333333333333,90,0.0,9.135,0,0,0,hold,hold,,"No delta (current=0, target=0)"
CRWD,0.12881454964643924,0.2568289295324103,0.0,0.0,-0.255228590011474,0.0,0.3333333333333333,90,0.0,517.3,0,0,0,hold,hold,,"No delta (current=0, target=0)"
CRWS,0.15104217835037842,0.21047822695073756,0.0,0.0,-0.027265967450698928,0.0,0.3333333333333333,88,0.0,2.735,0,0,0,hold,hold,,"No delta (current=0, target=0)"
