symbol,alpha_factors_score,ml_features_score,technical_score,fundamental_score,sentiment_score,ml_predictor_score,composite_score,confidence,num_factors_computed
ADT,0.12182324980865308,0.0,0.0,0.0,-0.2952390504778309,0.0,0.017557674737032087,0.2857142857142857,90
AIMD,0.15001200320415112,0.0,0.0,0.0,-0.7991132184001473,0.0,-0.08726930219692351,0.2857142857142857,89
AIRS,0.11199729574910303,0.0,0.0,0.0,-0.9024361298295148,0.0,-0.14161106064555148,0.2857142857142857,90
ALGT,0.23266357808877172,0.0,0.0,0.0,-0.3409876884157611,0.0,0.08925076146263851,0.2857142857142857,90
ALKT,0.12588978438323112,0.0,0.0,0.0,0.20144107141232453,0.0,0.14477760614050447,0.2857142857142857,90
ALX,0.12855083561904163,0.0,0.0,0.0,-0.1703276276415701,0.0,0.053831219803888684,0.2857142857142857,89
AMPY,0.346056796973796,0.0,0.0,0.0,-0.2849605811659645,0.0,0.18830245243885582,0.2857142857142857,90
ARAY,0.07509430809172342,0.0,0.0,0.0,-0.6715239282944881,0.0,-0.1115602510048295,0.2857142857142857,90
ATKR,0.2422078686415173,0.0,0.0,0.0,0.13840218455452596,0.0,0.21625644761976945,0.2857142857142857,90
BCAL,0.2961058083161407,0.0,0.0,0.0,-0.15426715296466192,0.0,0.18351256799594004,0.2857142857142857,90
BFZ,0.11096173249467724,0.0,0.0,0.0,-0.03656348282011434,0.0,0.07408042866597934,0.2857142857142857,89
BHFAO,0.25130910074198304,0.0,0.0,0.0,-0.0970761588871711,0.0,0.16421278583469448,0.2857142857142857,89
BKHAR,0.004618625315503179,0.0,0.0,0.0,0.0,0.0,0.003463968986627384,0.2857142857142857,73
BZUN,0.09985150734710785,0.0,0.0,0.0,-0.20875035399629494,0.0,0.022701042011257142,0.2857142857142857,90
CAAS,0.1501491399893147,0.0,0.0,0.0,-0.3167713956558177,0.0,0.03341900607803159,0.2857142857142857,86
CERS,0.3238523102768337,0.0,0.0,0.0,-0.3027097293321085,0.0,0.16721180037459815,0.2857142857142857,90
CHSCM,0.19675836558835622,0.0,0.0,0.0,-0.009979708592053462,0.0,0.1450738470432538,0.2857142857142857,89
CMCM,0.025199031776948516,0.0,0.0,0.0,-0.3166045481064687,0.0,-0.060251863193905804,0.2857142857142857,86
CNOBP,0.10903061357058944,0.0,0.0,0.0,-0.06604674639950349,0.0,0.06526127357806621,0.2857142857142857,82
COR,0.3594938253903712,0.0,0.0,0.0,-0.06297566850168675,0.0,0.25387645191735675,0.2857142857142857,90
CRDO,0.23838069631957098,0.0,0.0,0.0,-0.040883429194773606,0.0,0.16856466494098485,0.2857142857142857,90
CVNA,0.2868293820951617,0.0,0.0,0.0,0.1733721586595583,0.0,0.25846507623626086,0.2857142857142857,90
CWST,0.2807578662282678,0.0,0.0,0.0,0.19863580498635047,0.0,0.26022735091778854,0.2857142857142857,90
DKS,0.06147553497448533,0.0,0.0,0.0,-0.29466118952072995,0.0,-0.027558646149318498,0.2857142857142857,90
EE,0.2807218836010606,0.0,0.0,0.0,0.02834779045839979,0.0,0.21762836031539537,0.2857142857142857,90
ELC,0.15517483573814606,0.0,0.0,0.0,-0.02855006869423119,0.0,0.10924360963005174,0.2857142857142857,86
ELF,0.06798313428178103,0.0,0.0,0.0,-0.21017967408355914,0.0,-0.001557567809554024,0.2857142857142857,90
EME,0.19402349535403005,0.0,0.0,0.0,-0.10288958282307457,0.0,0.11979522580975387,0.2857142857142857,90
ESHA,0.21989829347003154,0.0,0.0,0.0,0.0,0.0,0.16492372010252365,0.2857142857142857,81
ESTC,0.25374993796492845,0.0,0.0,0.0,-0.16760732718549792,0.0,0.14841062167732186,0.2857142857142857,90
EVEX,0.08974432060209625,0.0,0.0,0.0,-0.3453409177075573,0.0,-0.01902698897531716,0.2857142857142857,90
EWTX,0.4101982823487665,0.0,0.0,0.0,0.43533013601287485,0.0,0.41648124576479356,0.2857142857142857,90
FDX,0.3192184980767846,0.0,0.0,0.0,-0.09317467154847073,0.0,0.21612020567047077,0.2857142857142857,90
FSLY,0.46065419505104827,0.0,0.0,0.0,-0.23172727543654706,0.0,0.2875588274291494,0.2857142857142857,90
GJR,0.22179049717427946,0.0,0.0,0.0,0.0,0.0,0.1663428728807096,0.2857142857142857,79
GM,0.3199117115349654,0.0,0.0,0.0,-0.23472851580309387,0.0,0.18125165470045057,0.2857142857142857,90
GYRE,0.15165117283913465,0.0,0.0,0.0,-0.26731746342417373,0.0,0.04690901377330755,0.2857142857142857,90
HBNC,0.15157551483032225,0.0,0.0,0.0,-0.10532926295258616,0.0,0.08734932038459514,0.2857142857142857,90
HFWA,0.13009941977147982,0.0,0.0,0.0,0.0,0.0,0.09757456482860986,0.2857142857142857,90
HGBL,0.17187794215744084,0.0,0.0,0.0,0.1928662925292509,0.0,0.17712502975039338,0.2857142857142857,87
HPK,0.1333534108170817,0.0,0.0,0.0,-0.16044153444768705,0.0,0.05990467450088951,0.2857142857142857,90
HRTG,0.3855914301406083,0.0,0.0,0.0,-0.4040880825225959,0.0,0.18817155197480726,0.2857142857142857,90
IPHA,0.14973085320623444,0.0,0.0,0.0,-0.2545517705985868,0.0,0.04866019725502912,0.2857142857142857,88
JDZG,0.04077529425081179,0.0,0.0,0.0,-0.3971745912208268,0.0,-0.06871217711709789,0.2857142857142857,87
JQC,0.06835135764833158,0.0,0.0,0.0,-0.13145810770395974,0.0,0.01839899131025875,0.2857142857142857,90
JSM,0.11565443064965432,0.0,0.0,0.0,0.0,0.0,0.08674082298724074,0.2857142857142857,86
ACGL,0.2845732635726755,0.0,0.0,0.0,-0.08656588714113937,0.0,0.19178847589422177,0.2857142857142857,90
ACRS,0.31263355104689755,0.0,0.0,0.0,0.3118384872107299,0.0,0.31243478508785566,0.2857142857142857,90
AENTW,0.322878592090706,0.0,0.0,0.0,0.5813099765336994,0.0,0.3874864382014544,0.2857142857142857,83
AN,0.20691065044387563,0.0,0.0,0.0,0.07060351002512964,0.0,0.17283386533918915,0.2857142857142857,90
APP,0.08561357887935722,0.0,0.0,0.0,-0.2315214348843979,0.0,0.006329825438418432,0.2857142857142857,90
ARCT,0.014770649028693813,0.0,0.0,0.0,-0.8060875171598821,0.0,-0.1904438925184502,0.2857142857142857,90
ARES,0.10338463481670836,0.0,0.0,0.0,-0.11259850027585264,0.0,0.049388851043568105,0.2857142857142857,90
B,0.3771726212558704,0.0,0.0,0.0,0.18063800091602805,0.0,0.32803896617090983,0.2857142857142857,90
BGT,0.10881537067339928,0.0,0.0,0.0,-0.1479975112612334,0.0,0.04461215018974111,0.2857142857142857,90
BLBX,0.22190772302093875,0.0,0.0,0.0,0.0765168091120267,0.0,0.18555999454371075,0.2857142857142857,89
BOW,0.2802491990734284,0.0,0.0,0.0,-0.10748370837944936,0.0,0.18331597221020896,0.2857142857142857,90
CBAN,0.14455172641130865,0.0,0.0,0.0,-0.07453387480507832,0.0,0.0897803261072119,0.2857142857142857,90
CCEP,0.22952289675380283,0.0,0.0,0.0,-0.11919279745029973,0.0,0.1423439732027772,0.2857142857142857,90
CCIF,0.16964843033260127,0.0,0.0,0.0,-0.35648114141899223,0.0,0.03811603739470288,0.2857142857142857,90
CLH,0.18225324589088834,0.0,0.0,0.0,0.1851619878345122,0.0,0.18298043137679432,0.2857142857142857,90
CLIK,0.35911261355487417,0.0,0.0,0.0,0.5195751134679519,0.0,0.39922823853314365,0.2857142857142857,88
CORZZ,0.09554611350497956,0.0,0.0,0.0,-0.11606353350581707,0.0,0.042643701752280404,0.2857142857142857,87
CPA,0.26732414117547615,0.0,0.0,0.0,0.032665508114157214,0.0,0.2086594829101464,0.2857142857142857,90
CRCT,0.11336348360857446,0.0,0.0,0.0,-0.04855789384286112,0.0,0.07288313924571556,0.2857142857142857,90
CRTO,0.12867779599525234,0.0,0.0,0.0,-0.36902271768686506,0.0,0.004252667574722966,0.2857142857142857,90
CVM,0.06629019368859462,0.0,0.0,0.0,-0.22620738448741629,0.0,-0.006834200855408112,0.2857142857142857,88
CVV,0.09674002274611823,0.0,0.0,0.0,0.1092797163869346,0.0,0.09987494615632232,0.2857142857142857,88
DDD,0.10190711124955472,0.0,0.0,0.0,-0.4126485042719073,0.0,-0.0267317926308108,0.2857142857142857,90
DTSQR,0.09177474941671686,0.0,0.0,0.0,0.0,0.0,0.06883106206253765,0.2857142857142857,82
DYCQR,0.3125926072816442,0.0,0.0,0.0,0.2952019674594614,0.0,0.30824494732609853,0.2857142857142857,81
ENLT,0.3533922364504644,0.0,0.0,0.0,-0.15222995233896425,0.0,0.22698668925310725,0.2857142857142857,89
EPC,0.11676881707136925,0.0,0.0,0.0,-0.2589155201508484,0.0,0.022847732765814827,0.2857142857142857,90
EVGN,0.0625350731797746,0.0,0.0,0.0,0.0,0.0,0.04690130488483094,0.2857142857142857,87
EXG,0.1309189597862093,0.0,0.0,0.0,-0.1660166144423011,0.0,0.05668506622908168,0.2857142857142857,90
FENC,0.22614844902134715,0.0,0.0,0.0,0.22330066979354193,0.0,0.22543650421439584,0.2857142857142857,90
FOXX,0.01962037864558086,0.0,0.0,0.0,-0.9730799197902754,0.0,-0.22855469596338324,0.2857142857142857,87
FSBC,0.23034361189152944,0.0,0.0,0.0,-0.21474697729948947,0.0,0.11907096459377471,0.2857142857142857,89
GIFT,0.1561412391660308,0.0,0.0,0.0,-0.06716331055247053,0.0,0.10031510173640545,0.2857142857142857,86
GPATW,0.03228979351039433,0.0,0.0,0.0,0.0,0.0,0.024217345132795744,0.2857142857142857,84
GPN,0.06698270408449988,0.0,0.0,0.0,-0.22160621240081563,0.0,-0.005164525036829002,0.2857142857142857,90
GVA,0.18304121537981982,0.0,0.0,0.0,-0.013613862734652373,0.0,0.1338774458512018,0.2857142857142857,90
ICG,0.32769548774127294,0.0,0.0,0.0,0.9909369674546333,0.0,0.493505857669613,0.2857142857142857,87
ILLR,0.06898475166112059,0.0,0.0,0.0,-0.4416519816647144,0.0,-0.05867443167033818,0.2857142857142857,89
IMOS,0.5139848232827954,0.0,0.0,0.0,0.3272730284646351,0.0,0.46730687457825526,0.2857142857142857,87
INBK,0.14039739393419967,0.0,0.0,0.0,-0.1873221043634535,0.0,0.05846751935978636,0.2857142857142857,89
IQV,0.2544189995428616,0.0,0.0,0.0,-0.1375516999722944,0.0,0.1564263246640726,0.2857142857142857,90
IXHL,0.0794669784973115,0.0,0.0,0.0,-0.3034306346062178,0.0,-0.01625742477857083,0.2857142857142857,90
ADBE,0.0834205282828077,0.0,0.0,0.0,-0.22872362677907748,0.0,0.005384489517336403,0.2857142857142857,90
AMRC,0.11025175793228476,0.0,0.0,0.0,-0.07047308547725657,0.0,0.06507054707989943,0.2857142857142857,90
ANSCW,0.06274312274513123,0.0,0.0,0.0,0.0,0.0,0.04705734205884842,0.2857142857142857,76
APPS,0.18016970822478823,0.0,0.0,0.0,-0.5851130760616191,0.0,-0.011150987846813622,0.2857142857142857,90
ARQ,0.057968039249253187,0.0,0.0,0.0,-0.08383636531402078,0.0,0.022516938108434695,0.2857142857142857,90
AVTX,0.2948185647029929,0.0,0.0,0.0,0.7353407574769999,0.0,0.40494911289649466,0.2857142857142857,90
AXGN,0.49461660371443483,0.0,0.0,0.0,0.2556081541179806,0.0,0.4348644913153213,0.2857142857142857,90
BBDO,0.36505541418292364,0.0,0.0,0.0,-0.05549847010902561,0.0,0.25991694310993635,0.2857142857142857,88
BEPJ,0.25058104309075546,0.0,0.0,0.0,-0.03899699073344704,0.0,0.17818653463470482,0.2857142857142857,87
BG,0.20671119160179147,0.0,0.0,0.0,-0.19041162436559994,0.0,0.10743048760994361,0.2857142857142857,90
BLTE,0.44146825126009304,0.0,0.0,0.0,0.3621350708041706,0.0,0.42163495614611246,0.2857142857142857,89
BNAI,0.2022083833728004,0.0,0.0,0.0,-0.115940015013859,0.0,0.12267128377613555,0.2857142857142857,89
BSM,0.2303848818277709,0.0,0.0,0.0,-0.02012905231339405,0.0,0.16775639829247968,0.2857142857142857,90
BSX,0.2206472241415192,0.0,0.0,0.0,-0.36574175077303017,0.0,0.07404998041288184,0.2857142857142857,90
CBZ,0.03635733717898601,0.0,0.0,0.0,-0.1479166463721486,0.0,-0.009711158708797648,0.2857142857142857,90
CDROW,-0.02692835064432977,0.0,0.0,0.0,-0.41931313151520333,0.0,-0.12502454586204817,0.2857142857142857,82
CIGI,0.1000364698688086,0.0,0.0,0.0,-0.33542766186398054,0.0,-0.008829563064388703,0.2857142857142857,90
DD,0.13983583084589424,0.0,0.0,0.0,-0.32661578552725823,0.0,0.02322292675260611,0.2857142857142857,90
DMO,0.17325529383668886,0.0,0.0,0.0,-0.01039895957612722,0.0,0.12734173048348485,0.2857142857142857,89
DXLG,0.09289531163532215,0.0,0.0,0.0,-0.3964145232866702,0.0,-0.029432147095175946,0.2857142857142857,88
EEFT,0.07578613160356615,0.0,0.0,0.0,-0.04269082453243497,0.0,0.04616689256956587,0.2857142857142857,90
EMPD,0.07141089146220986,0.0,0.0,0.0,-0.6988140461752831,0.0,-0.1211453429471634,0.2857142857142857,90
EOI,0.056217547645102756,0.0,0.0,0.0,-0.11752546579773737,0.0,0.012781794284392719,0.2857142857142857,89
ETY,0.08148011561173947,0.0,0.0,0.0,-0.11590623320807561,0.0,0.0321335284067857,0.2857142857142857,90
FA,0.16266288282534005,0.0,0.0,0.0,-0.27104314727417744,0.0,0.05423637530046067,0.2857142857142857,90
FBLG,0.14612183580613386,0.0,0.0,0.0,0.19554243880220495,0.0,0.15847698655515166,0.2857142857142857,89
FBRT,0.10828999248406736,0.0,0.0,0.0,-0.11438232865102799,0.0,0.05262191220029352,0.2857142857142857,90
FGL,0.1684153894459059,0.0,0.0,0.0,0.40233050165887063,0.0,0.2268941674991471,0.2857142857142857,89
FINV,0.1642964667734174,0.0,0.0,0.0,-0.3917852676957013,0.0,0.025276033156137693,0.2857142857142857,90
GBIO,0.12318454843394123,0.0,0.0,0.0,-0.37493592192538727,0.0,-0.0013455691558909024,0.2857142857142857,89
GDL,0.010699694042134274,0.0,0.0,0.0,0.0,0.0,0.008024770531600707,0.2857142857142857,79
GMRE,0.25571517147475475,0.0,0.0,0.0,-0.09484815489638529,0.0,0.16807433988196974,0.2857142857142857,90
GRNQ,0.29812799359119874,0.0,0.0,0.0,0.0,0.0,0.22359599519339904,0.2857142857142857,88
GSBC,0.10443422688004488,0.0,0.0,0.0,-0.1413666847716137,0.0,0.04298399896713022,0.2857142857142857,89
HASI,0.3806093211634308,0.0,0.0,0.0,0.01742511891568508,0.0,0.2898132706014944,0.2857142857142857,90
HOVR,0.1646273290326389,0.0,0.0,0.0,-0.9533507078281936,0.0,-0.11486718018256926,0.2857142857142857,90
HTFB,-0.013204945785955312,0.0,0.0,0.0,0.0,0.0,-0.009903709339466485,0.2857142857142857,73
HTFC,0.36410728244021434,0.0,0.0,0.0,0.034288409278123516,0.0,0.28165256414969164,0.2857142857142857,84
HVT,0.2973270054809414,0.0,0.0,0.0,-0.057808373756461535,0.0,0.20854316067159065,0.2857142857142857,90
IBN,0.1358652588729755,0.0,0.0,0.0,0.02582570585943385,0.0,0.10835537061959007,0.2857142857142857,90
IKT,0.16911644021894628,0.0,0.0,0.0,-0.09347630396922794,0.0,0.10346825417190272,0.2857142857142857,90
IREN,0.2543869903946187,0.0,0.0,0.0,-0.2730728637884752,0.0,0.12252202684884521,0.2857142857142857,90
IRTC,0.14968424829410468,0.0,0.0,0.0,-0.04210658674333608,0.0,0.10173653953474449,0.2857142857142857,90
ABEV,0.376823921773781,0.0,0.0,0.0,-0.11825596006358484,0.0,0.25305395131443953,0.2857142857142857,90
ABT,0.282144138004707,0.0,0.0,0.0,-0.11819780440440245,0.0,0.18205865240242963,0.2857142857142857,90
ACMR,0.14297662488774704,0.0,0.0,0.0,-0.17431189125549118,0.0,0.06365449585193748,0.2857142857142857,90
AIZN,0.1418285775853515,0.0,0.0,0.0,0.10296045813917033,0.0,0.13211154772380623,0.2857142857142857,87
ALK,0.05984863808303827,0.0,0.0,0.0,-0.41444659601510825,0.0,-0.05872517044149837,0.2857142857142857,90
AOSL,0.1449055669614702,0.0,0.0,0.0,-0.07940805629901866,0.0,0.08882716114634798,0.2857142857142857,90
ARKOW,0.02533152356065665,0.0,0.0,0.0,-0.0996679946249559,0.0,-0.005918355985746492,0.2857142857142857,87
AROC,0.09148134673244337,0.0,0.0,0.0,-0.011711559901271582,0.0,0.06568312007401464,0.2857142857142857,90
BANR,0.06818258046521826,0.0,0.0,0.0,-0.118259137969268,0.0,0.021572150856596688,0.2857142857142857,90
BIAFW,0.0960245737939784,0.0,0.0,0.0,0.0,0.0,0.0720184303454838,0.2857142857142857,76
BKYI,0.37568682187137875,0.0,0.0,0.0,-0.31359081682946216,0.0,0.20336741219616852,0.2857142857142857,89
CACC,0.11169085897637292,0.0,0.0,0.0,-0.17463793768247163,0.0,0.04010865981166177,0.2857142857142857,89
CCNE,0.11082117037590768,0.0,0.0,0.0,-0.16552963433956167,0.0,0.04173346919704034,0.2857142857142857,90
CDLR,0.1491831106579087,0.0,0.0,0.0,-0.5282838712030794,0.0,-0.020183634807338344,0.2857142857142857,90
CDT,0.15547032079777076,0.0,0.0,0.0,-0.7686209872960793,0.0,-0.07555250622569179,0.2857142857142857,88
CIFRW,0.20856285846753825,0.0,0.0,0.0,0.7094111975404634,0.0,0.33377494323576956,0.2857142857142857,89
CL,0.18187776594113667,0.0,0.0,0.0,-0.020306931256234367,0.0,0.13133159164179392,0.2857142857142857,90
CLNNW,-0.09382814322095273,0.0,0.0,0.0,-0.05429438042277862,0.0,-0.0839447025214092,0.2857142857142857,82
CMCL,0.15116528606056356,0.0,0.0,0.0,-0.08931103853756468,0.0,0.0910462049110315,0.2857142857142857,90
CMTG,0.12231894774589452,0.0,0.0,0.0,-0.4317504558959728,0.0,-0.016198403164572318,0.2857142857142857,90
CPHI,0.18391428382871036,0.0,0.0,0.0,0.2913126124515912,0.0,0.21076386598443056,0.2857142857142857,88
CRBP,0.1498560938007761,0.0,0.0,0.0,0.33497028095783865,0.0,0.19613464059004174,0.2857142857142857,90
DBGI,0.12474306272578062,0.0,0.0,0.0,-0.052721519404298506,0.0,0.08037691719326083,0.2857142857142857,89
DG,0.2346344442944585,0.0,0.0,0.0,-0.21538353869708407,0.0,0.12212994854657287,0.2857142857142857,90
DPZ,0.04796036579024106,0.0,0.0,0.0,-0.10727827694584403,0.0,0.009150705106219783,0.2857142857142857,90
DRD,0.3632571724006047,0.0,0.0,0.0,0.19850933372447482,0.0,0.3220702127315722,0.2857142857142857,90
EFT,0.10865721752975332,0.0,0.0,0.0,-0.09984047704479104,0.0,0.056532793886117226,0.2857142857142857,90
EVTC,0.16650024125933338,0.0,0.0,0.0,-0.09323404420907651,0.0,0.10156666989223091,0.2857142857142857,90
EXP,0.09538272785090025,0.0,0.0,0.0,0.026472298315195868,0.0,0.07815512046697416,0.2857142857142857,90
FANG,0.304193401078179,0.0,0.0,0.0,0.14644632205265481,0.0,0.26475663132179794,0.2857142857142857,90
FMSTW,0.14955436374866418,0.0,0.0,0.0,0.0,0.0,0.11216577281149813,0.2857142857142857,83
FOA,0.20048163129629357,0.0,0.0,0.0,0.09842166174146648,0.0,0.1749666389075868,0.2857142857142857,90
FSHP,0.2685074068666029,0.0,0.0,0.0,0.0,0.0,0.20138055514995218,0.2857142857142857,81
FTAIN,0.155448262389001,0.0,0.0,0.0,0.02156528345716461,0.0,0.12197751765604191,0.2857142857142857,86
GAMB,0.07318144203884443,0.0,0.0,0.0,-0.42775270255694464,0.0,-0.05205209411010286,0.2857142857142857,90
GRC,0.09931972523880367,0.0,0.0,0.0,-0.23421201723818155,0.0,0.015936789619557353,0.2857142857142857,89
HLT,0.2512753632163448,0.0,0.0,0.0,-0.050915832186941026,0.0,0.17572756436552334,0.2857142857142857,90
HOWL,0.06787263496674056,0.0,0.0,0.0,-0.02474475939885783,0.0,0.04471828637534096,0.2857142857142857,90
HUM,0.07164486451489203,0.0,0.0,0.0,-0.16356839374366802,0.0,0.012841549950252011,0.2857142857142857,90
IMCR,0.33575182109632606,0.0,0.0,0.0,0.3943655884906617,0.0,0.35040526294491,0.2857142857142857,90
INFY,0.1677701049805743,0.0,0.0,0.0,0.10284942463643404,0.0,0.15153993489453924,0.2857142857142857,90
IVVD,0.44883313559644444,0.0,0.0,0.0,0.9681650997245669,0.0,0.5786661266284752,0.2857142857142857,90
JOBY,0.1507514611445506,0.0,0.0,0.0,-0.3600504645753975,0.0,0.02305097971456355,0.2857142857142857,90
JOYY,0.2884888606164617,0.0,0.0,0.0,0.12331143963997404,0.0,0.24719450537233975,0.2857142857142857,90
AEVA,0.1334021499080042,0.0,0.0,0.0,-0.35636376129373365,0.0,0.010960672107569723,0.2857142857142857,90
AGNCO,0.10883939319041196,0.0,0.0,0.0,0.003958807505644451,0.0,0.08261924676922007,0.2857142857142857,88
ALVO,0.08630082482529189,0.0,0.0,0.0,-0.24449211101773322,0.0,0.003602590864535599,0.2857142857142857,90
AMOD,0.06065075074448475,0.0,0.0,0.0,-0.7658017853713218,0.0,-0.14596238328446692,0.2857142857142857,89
ANNA,-0.038754782754611174,0.0,0.0,0.0,0.0,0.0,-0.02906608706595838,0.2857142857142857,76
ATRO,0.2955879520566373,0.0,0.0,0.0,0.015760338189589822,0.0,0.2256310485898754,0.2857142857142857,90
AUDC,0.18070847554499817,0.0,0.0,0.0,-0.30543962219875914,0.0,0.059171451109058824,0.2857142857142857,90
AUR,0.10670906349464297,0.0,0.0,0.0,-0.37270970577342527,0.0,-0.013145628822374108,0.2857142857142857,90
AVB,0.11707273655846269,0.0,0.0,0.0,-0.001694817878984271,0.0,0.08738084794910095,0.2857142857142857,90
BKR,0.3118196350419746,0.0,0.0,0.0,0.1033142518801676,0.0,0.25969328925152285,0.2857142857142857,90
BLMZ,0.07638731056806343,0.0,0.0,0.0,-0.886443056065331,0.0,-0.1643202810902852,0.2857142857142857,90
BMEZ,0.15322117848113034,0.0,0.0,0.0,-0.10984904817849998,0.0,0.08745362181622275,0.2857142857142857,90
BPYPN,0.2019683155335993,0.0,0.0,0.0,-0.03567364928126343,0.0,0.14255782432988365,0.2857142857142857,87
BRTX,0.22739201876785692,0.0,0.0,0.0,0.5648995528462246,0.0,0.31176890228744886,0.2857142857142857,87
CCJ,0.3104753951131381,0.0,0.0,0.0,0.013661146454476839,0.0,0.23627183294847276,0.2857142857142857,90
CDRE,0.18864479760952407,0.0,0.0,0.0,-0.3523643966006901,0.0,0.05339249905697053,0.2857142857142857,90
CHSCN,0.10582129364463629,0.0,0.0,0.0,0.0,0.0,0.07936597023347722,0.2857142857142857,83
CMCT,0.537873251176443,0.0,0.0,0.0,0.9998152373963096,0.0,0.6533587477314097,0.2857142857142857,88
CYBR,0.1487536602667201,0.0,0.0,0.0,-0.11883059954524054,0.0,0.08185759531372994,0.2857142857142857,90
DERM,0.27264408262120016,0.0,0.0,0.0,-0.03567596228404637,0.0,0.19556407139488852,0.2857142857142857,90
DLR,0.13236789944486782,0.0,0.0,0.0,0.03633728485132609,0.0,0.10836024579648239,0.2857142857142857,90
DMRC,0.04366363956442203,0.0,0.0,0.0,-0.5310475611079184,0.0,-0.1000141606036631,0.2857142857142857,90
EGP,0.24408470111835767,0.0,0.0,0.0,-0.005912759114955935,0.0,0.18158533606002927,0.2857142857142857,90
EQ,0.13239192644752362,0.0,0.0,0.0,0.7726911410499063,0.0,0.29246673009811935,0.2857142857142857,90
ESGLW,-0.005856623308895151,0.0,0.0,0.0,0.0,0.0,-0.004392467481671363,0.2857142857142857,73
FELE,0.05121924963355982,0.0,0.0,0.0,-0.14053287311119914,0.0,0.003281218947370074,0.2857142857142857,90
FHI,0.1718796889783284,0.0,0.0,0.0,-0.1193231347933823,0.0,0.0990789830354007,0.2857142857142857,90
FISK,0.01462104678198961,0.0,0.0,0.0,0.0,0.0,0.010965785086492208,0.2857142857142857,82
FLOW,0.14110188140506294,0.0,0.0,0.0,-0.18034201876193304,0.0,0.06074090636331393,0.2857142857142857,84
FLYE,0.4090578308474536,0.0,0.0,0.0,-0.8617701287876062,0.0,0.09135084093868866,0.2857142857142857,89
GCT,0.39636565540409663,0.0,0.0,0.0,0.10268835853802175,0.0,0.32294633118757793,0.2857142857142857,90
GLPG,0.097061741608163,0.0,0.0,0.0,-0.15760718680575453,0.0,0.03339450950468361,0.2857142857142857,90
GPOR,0.4049519823490891,0.0,0.0,0.0,0.0265806432811549,0.0,0.31035914758210553,0.2857142857142857,90
GRDN,0.22988331336074735,0.0,0.0,0.0,-0.45732882775226935,0.0,0.05808027808249317,0.2857142857142857,90
GRIN,0.2799405001639157,0.0,0.0,0.0,0.0,0.0,0.20995537512293677,0.2857142857142857,82
HAYW,0.19341225872338888,0.0,0.0,0.0,-0.20770966189160261,0.0,0.093131778569641,0.2857142857142857,90
HCSG,0.19930305971025808,0.0,0.0,0.0,-0.030267568559161927,0.0,0.14191040264290308,0.2857142857142857,90
HFRO,0.15211175731926294,0.0,0.0,0.0,-0.3792854810896288,0.0,0.01926244771703999,0.2857142857142857,90
HNI,0.12805779119591376,0.0,0.0,0.0,0.024363524504750288,0.0,0.10213422452312289,0.2857142857142857,90
HOV,0.01925125138154617,0.0,0.0,0.0,-0.35774716508482873,0.0,-0.07499835273504757,0.2857142857142857,89
ABUS,0.18006529722578418,0.0,0.0,0.0,-0.2930194025439615,0.0,0.06179412228334775,0.2857142857142857,90
ALCO,0.13112281766141304,0.0,0.0,0.0,-0.1121154523861761,0.0,0.07031325014951575,0.2857142857142857,88
ALCY,0.0010126224845374608,0.0,0.0,0.0,0.0,0.0,0.0007594668634030956,0.2857142857142857,76
AMBO,0.14492854905511968,0.0,0.0,0.0,0.012689674133905288,0.0,0.11186883032481608,0.2857142857142857,88
AMH,0.10722596109173106,0.0,0.0,0.0,-0.012629577884337802,0.0,0.07726207634771384,0.2857142857142857,90
ANGO,0.19869711495997408,0.0,0.0,0.0,-0.16500871100378098,0.0,0.10777065846903529,0.2857142857142857,90
AP,0.3840041191993001,0.0,0.0,0.0,0.606347592713803,0.0,0.43958998757792583,0.2857142857142857,89
APLE,0.15310573354521165,0.0,0.0,0.0,-0.10264154338797334,0.0,0.0891689143119154,0.2857142857142857,90
ASH,0.20377071640827388,0.0,0.0,0.0,-0.3641681489223801,0.0,0.06178600007561038,0.2857142857142857,90
BEN,0.13785638766329092,0.0,0.0,0.0,-0.18630820385627658,0.0,0.05681523978339903,0.2857142857142857,90
BEPC,0.33766955022228023,0.0,0.0,0.0,0.004769818345965659,0.0,0.2544446172532016,0.2857142857142857,90
BOKF,0.18171023227162647,0.0,0.0,0.0,-0.05567337746595697,0.0,0.12236432983723061,0.2857142857142857,90
BSET,0.1075486343267609,0.0,0.0,0.0,0.020679574673646135,0.0,0.08583136941348221,0.2857142857142857,89
CAKE,0.09031954130903631,0.0,0.0,0.0,-0.1921732932120643,0.0,0.019696332678761152,0.2857142857142857,90
CCGWW,-0.012442572684881525,0.0,0.0,0.0,0.0,0.0,-0.009331929513661144,0.2857142857142857,73
CENTA,0.13100044468183816,0.0,0.0,0.0,-0.22650522049759292,0.0,0.04162402838698038,0.2857142857142857,90
CHY,0.14084410432994862,0.0,0.0,0.0,-0.15646055434596173,0.0,0.06651793966097103,0.2857142857142857,90
CLLS,0.3606654975902946,0.0,0.0,0.0,0.8522191204800197,0.0,0.4835539033127259,0.2857142857142857,90
CNL,0.14612755326673443,0.0,0.0,0.0,-0.21695125516082814,0.0,0.055357851159843784,0.2857142857142857,89
CNO,0.2816612480846503,0.0,0.0,0.0,-0.20025348676904312,0.0,0.16118256437122697,0.2857142857142857,90
DGXX,0.27745933857712307,0.0,0.0,0.0,-0.2535552834302591,0.0,0.1447056830752775,0.2857142857142857,90
DOX,0.09014206250184074,0.0,0.0,0.0,-0.0991273674385488,0.0,0.04282470501674336,0.2857142857142857,90
DRMA,0.12450633450027396,0.0,0.0,0.0,-0.7656028911851818,0.0,-0.09802097192109,0.2857142857142857,89
DTM,0.3184302422608108,0.0,0.0,0.0,0.08740661231432771,0.0,0.26067433477419005,0.2857142857142857,90
EC,0.33518874036672697,0.0,0.0,0.0,0.21858226234980552,0.0,0.3060371208624966,0.2857142857142857,90
EMF,0.1620572998925486,0.0,0.0,0.0,-0.24145570553555237,0.0,0.06117904853552335,0.2857142857142857,87
FATBB,-0.0434984993884327,0.0,0.0,0.0,0.0,0.0,-0.032623874541324524,0.2857142857142857,76
FLS,0.3711122188721637,0.0,0.0,0.0,-0.049224889204386044,0.0,0.2660279418530263,0.2857142857142857,90
FUN,0.09346640909052838,0.0,0.0,0.0,-0.4678344711785093,0.0,-0.04685881097673105,0.2857142857142857,90
GDHG,0.24399283088910687,0.0,0.0,0.0,0.46845033047873,0.0,0.3001072057865127,0.2857142857142857,87
GDOT,0.08853921067984637,0.0,0.0,0.0,-0.15877161981944143,0.0,0.026711503055024417,0.2857142857142857,90
GEHC,0.11421094096864332,0.0,0.0,0.0,-0.11041867732249912,0.0,0.058053536395857704,0.2857142857142857,90
GOOD,0.10349445391176984,0.0,0.0,0.0,-0.22889459889095573,0.0,0.020397190711088444,0.2857142857142857,90
GUG,0.10792138184690285,0.0,0.0,0.0,-0.022961842473180893,0.0,0.07520057576688191,0.2857142857142857,89
HCWC,0.11857654422651966,0.0,0.0,0.0,-0.3320759828772356,0.0,0.00591341245058083,0.2857142857142857,89
HD,0.1290911528893233,0.0,0.0,0.0,-0.42686116284604925,0.0,-0.009896926044519862,0.2857142857142857,90
HPF,0.1279662507756358,0.0,0.0,0.0,-0.06370462102064536,0.0,0.0800485328265655,0.2857142857142857,89
HRTX,0.15498834676613948,0.0,0.0,0.0,-0.022620574960400472,0.0,0.11058611633450449,0.2857142857142857,90
HTBK,0.2534199875384384,0.0,0.0,0.0,-0.10857504881597506,0.0,0.16292122844983506,0.2857142857142857,90
IDE,0.07112608295728952,0.0,0.0,0.0,-0.0927168825759793,0.0,0.030165341573972305,0.2857142857142857,88
IH,0.29058769337473955,0.0,0.0,0.0,0.15446301650421856,0.0,0.25655652415710933,0.2857142857142857,86
IMAX,0.39850760817669795,0.0,0.0,0.0,0.1921104512898059,0.0,0.346908318954975,0.2857142857142857,90
IQ,0.20541093636709984,0.0,0.0,0.0,0.34269490696545984,0.0,0.23973192901668985,0.2857142857142857,90
ABCL,0.11998787029943961,0.0,0.0,0.0,0.013849529920171171,0.0,0.09345328520462251,0.2857142857142857,90
ABVEW,0.22056525004495767,0.0,0.0,0.0,-0.8553833059043944,0.0,-0.04842188894238037,0.2857142857142857,88
ACONW,0.11984571868934886,0.0,0.0,0.0,0.0,0.0,0.08988428901701165,0.2857142857142857,76
ADAM,0.17915757827640325,0.0,0.0,0.0,-0.10925779587855902,0.0,0.10705373473766268,0.2857142857142857,90
AFRIW,0.27154557055456235,0.0,0.0,0.0,0.0,0.0,0.20365917791592175,0.2857142857142857,86
AGNCN,0.09095614572265451,0.0,0.0,0.0,-0.011787273300745901,0.0,0.06527029096680441,0.2857142857142857,88
ALNY,0.26671309709931873,0.0,0.0,0.0,0.07959157075255788,0.0,0.2199327155126285,0.2857142857142857,90
ASGN,0.10232790306138616,0.0,0.0,0.0,-0.4186437339319239,0.0,-0.027915006186941375,0.2857142857142857,90
BAFN,-0.02700075646808217,0.0,0.0,0.0,-0.05064238825964362,0.0,-0.032911164415972534,0.2857142857142857,84
BETR,0.18704826331119162,0.0,0.0,0.0,-0.6761187102170412,0.0,-0.02874348007086661,0.2857142857142857,89
BNT,0.07550395414419485,0.0,0.0,0.0,-0.05563201754109317,0.0,0.04271996122287284,0.2857142857142857,89
CADE,0.26464667335527176,0.0,0.0,0.0,-0.08967247229097536,0.0,0.17606688694370995,0.2857142857142857,90
CCCC,0.21235558272317082,0.0,0.0,0.0,0.09176564639179675,0.0,0.1822080986403273,0.2857142857142857,90
CGEM,0.31070665363167205,0.0,0.0,0.0,0.10229790290595038,0.0,0.25860446595024167,0.2857142857142857,90
CIB,0.3660104392904341,0.0,0.0,0.0,0.03828322784839391,0.0,0.2840786364299241,0.2857142857142857,90
CLPS,0.030230694574253866,0.0,0.0,0.0,-0.20481785029141739,0.0,-0.028531441642163955,0.2857142857142857,86
CWBC,0.2530874331545965,0.0,0.0,0.0,-0.032486243311311676,0.0,0.18169401403811944,0.2857142857142857,90
CX,0.34957267773616235,0.0,0.0,0.0,0.058698361037498085,0.0,0.2768540985614963,0.2857142857142857,90
DBD,0.3633468570629115,0.0,0.0,0.0,-0.2134381126846017,0.0,0.21915061462603316,0.2857142857142857,90
DHR,0.3078264709712297,0.0,0.0,0.0,0.027115673049974413,0.0,0.2376487714909159,0.2857142857142857,90
DOLE,0.3072409460396013,0.0,0.0,0.0,-0.0647973308106108,0.0,0.21423137682704826,0.2857142857142857,90
ECBK,0.3180293023777115,0.0,0.0,0.0,-0.04834021060893534,0.0,0.22643692413104977,0.2857142857142857,87
ELTK,0.050210064125170276,0.0,0.0,0.0,0.0,0.0,0.03765754809387771,0.2857142857142857,82
ESGL,0.128091568039033,0.0,0.0,0.0,0.0,0.0,0.09606867602927474,0.2857142857142857,76
EURKR,0.2791232739605371,0.0,0.0,0.0,0.0,0.0,0.2093424554704028,0.2857142857142857,83
FDUS,0.16646580394470892,0.0,0.0,0.0,-0.1251977652502333,0.0,0.09354991164597336,0.2857142857142857,90
FLWS,0.10057182198035695,0.0,0.0,0.0,0.23585900190810952,0.0,0.1343936169622951,0.2857142857142857,90
FN,0.30044135331099897,0.0,0.0,0.0,0.18095007471379182,0.0,0.2705685336616972,0.2857142857142857,90
FT,0.1914693590950618,0.0,0.0,0.0,-0.12843796685735978,0.0,0.1114925276069564,0.2857142857142857,89
FTFT,0.06363572520607916,0.0,0.0,0.0,0.0,0.0,0.04772679390455937,0.2857142857142857,83
GGROW,-0.027989602593745156,0.0,0.0,0.0,0.0,0.0,-0.020992201945308868,0.2857142857142857,73
GLU,0.12406307814936554,0.0,0.0,0.0,-0.07777533901405585,0.0,0.0736034738585102,0.2857142857142857,86
GTLB,0.07769385270488141,0.0,0.0,0.0,-0.06979652501667068,0.0,0.04082125827449339,0.2857142857142857,90
HPS,0.1719308862556706,0.0,0.0,0.0,-0.06634757077611608,0.0,0.11236127199772393,0.2857142857142857,89
HXL,0.38819587742699546,0.0,0.0,0.0,0.15956425887668088,0.0,0.3310379727894168,0.2857142857142857,90
IBOC,0.16931435221031438,0.0,0.0,0.0,-0.07355436114773119,0.0,0.10859717387080299,0.2857142857142857,90
ICMB,0.19686416293071957,0.0,0.0,0.0,0.19807671027981272,0.0,0.19716729976799288,0.2857142857142857,89
IGD,0.17820905877278026,0.0,0.0,0.0,-0.048166030618327124,0.0,0.1216152864250034,0.2857142857142857,89
IMDX,0.37775062520014446,0.0,0.0,0.0,-0.8317516913365987,0.0,0.07537504606595867,0.2857142857142857,89
IMMP,0.17256019270569392,0.0,0.0,0.0,-0.37482214623426674,0.0,0.03571460797070374,0.2857142857142857,88
IMSRW,0.1391534849617652,0.0,0.0,0.0,-0.034950793052322,0.0,0.09562741545824338,0.2857142857142857,89
INGR,0.08883520871210002,0.0,0.0,0.0,-0.029717211251664495,0.0,0.05919710372115889,0.2857142857142857,90
IVDA,0.07783632138305877,0.0,0.0,0.0,-0.6926588691843191,0.0,-0.11478747625878571,0.2857142857142857,89
ABTC,0.22719516193552264,0.0,0.0,0.0,0.00529095591812504,0.0,0.17171911043117324,0.2857142857142857,90
AIR,0.1479803536974176,0.0,0.0,0.0,-0.08359634187745182,0.0,0.09008617980370025,0.2857142857142857,90
ATMCW,0.08765166429344158,0.0,0.0,0.0,-0.36670894037556623,0.0,-0.025938486873810385,0.2857142857142857,83
AVTR,0.09458823657174567,0.0,0.0,0.0,-0.2866126222254337,0.0,-0.0007119781275491817,0.2857142857142857,90
BBAR,0.3693489226113334,0.0,0.0,0.0,0.0343114685732426,0.0,0.2855895591018107,0.2857142857142857,90
BGX,0.1666702666185474,0.0,0.0,0.0,-0.016933182305445344,0.0,0.12076940438754921,0.2857142857142857,89
BHRB,0.1831550064445042,0.0,0.0,0.0,-0.21183543860592657,0.0,0.08440739518189651,0.2857142857142857,88
BLRX,0.03447433027796181,0.0,0.0,0.0,-0.2952864106479913,0.0,-0.04796585495352649,0.2857142857142857,88
BWAY,0.17117194292899796,0.0,0.0,0.0,-0.2026355675248075,0.0,0.07772006531554658,0.2857142857142857,88
CAPL,0.3013048036287806,0.0,0.0,0.0,-0.16827557957399433,0.0,0.18390970782808685,0.2857142857142857,88
CCEL,-0.011665826281399772,0.0,0.0,0.0,-0.3780026513224463,0.0,-0.10325003254166142,0.2857142857142857,83
CFLT,0.1903499395546313,0.0,0.0,0.0,-0.17122570819482855,0.0,0.09995602761726634,0.2857142857142857,90
CGON,0.3516383374423248,0.0,0.0,0.0,0.564535630110995,0.0,0.4048626606094924,0.2857142857142857,90
CLMT,0.17414822459945137,0.0,0.0,0.0,0.10604087985366391,0.0,0.15712138841300452,0.2857142857142857,90
COLB,0.24003621474364134,0.0,0.0,0.0,-0.09273870653950898,0.0,0.15684248442285376,0.2857142857142857,90
CRON,0.13420819587040259,0.0,0.0,0.0,-0.24633667071179444,0.0,0.039071979224853316,0.2857142857142857,90
CTXR,0.13891086920907078,0.0,0.0,0.0,0.0,0.0,0.10418315190680308,0.2857142857142857,90
DAC,0.3814077392889322,0.0,0.0,0.0,0.01976443865811261,0.0,0.2909969141312273,0.2857142857142857,88
EDAP,0.21920230962792217,0.0,0.0,0.0,0.5148501027860433,0.0,0.29311425791745244,0.2857142857142857,88
EFX,0.11940235044959371,0.0,0.0,0.0,-0.019800348421147272,0.0,0.08460167573190848,0.2857142857142857,90
EXAS,0.5691266814372832,0.0,0.0,0.0,0.8755148494227973,0.0,0.6457237234336618,0.2857142857142857,90
EXFY,0.16230968271190965,0.0,0.0,0.0,0.24242584477765775,0.0,0.18233872322834668,0.2857142857142857,90
EZPW,0.1905130159306067,0.0,0.0,0.0,0.1455939644158045,0.0,0.17928325305190618,0.2857142857142857,90
FG,0.2793089307103459,0.0,0.0,0.0,-0.39006067275478773,0.0,0.11196652984406248,0.2857142857142857,90
FIBK,0.15686420563208245,0.0,0.0,0.0,-0.10157554149934843,0.0,0.09225426884922472,0.2857142857142857,90
FNGR,0.17616180880825688,0.0,0.0,0.0,0.44624361024878,0.0,0.24368225916838768,0.2857142857142857,90
FRSX,0.060050159325186134,0.0,0.0,0.0,-0.42887335449204045,0.0,-0.06218071912912052,0.2857142857142857,89
FTCI,0.3939003832094573,0.0,0.0,0.0,-0.7220735211732293,0.0,0.11490690711378564,0.2857142857142857,89
FWRG,0.15717434340433098,0.0,0.0,0.0,-0.3349750661446038,0.0,0.034136991017097267,0.2857142857142857,90
GGT,0.13916728325509173,0.0,0.0,0.0,-0.1408574217827969,0.0,0.06916110699561957,0.2857142857142857,88
GSHD,0.15123607000000924,0.0,0.0,0.0,-0.1356197837479013,0.0,0.0795221065630316,0.2857142857142857,90
GTX,0.3014140408264328,0.0,0.0,0.0,-0.2302624452766448,0.0,0.16849491930066338,0.2857142857142857,90
HE,0.1295840461116865,0.0,0.0,0.0,-0.20725404210253817,0.0,0.045374524058130326,0.2857142857142857,90
HFFG,0.10193727478641318,0.0,0.0,0.0,-0.09857989095310314,0.0,0.05180798335153409,0.2857142857142857,90
HIO,0.10855960663241485,0.0,0.0,0.0,-0.013226741821597221,0.0,0.07811301951891184,0.2857142857142857,90
HLX,0.13596145858771125,0.0,0.0,0.0,-0.1993886463832545,0.0,0.05212393234496981,0.2857142857142857,90
HNRG,0.325221646937913,0.0,0.0,0.0,-0.026272022767211054,0.0,0.23734822951163198,0.2857142857142857,90
HPAI,0.23455966528603622,0.0,0.0,0.0,0.5981737326946419,0.0,0.32546318213818765,0.2857142857142857,87
IBIO,0.2371480315492483,0.0,0.0,0.0,-0.27531776478548603,0.0,0.10903158246556471,0.2857142857142857,90
IBTA,0.12531552347675737,0.0,0.0,0.0,-0.1292725836060579,0.0,0.06166849670605354,0.2857142857142857,90
IONQ,0.1443991804198832,0.0,0.0,0.0,0.27084711851672155,0.0,0.1760111649440928,0.2857142857142857,90
IZEA,0.35583259243299104,0.0,0.0,0.0,0.2106479510770788,0.0,0.319536432094013,0.2857142857142857,89
AEYE,0.07408151020823212,0.0,0.0,0.0,-0.008524942665370822,0.0,0.05342989698983138,0.2857142857142857,90
ALXO,0.2215648476710601,0.0,0.0,0.0,0.833149746520714,0.0,0.37446107238347365,0.2857142857142857,90
ALZN,0.1461812195767564,0.0,0.0,0.0,-0.4100610796422281,0.0,0.0071206447720102576,0.2857142857142857,87
AMBA,0.33373192942664687,0.0,0.0,0.0,-0.075612978146302,0.0,0.23139570253340966,0.2857142857142857,90
ANET,0.0781314874659209,0.0,0.0,0.0,-0.20853883176881605,0.0,0.006463907657236653,0.2857142857142857,90
ARCB,0.05762056124466859,0.0,0.0,0.0,-0.3321554065990854,0.0,-0.03982343071626991,0.2857142857142857,90
ARKR,-0.002421835787952455,0.0,0.0,0.0,0.0,0.0,-0.001816376840964341,0.2857142857142857,82
ARLP,0.1543922486666725,0.0,0.0,0.0,-0.23333606972358514,0.0,0.057460169069108086,0.2857142857142857,90
ASGI,0.19388747765192507,0.0,0.0,0.0,0.06045886110442477,0.0,0.16053032351505,0.2857142857142857,90
ASML,0.2629964527942968,0.0,0.0,0.0,0.0916279147806514,0.0,0.22015431829088541,0.2857142857142857,90
ATCH,0.10562251233419653,0.0,0.0,0.0,-0.3615898502627707,0.0,-0.01118057831504528,0.2857142857142857,90
ATMV,0.09300369924275746,0.0,0.0,0.0,0.0,0.0,0.06975277443206811,0.2857142857142857,87
ATS,0.09346309523710176,0.0,0.0,0.0,-0.3644734744617993,0.0,-0.021021047187623505,0.2857142857142857,90
AUST,0.09760452452016546,0.0,0.0,0.0,0.06360827203951819,0.0,0.08910546140000365,0.2857142857142857,89
BBLG,0.1051505875187003,0.0,0.0,0.0,-0.3647491173899022,0.0,-0.012324338708450332,0.2857142857142857,88
BFRGW,0.015295829266058082,0.0,0.0,0.0,0.0,0.0,0.011471871949543562,0.2857142857142857,82
BFRI,0.12209761134441638,0.0,0.0,0.0,-0.6773362930486071,0.0,-0.07776086475383952,0.2857142857142857,87
BP,0.31601727994218287,0.0,0.0,0.0,-0.07452930703875783,0.0,0.2183806331969477,0.2857142857142857,90
BVS,0.19152197081884945,0.0,0.0,0.0,-0.5144649974500191,0.0,0.015025228751632288,0.2857142857142857,90
CALM,0.08246111190726593,0.0,0.0,0.0,-0.20462939829028973,0.0,0.010688484357877013,0.2857142857142857,90
CSL,0.021238796284091924,0.0,0.0,0.0,-0.18493925453891458,0.0,-0.030305716421659707,0.2857142857142857,90
DDS,0.29133327596756176,0.0,0.0,0.0,-0.3985295877119087,0.0,0.11886756004769412,0.2857142857142857,89
DEI,0.13436825815940184,0.0,0.0,0.0,-0.044575369324175926,0.0,0.0896323512885074,0.2857142857142857,90
DNP,0.17539050712222312,0.0,0.0,0.0,0.03970106801937682,0.0,0.14146814734651156,0.2857142857142857,90
DOCU,0.024181605035699435,0.0,0.0,0.0,-0.14518098382582864,0.0,-0.018159042179682592,0.2857142857142857,90
DRMAW,-0.06198940748800804,0.0,0.0,0.0,0.0,0.0,-0.04649205561600603,0.2857142857142857,73
DTW,0.028740182890829254,0.0,0.0,0.0,-0.11987533650916592,0.0,-0.008413696959169542,0.2857142857142857,86
DYAI,0.15863152901263583,0.0,0.0,0.0,0.16580982323149077,0.0,0.16042610256734957,0.2857142857142857,88
ELDN,0.12964829049662946,0.0,0.0,0.0,-0.5268062792992693,0.0,-0.03446535195234524,0.2857142857142857,90
EQNR,0.10866022493262101,0.0,0.0,0.0,-0.22653385878932775,0.0,0.02486170400213381,0.2857142857142857,90
ESI,0.1761847556463102,0.0,0.0,0.0,-0.44479750003189494,0.0,0.02093919172675889,0.2857142857142857,90
FATBP,-0.012339480598316344,0.0,0.0,0.0,0.0,0.0,-0.009254610448737259,0.2857142857142857,83
FCX,0.18919127453731147,0.0,0.0,0.0,0.08676463056136936,0.0,0.16358461354332596,0.2857142857142857,90
FIHL,0.3385393780720518,0.0,0.0,0.0,0.020066880365688995,0.0,0.2589212536454611,0.2857142857142857,90
FSFG,0.07998382615291276,0.0,0.0,0.0,0.010133076567969678,0.0,0.06252113875667699,0.2857142857142857,86
FTRE,0.18724330791842408,0.0,0.0,0.0,-0.08066706623323945,0.0,0.1202657143805082,0.2857142857142857,90
FTV,0.19092657102627153,0.0,0.0,0.0,-0.14895558360464786,0.0,0.10595603236854166,0.2857142857142857,90
GREE,0.214522579834674,0.0,0.0,0.0,-0.490206546221331,0.0,0.03834029832067274,0.2857142857142857,90
GTM,0.0918693482417866,0.0,0.0,0.0,-0.42161773256859586,0.0,-0.03650242196080903,0.2857142857142857,90
HIPO,0.182943102090469,0.0,0.0,0.0,0.1884316189757179,0.0,0.18431523131178124,0.2857142857142857,89
HUBCZ,-0.043476062041884464,0.0,0.0,0.0,0.0,0.0,-0.03260704653141335,0.2857142857142857,76
IAG,0.32412423260993517,0.0,0.0,0.0,-0.04530809532602052,0.0,0.23176615062594624,0.2857142857142857,90
INMB,0.06960323272478124,0.0,0.0,0.0,0.2726461733044007,0.0,0.1203639678696861,0.2857142857142857,90
JRSH,0.10760257737475433,0.0,0.0,0.0,-0.2546852137238082,0.0,0.01703062960011369,0.2857142857142857,89
AFGB,0.06760952490929054,0.0,0.0,0.0,0.0,0.0,0.0507071436819679,0.2857142857142857,87
AMPX,0.17880690219217002,0.0,0.0,0.0,-0.37181271010686323,0.0,0.04115199911741169,0.2857142857142857,90
APH,0.34770034971399616,0.0,0.0,0.0,0.05394963843369728,0.0,0.27426267189392145,0.2857142857142857,90
ARBB,0.20812668407832335,0.0,0.0,0.0,0.07418221881692431,0.0,0.1746405677629736,0.2857142857142857,86
ATLC,0.16927070208378447,0.0,0.0,0.0,0.06345786145380311,0.0,0.14281749192628915,0.2857142857142857,89
ATMVR,0.1478162697655154,0.0,0.0,0.0,0.0,0.0,0.11086220232413654,0.2857142857142857,77
BTT,0.09868607793946715,0.0,0.0,0.0,-0.047826351831873344,0.0,0.062057970496632024,0.2857142857142857,90
CCL,0.13058486066151762,0.0,0.0,0.0,-0.013383522058296085,0.0,0.09459276498156419,0.2857142857142857,90
CELZ,0.17578219166020806,0.0,0.0,0.0,0.0,0.0,0.13183664374515605,0.2857142857142857,89
CEPU,0.37191002018789077,0.0,0.0,0.0,0.025609153488062475,0.0,0.2853348035129337,0.2857142857142857,90
CHPT,0.06432768992322341,0.0,0.0,0.0,-0.4423511666366647,0.0,-0.06234202421674863,0.2857142857142857,90
CNDT,0.12221220000476112,0.0,0.0,0.0,-0.3551170375637878,0.0,0.002879890612623865,0.2857142857142857,90
CPIX,0.12204538699872869,0.0,0.0,0.0,-0.420346825785616,0.0,-0.013552666197357498,0.2857142857142857,89
CSQ,0.1904553883112193,0.0,0.0,0.0,-0.15170473751872843,0.0,0.10491535685373235,0.2857142857142857,90
CTS,0.25609663477956834,0.0,0.0,0.0,-0.052978867588741894,0.0,0.17882775918749078,0.2857142857142857,90
CVKD,0.05480138294764894,0.0,0.0,0.0,-0.020658217558329833,0.0,0.03593648282115425,0.2857142857142857,86
CXH,0.1543759335007014,0.0,0.0,0.0,-0.021898876350752116,0.0,0.11030723103783802,0.2857142857142857,88
DOUG,0.11042798431416144,0.0,0.0,0.0,-0.20696649972945275,0.0,0.03107936330325788,0.2857142857142857,90
DWTX,0.14311851896283387,0.0,0.0,0.0,0.05849171576374448,0.0,0.12196181816306151,0.2857142857142857,88
DYN,0.3599390997448256,0.0,0.0,0.0,0.43369387557252975,0.0,0.3783777937017516,0.2857142857142857,90
EDN,0.4055622359716108,0.0,0.0,0.0,0.1740293524529108,0.0,0.34767901509193583,0.2857142857142857,89
EDRY,0.21583596094706314,0.0,0.0,0.0,0.0,0.0,0.16187697071029736,0.2857142857142857,81
EDU,0.09193780441998278,0.0,0.0,0.0,-0.0700862710886729,0.0,0.05143178554281886,0.2857142857142857,90
EFSCP,0.06466852854080819,0.0,0.0,0.0,-0.044089046284743784,0.0,0.0374791348344202,0.2857142857142857,86
ELPW,0.04289605729361256,0.0,0.0,0.0,-0.2923142673438058,0.0,-0.040906523865742034,0.2857142857142857,90
EMBJ,0.26624937058789394,0.0,0.0,0.0,0.1578116660898194,0.0,0.2391399444633753,0.2857142857142857,90
FDMT,0.3199049893487508,0.0,0.0,0.0,0.23577083991013703,0.0,0.29887145198909737,0.2857142857142857,90
FNKO,0.169073376411258,0.0,0.0,0.0,-0.6094395063796589,0.0,-0.02555484428647126,0.2857142857142857,90
FSP,0.12161285655173418,0.0,0.0,0.0,-0.6109917047871353,0.0,-0.0615382837829832,0.2857142857142857,90
FULT,0.12042362541493777,0.0,0.0,0.0,-0.06929387044123762,0.0,0.07299425145089392,0.2857142857142857,90
FYBR,0.22601868825161367,0.0,0.0,0.0,0.003302934216974734,0.0,0.17033974974295393,0.2857142857142857,90
GEF,0.25109286716704937,0.0,0.0,0.0,-0.0228233633914229,0.0,0.1826138095274313,0.2857142857142857,90
GEL,0.11323091806827014,0.0,0.0,0.0,-0.16760042638884942,0.0,0.043023081953990246,0.2857142857142857,90
GF,0.12851594504600286,0.0,0.0,0.0,0.018937129740000676,0.0,0.1011212412195023,0.2857142857142857,87
GTBP,0.2324163770276617,0.0,0.0,0.0,-0.28685775655352236,0.0,0.10259784363236568,0.2857142857142857,89
GVH,0.08298187295655124,0.0,0.0,0.0,-0.5871393399795658,0.0,-0.08454843027747803,0.2857142857142857,88
HTO,0.11929083696053389,0.0,0.0,0.0,-0.3051012785891615,0.0,0.013192808073110034,0.2857142857142857,90
HTOOW,-0.03059501259311015,0.0,0.0,0.0,0.0,0.0,-0.022946259444832612,0.2857142857142857,75
IBM,0.25377284556193264,0.0,0.0,0.0,-0.25744044418140394,0.0,0.12596952312609846,0.2857142857142857,90
ILPT,0.1398863699008432,0.0,0.0,0.0,-0.2773510918636402,0.0,0.03557700445972233,0.2857142857142857,90
INSG,0.11581110446041717,0.0,0.0,0.0,-0.4996451998356188,0.0,-0.03805297161359183,0.2857142857142857,90
IVT,0.16426384538310806,0.0,0.0,0.0,-0.08693756770855167,0.0,0.10146349211019313,0.2857142857142857,90
JBI,0.07016174244881906,0.0,0.0,0.0,-0.12792593429953472,0.0,0.020639823261730614,0.2857142857142857,90
JHX,0.1267521115939692,0.0,0.0,0.0,0.3357135488082708,0.0,0.17899247089754464,0.2857142857142857,90
JOF,0.10328869871186368,0.0,0.0,0.0,-0.09312023521134156,0.0,0.05418646523106236,0.2857142857142857,89
ACVA,0.11904948438564474,0.0,0.0,0.0,0.20098782969060378,0.0,0.1395340707118845,0.2857142857142857,90
ADM,0.2298160367834636,0.0,0.0,0.0,-0.04883490124571684,0.0,0.16015330227616847,0.2857142857142857,90
AVIR,0.2565983448396936,0.0,0.0,0.0,0.14553896198613483,0.0,0.2288334991263039,0.2857142857142857,90
BCTXW,-0.08205242879839134,0.0,0.0,0.0,0.0,0.0,-0.0615393215987935,0.2857142857142857,76
BFC,0.04516374957644249,0.0,0.0,0.0,-0.2039572777645388,0.0,-0.017116507258802847,0.2857142857142857,88
BHFAP,0.24708638316405915,0.0,0.0,0.0,-0.07139573087881762,0.0,0.16746585465333994,0.2857142857142857,89
BHV,0.19797815588601086,0.0,0.0,0.0,0.075882469737381,0.0,0.1674542343488534,0.2857142857142857,81
BOC,0.18049866291483244,0.0,0.0,0.0,-0.020240150415306,0.0,0.13031395958229783,0.2857142857142857,90
BRAG,0.13921062059500164,0.0,0.0,0.0,-0.5854609928658153,0.0,-0.04195728277020263,0.2857142857142857,88
BRLT,0.10618098760317164,0.0,0.0,0.0,-0.7250170661541441,0.0,-0.10161852583615731,0.2857142857142857,89
BTA,0.15224704185229487,0.0,0.0,0.0,-0.03156845439694355,0.0,0.10629316778998527,0.2857142857142857,87
CANF,0.19041339801656135,0.0,0.0,0.0,-0.6084360161646978,0.0,-0.009298955528753457,0.2857142857142857,88
CASI,0.06908514032661378,0.0,0.0,0.0,-0.5577971340625831,0.0,-0.08763542827068548,0.2857142857142857,88
CCOI,0.09059355595826526,0.0,0.0,0.0,0.10607811249743898,0.0,0.0944646950930587,0.2857142857142857,90
CDNA,0.3351427609821331,0.0,0.0,0.0,0.03783681802202144,0.0,0.2608162752421052,0.2857142857142857,90
CEG,0.27191865210509764,0.0,0.0,0.0,0.31040699878344596,0.0,0.2815407387746847,0.2857142857142857,90
CING,0.04369843982967192,0.0,0.0,0.0,0.044218933117614476,0.0,0.043828563151657556,0.2857142857142857,89
CNQ,0.3266972714567945,0.0,0.0,0.0,0.22065000270202437,0.0,0.300185454268102,0.2857142857142857,90
COLL,0.4211342797626352,0.0,0.0,0.0,-0.1964627341010455,0.0,0.266735026296715,0.2857142857142857,90
CPNG,0.05999611035055222,0.0,0.0,0.0,-0.19885702333964714,0.0,-0.004717173071997629,0.2857142857142857,90
CR,0.20566363961656292,0.0,0.0,0.0,-0.17427065365971545,0.0,0.11068006629749333,0.2857142857142857,90
DCGO,0.06327443302657162,0.0,0.0,0.0,-0.5242086460843911,0.0,-0.08359633675116908,0.2857142857142857,90
DFH,0.07890890837483566,0.0,0.0,0.0,-0.3398922870641216,0.0,-0.025791390484903667,0.2857142857142857,90
DRS,0.08010663401133654,0.0,0.0,0.0,-0.15794828561772117,0.0,0.020592904104072104,0.2857142857142857,90
EPD,0.3323980870430074,0.0,0.0,0.0,-0.007868896441733542,0.0,0.24733134117182215,0.2857142857142857,90
ERC,0.14493388818847044,0.0,0.0,0.0,-0.021432944427347236,0.0,0.10334218003451602,0.2857142857142857,89
FEIM,0.13552430942763416,0.0,0.0,0.0,0.09470358132719316,0.0,0.12531912740252393,0.2857142857142857,90
FER,0.2125875496617636,0.0,0.0,0.0,-0.13226931732304203,0.0,0.1263733329155622,0.2857142857142857,90
FMAO,0.10605029268027094,0.0,0.0,0.0,-0.10195408420408568,0.0,0.054049198459181776,0.2857142857142857,87
FOX,0.30241772279624834,0.0,0.0,0.0,-0.0571942777285775,0.0,0.21251472266504187,0.2857142857142857,90
FSBW,0.12773552133865887,0.0,0.0,0.0,-0.16273763894557938,0.0,0.05511723126759929,0.2857142857142857,89
FSEA,0.26674332573550213,0.0,0.0,0.0,0.08242129452049393,0.0,0.22066281793175008,0.2857142857142857,81
FSHPR,0.3681036273447907,0.0,0.0,0.0,0.9940832351743752,0.0,0.5245985293021869,0.2857142857142857,80
FSLR,0.34390768912589265,0.0,0.0,0.0,-0.0917454880325635,0.0,0.23499439483627863,0.2857142857142857,90
G,0.3479706375313677,0.0,0.0,0.0,-0.12264431940336273,0.0,0.2303168982976851,0.2857142857142857,90
GPRE,0.2314850520363855,0.0,0.0,0.0,0.26678237602709404,0.0,0.24030938303406266,0.2857142857142857,90
GSK,0.3131229776393239,0.0,0.0,0.0,-0.18090113559870521,0.0,0.1896169493298166,0.2857142857142857,90
HCAT,0.03601738938759561,0.0,0.0,0.0,-0.4621171572600097,0.0,-0.08851624727430572,0.2857142857142857,90
HDL,-0.018642923780662474,0.0,0.0,0.0,0.0,0.0,-0.013982192835496855,0.2857142857142857,76
HNNAZ,0.2130970887858052,0.0,0.0,0.0,0.02420834434584183,0.0,0.16587490267581437,0.2857142857142857,83
HUHU,0.35144145095177054,0.0,0.0,0.0,-0.4661201728871828,0.0,0.14705104499203217,0.2857142857142857,87
IMA,0.18744178534587452,0.0,0.0,0.0,-0.5021556330084583,0.0,0.015042430757291282,0.2857142857142857,89
ABNB,0.10787535148352365,0.0,0.0,0.0,-0.27260878965137825,0.0,0.012754316199798168,0.2857142857142857,90
ACB,0.09777723607121588,0.0,0.0,0.0,-0.10753711721948425,0.0,0.04644864774854085,0.2857142857142857,90
AGNC,0.1680970361944163,0.0,0.0,0.0,-0.034486072504922964,0.0,0.11745125901958146,0.2857142857142857,90
AGYS,0.31396361585198085,0.0,0.0,0.0,-0.0771189333802973,0.0,0.2161929785439113,0.2857142857142857,90
ALL,0.34827403800295686,0.0,0.0,0.0,-0.02675691063134387,0.0,0.2545163008443817,0.2857142857142857,90
ALUR,0.17352623971331138,0.0,0.0,0.0,0.07618794870578863,0.0,0.14919166696143069,0.2857142857142857,89
ANAB,0.370515037603417,0.0,0.0,0.0,0.5041747876099891,0.0,0.40392997510506,0.2857142857142857,90
API,0.04798003257679626,0.0,0.0,0.0,-0.16680150948107927,0.0,-0.005715352937672628,0.2857142857142857,90
APO,0.17534020954884252,0.0,0.0,0.0,-0.05551568894530601,0.0,0.1176262349253054,0.2857142857142857,90
ARDX,0.31323517472827345,0.0,0.0,0.0,-0.23118896611975753,0.0,0.17712913951626572,0.2857142857142857,90
ASPS,0.11777035981477263,0.0,0.0,0.0,0.19839208418279622,0.0,0.13792579090677853,0.2857142857142857,88
AUNA,0.10340573277951065,0.0,0.0,0.0,-0.025401038924211153,0.0,0.0712040398535802,0.2857142857142857,89
AVPT,0.11193618781487316,0.0,0.0,0.0,-0.0824412097379923,0.0,0.0633418384266568,0.2857142857142857,90
BIAF,0.08968068787013203,0.0,0.0,0.0,-0.6050390296777887,0.0,-0.08399924151684816,0.2857142857142857,89
BORR,0.274993053169696,0.0,0.0,0.0,-0.16968233588887813,0.0,0.16382420590505248,0.2857142857142857,90
BTCS,0.14905967463706554,0.0,0.0,0.0,0.2109378823427916,0.0,0.16452922656349708,0.2857142857142857,90
CBU,0.07603135827794932,0.0,0.0,0.0,-0.17207934904546335,0.0,0.01400368144709615,0.2857142857142857,90
CHKP,0.17119147574803784,0.0,0.0,0.0,-0.31313242712086375,0.0,0.05011050003081242,0.2857142857142857,90
CLNE,0.11344043775572817,0.0,0.0,0.0,-0.13431850943848256,0.0,0.05150070095717548,0.2857142857142857,90
CLOV,0.12017839099986483,0.0,0.0,0.0,-0.2582455192192469,0.0,0.02557241344508689,0.2857142857142857,90
CLST,0.32308578094445506,0.0,0.0,0.0,0.22082086455473973,0.0,0.2975195518470263,0.2857142857142857,86
CNH,0.13340106743418442,0.0,0.0,0.0,-0.24293694700061721,0.0,0.039316563825484,0.2857142857142857,90
CNVS,0.1281651377340997,0.0,0.0,0.0,0.13909244787845815,0.0,0.13089696527018932,0.2857142857142857,90
COKE,0.40714922873669634,0.0,0.0,0.0,0.06723586871830986,0.0,0.32217088873209976,0.2857142857142857,90
CRNC,0.14919628641100144,0.0,0.0,0.0,-0.33267950898217064,0.0,0.028727337562708403,0.2857142857142857,90
DJTWW,0.07473724574116711,0.0,0.0,0.0,-0.5645124226940414,0.0,-0.08507517136763505,0.2857142857142857,87
DOCS,0.1294192150120913,0.0,0.0,0.0,-0.1723759372299817,0.0,0.053970426951573044,0.2857142857142857,90
DTSTW,-0.06446223060153959,0.0,0.0,0.0,0.0,0.0,-0.04834667295115469,0.2857142857142857,73
EFOI,0.04986683163467979,0.0,0.0,0.0,0.0,0.0,0.03740012372600984,0.2857142857142857,84
ESEA,0.3404323394249352,0.0,0.0,0.0,0.02530677908809481,0.0,0.26165094934072514,0.2857142857142857,87
FRMEP,0.27880637749155124,0.0,0.0,0.0,-0.022861869375464947,0.0,0.20338931577479719,0.2857142857142857,83
GDYN,0.20812430026995715,0.0,0.0,0.0,-0.06954232292576526,0.0,0.13870764447102657,0.2857142857142857,90
GIC,0.07118193163464197,0.0,0.0,0.0,0.0027870607880678844,0.0,0.05408321392299845,0.2857142857142857,90
GIG,0.10997792006086148,0.0,0.0,0.0,-0.007139336099922439,0.0,0.08069860602066549,0.2857142857142857,89
GLUE,0.42970512682163375,0.0,0.0,0.0,-0.05754807643063963,0.0,0.30789182600856546,0.2857142857142857,90
GSL,0.4247224422537911,0.0,0.0,0.0,0.10766925913824914,0.0,0.3454591464749056,0.2857142857142857,90
HCWB,0.15002241774613626,0.0,0.0,0.0,-0.7513707543720992,0.0,-0.07532587528342265,0.2857142857142857,89
HQH,0.24827071784019605,0.0,0.0,0.0,0.04418343364918235,0.0,0.19724889679244262,0.2857142857142857,90
HROW,0.24735632832335916,0.0,0.0,0.0,0.23636840324653047,0.0,0.24460934705415197,0.2857142857142857,90
HTB,0.11478382975033925,0.0,0.0,0.0,-0.06773282788335339,0.0,0.0691546653419161,0.2857142857142857,89
IBP,0.1577991348300925,0.0,0.0,0.0,-0.22714903420735963,0.0,0.06156209257072946,0.2857142857142857,90
IMKTA,0.284045208845261,0.0,0.0,0.0,0.038118269388600245,0.0,0.2225634739810958,0.2857142857142857,89
INTT,0.1704462552532654,0.0,0.0,0.0,-0.1746612487639822,0.0,0.08416937924895349,0.2857142857142857,89
INV,0.28272650155280615,0.0,0.0,0.0,-0.40559527707030124,0.0,0.11064605689702928,0.2857142857142857,89
IVZ,0.2515613027812349,0.0,0.0,0.0,-0.21748766098472938,0.0,0.13429906183974383,0.2857142857142857,90
JANX,0.32672417424354655,0.0,0.0,0.0,0.2444905569233609,0.0,0.30616576991350014,0.2857142857142857,90
AAME,0.14896344381056117,0.0,0.0,0.0,-0.8561351016404783,0.0,-0.10231119255219874,0.2857142857142857,89
AER,0.3295199697037125,0.0,0.0,0.0,-0.14795741879538973,0.0,0.21015062257893694,0.2857142857142857,90
AESI,0.09857887996389696,0.0,0.0,0.0,-0.030923770379535614,0.0,0.06620321737803882,0.2857142857142857,90
AHG,0.07358724220199835,0.0,0.0,0.0,0.0,0.0,0.055190431651498756,0.2857142857142857,83
AMRX,0.3392370616866525,0.0,0.0,0.0,-0.0021691939946434685,0.0,0.2538854977663285,0.2857142857142857,90
ASNS,0.5320525937084354,0.0,0.0,0.0,1.0,0.0,0.6490394452813265,0.2857142857142857,89
ATI,0.3714785389700202,0.0,0.0,0.0,-0.02712591306786655,0.0,0.27182742596054854,0.2857142857142857,90
AVBP,0.2515107714368603,0.0,0.0,0.0,0.08868912476595014,0.0,0.21080535976913276,0.2857142857142857,90
BE,0.3155492577590288,0.0,0.0,0.0,0.25573880513669345,0.0,0.300596644603445,0.2857142857142857,90
BMR,0.11007499899852037,0.0,0.0,0.0,-0.21503698989551356,0.0,0.02879700177501188,0.2857142857142857,90
BOLD,0.10367513027899997,0.0,0.0,0.0,-0.440169441598755,0.0,-0.032286012690438785,0.2857142857142857,89
BOTJ,0.30816427585907324,0.0,0.0,0.0,0.0,0.0,0.23112320689430493,0.2857142857142857,83
BRBS,0.15457717913698593,0.0,0.0,0.0,-0.24160590776978771,0.0,0.05553140741029251,0.2857142857142857,90
BWG,0.13137865773817553,0.0,0.0,0.0,-0.01796213972319129,0.0,0.09404345837283383,0.2857142857142857,89
CARV,0.2194765014788638,0.0,0.0,0.0,-0.9840838999308787,0.0,-0.08141359887357187,0.2857142857142857,88
CAT,0.3092312710109205,0.0,0.0,0.0,-0.00469844926152851,0.0,0.23074884094280826,0.2857142857142857,90
CCNEP,0.155754860611829,0.0,0.0,0.0,0.0,0.0,0.11681614545887174,0.2857142857142857,84
CFG,0.2070221992953108,0.0,0.0,0.0,-0.05409527467175581,0.0,0.14174283080354416,0.2857142857142857,90
CIMO,0.1681224081805108,0.0,0.0,0.0,-0.07854703345375287,0.0,0.1064550477719449,0.2857142857142857,85
CMCSA,0.09731386566093002,0.0,0.0,0.0,-0.19579482390184955,0.0,0.024036693270235113,0.2857142857142857,90
CNXN,0.09294410059755015,0.0,0.0,0.0,-0.15858847308591875,0.0,0.030060957176682914,0.2857142857142857,89
CPSH,0.15375012228909604,0.0,0.0,0.0,-0.3105625455416736,0.0,0.03767195533140361,0.2857142857142857,90
CRL,0.14239282416229584,0.0,0.0,0.0,-0.21894149271959076,0.0,0.05205924494182418,0.2857142857142857,90
CTRA,0.33352024757838444,0.0,0.0,0.0,-0.018369621609619212,0.0,0.24554778028138355,0.2857142857142857,90
DAR,0.36825444044214145,0.0,0.0,0.0,-0.07919886280030973,0.0,0.2563911146315287,0.2857142857142857,90
DIOD,0.07817182412291841,0.0,0.0,0.0,-0.2101095338431037,0.0,0.0061014846314128715,0.2857142857142857,90
DLTH,0.1640160027424382,0.0,0.0,0.0,-0.11730260770007206,0.0,0.09368635013181062,0.2857142857142857,90
DTSQ,0.07903383187494886,0.0,0.0,0.0,0.0,0.0,0.05927537390621165,0.2857142857142857,76
ELS,0.19025146573198923,0.0,0.0,0.0,-0.023504100950895335,0.0,0.1368125740612681,0.2857142857142857,90
ESOA,0.1620322420005563,0.0,0.0,0.0,-0.4488961308822988,0.0,0.009300148779842506,0.2857142857142857,90
ETEC,0.2873534672085494,0.0,0.0,0.0,0.0,0.0,0.21551510040641203,0.2857142857142857,82
EXC,0.22824361287935607,0.0,0.0,0.0,0.01320345801316724,0.0,0.17448357416280888,0.2857142857142857,90
EYPT,0.40471133811433746,0.0,0.0,0.0,0.8339987884367058,0.0,0.5120332006949296,0.2857142857142857,90
FLC,0.09404953390437228,0.0,0.0,0.0,-0.05417066357343102,0.0,0.056994484534921445,0.2857142857142857,88
FRME,0.07063730431835918,0.0,0.0,0.0,-0.10755577536207318,0.0,0.02608903439825109,0.2857142857142857,90
GANX,0.4387172592096473,0.0,0.0,0.0,-0.37505725170584797,0.0,0.2352736314807735,0.2857142857142857,90
GCO,0.1937029123537037,0.0,0.0,0.0,-0.2870084056606489,0.0,0.07352508285011554,0.2857142857142857,89
GLSI,0.11978306353207654,0.0,0.0,0.0,0.0,0.0,0.08983729764905742,0.2857142857142857,89
GSBD,0.13093650411079497,0.0,0.0,0.0,-0.15172459736023036,0.0,0.06027122874303862,0.2857142857142857,90
HIW,0.08595151428831432,0.0,0.0,0.0,-0.2537698260893989,0.0,0.0010211791938860018,0.2857142857142857,90
HOVNP,0.017213079105715928,0.0,0.0,0.0,0.0,0.0,0.012909809329286946,0.2857142857142857,76
HPAIW,-0.034907037545193885,0.0,0.0,0.0,0.0,0.0,-0.026180278158895412,0.2857142857142857,80
INSP,0.29453325783449175,0.0,0.0,0.0,-0.1892665887678731,0.0,0.17358329618390053,0.2857142857142857,90
ABVE,0.1323021001294154,0.0,0.0,0.0,-0.11038578071789854,0.0,0.07163012991758692,0.2857142857142857,90
AIN,0.1162663930447691,0.0,0.0,0.0,-0.3076881319618727,0.0,0.010277761793108632,0.2857142857142857,90
ALLO,0.2139504676224877,0.0,0.0,0.0,0.305093246190338,0.0,0.2367361622644503,0.2857142857142857,90
AMT,0.13699349746450035,0.0,0.0,0.0,-0.017668932400219217,0.0,0.09832788999832046,0.2857142857142857,90
APPN,0.45734259017917983,0.0,0.0,0.0,-0.21166744262723472,0.0,0.2900900819775762,0.2857142857142857,90
ARTNA,0.10464487899822059,0.0,0.0,0.0,-0.0200776227959884,0.0,0.07346425354966835,0.2857142857142857,89
ARWR,0.3180171547301107,0.0,0.0,0.0,-0.2572767121430329,0.0,0.1741936880118248,0.2857142857142857,90
AXP,0.19373065320911595,0.0,0.0,0.0,-0.26918065172028227,0.0,0.07800282697676637,0.2857142857142857,90
BATRA,0.13629057326027746,0.0,0.0,0.0,0.023149508612797107,0.0,0.10800530709840737,0.2857142857142857,89
BBAI,0.22658064195557057,0.0,0.0,0.0,-0.3719520418879293,0.0,0.07694747099469558,0.2857142857142857,90
BBDC,0.11060251820574314,0.0,0.0,0.0,-0.10881118385956721,0.0,0.055749092689415546,0.2857142857142857,90
BCAT,0.11613852291739815,0.0,0.0,0.0,-0.19315021888317252,0.0,0.038816337467255484,0.2857142857142857,90
BCPC,0.1550572427681762,0.0,0.0,0.0,-0.1453931570833394,0.0,0.0799446428052973,0.2857142857142857,90
BJRI,0.3666741650218696,0.0,0.0,0.0,-0.31418443090073706,0.0,0.19645951604121795,0.2857142857142857,90
CALI,0.14865100499812955,0.0,0.0,0.0,-0.0009893150709850038,0.0,0.11124092498085092,0.2857142857142857,89
CART,0.24778819856469003,0.0,0.0,0.0,0.13492716097523505,0.0,0.2195729391673263,0.2857142857142857,90
CASY,0.2811206176699566,0.0,0.0,0.0,0.18527246130150887,0.0,0.2571585785778447,0.2857142857142857,90
CAVA,0.04816679320659436,0.0,0.0,0.0,-0.27495500642833176,0.0,-0.032613656702137186,0.2857142857142857,90
CDNS,0.07530670052097625,0.0,0.0,0.0,-0.1477879870062148,0.0,0.019533028639178485,0.2857142857142857,90
CELU,0.08124037267150415,0.0,0.0,0.0,0.21532633966578302,0.0,0.11476186442007387,0.2857142857142857,89
CPK,0.34483602696534327,0.0,0.0,0.0,0.05568432200943124,0.0,0.27254810072636526,0.2857142857142857,90
DAKT,0.09503963947319881,0.0,0.0,0.0,-0.17726069682182646,0.0,0.026964555399442477,0.2857142857142857,90
EEA,0.11159445171798774,0.0,0.0,0.0,-0.17765286221190812,0.0,0.03928262323551377,0.2857142857142857,88
EGHT,0.1646364249203576,0.0,0.0,0.0,-0.2947839592387548,0.0,0.04978132888057949,0.2857142857142857,90
EIX,0.19413069824714593,0.0,0.0,0.0,-0.13168946045738744,0.0,0.11267565857101258,0.2857142857142857,90
EURKU,-0.01282488478659606,0.0,0.0,0.0,0.0,0.0,-0.009618663589947046,0.2857142857142857,73
FISI,0.26088570497782815,0.0,0.0,0.0,-0.1673304249525029,0.0,0.1538316724952454,0.2857142857142857,90
FSCO,0.07377769895291927,0.0,0.0,0.0,-0.1457853465853902,0.0,0.018886937568341904,0.2857142857142857,90
GBR,0.11024330104704357,0.0,0.0,0.0,-0.5141212211241248,0.0,-0.04584782949574855,0.2857142857142857,86
GCBC,0.0013923781959260739,0.0,0.0,0.0,-0.066568076502263,0.0,-0.015597735478621196,0.2857142857142857,83
GCV,0.12970810144350917,0.0,0.0,0.0,-0.15317908855792592,0.0,0.05898630394315038,0.2857142857142857,89
GOLF,0.2287902796133138,0.0,0.0,0.0,-0.0729658404090356,0.0,0.15335124960772645,0.2857142857142857,90
HBB,0.04270422275764121,0.0,0.0,0.0,0.0,0.0,0.03202816706823091,0.2857142857142857,86
HP,0.3636816662910035,0.0,0.0,0.0,0.043539382664964425,0.0,0.28364609538449376,0.2857142857142857,90
IIM,0.11389090292026219,0.0,0.0,0.0,-0.023957076442647565,0.0,0.07942890807953476,0.2857142857142857,90
IX,0.3124654027000183,0.0,0.0,0.0,-0.05090769419343592,0.0,0.22162212847665477,0.2857142857142857,90
ABR,0.10130973456427335,0.0,0.0,0.0,-0.1797439347945905,0.0,0.03104631722455738,0.2857142857142857,90
AI,0.036057611013037276,0.0,0.0,0.0,-0.19095774189963385,0.0,-0.020696227215130515,0.2857142857142857,90
AIP,0.2754632362601842,0.0,0.0,0.0,-0.19363821501863768,0.0,0.15818787344047874,0.2857142857142857,90
APLM,0.2973478990733722,0.0,0.0,0.0,-0.7394060608675137,0.0,0.03815940908815072,0.2857142857142857,89
ATGL,0.3422255103827831,0.0,0.0,0.0,0.36954568421003087,0.0,0.3490555538395951,0.2857142857142857,81
ATLCZ,0.1329466613685266,0.0,0.0,0.0,-0.013676364878204167,0.0,0.0962909048068439,0.2857142857142857,88
ATNI,0.41832062349490395,0.0,0.0,0.0,-0.06681947850596995,0.0,0.2970355979946855,0.2857142857142857,89
BBVA,0.289414534922038,0.0,0.0,0.0,-0.2513239676227342,0.0,0.15422990928584493,0.2857142857142857,90
BENF,0.2041178022119563,0.0,0.0,0.0,0.45755505857508877,0.0,0.26747711630273946,0.2857142857142857,89
CMC,0.13065450067259957,0.0,0.0,0.0,-0.15744938646837814,0.0,0.058628528887355126,0.2857142857142857,90
CMS,0.2198009599349993,0.0,0.0,0.0,-0.06954803014670742,0.0,0.14746371241457262,0.2857142857142857,90
CRAI,0.09974411949104905,0.0,0.0,0.0,-0.1840981016079792,0.0,0.02878356421629198,0.2857142857142857,89
CTOR,0.09478058878917543,0.0,0.0,0.0,-0.3135047691387199,0.0,-0.007290750692798415,0.2857142857142857,90
CTRM,0.15518763069601746,0.0,0.0,0.0,-0.18949745720608754,0.0,0.06901635872049121,0.2857142857142857,87
CXT,0.10440757207184043,0.0,0.0,0.0,-0.40638883647066626,0.0,-0.023291530063786262,0.2857142857142857,90
DDC,0.11104508039298232,0.0,0.0,0.0,-0.48131269220822104,0.0,-0.037044362757318545,0.2857142857142857,88
DHT,0.2831566429280088,0.0,0.0,0.0,-0.10257909254713032,0.0,0.18672270905922403,0.2857142857142857,90
DJCO,0.14091090871732143,0.0,0.0,0.0,0.01872728479815708,0.0,0.11036500273753035,0.2857142857142857,89
DMA,0.18469675326265161,0.0,0.0,0.0,-0.06838624372115798,0.0,0.12142600401669922,0.2857142857142857,89
DOMO,0.08414798305684851,0.0,0.0,0.0,-0.40799077242290666,0.0,-0.038886705813090304,0.2857142857142857,90
DRTSW,0.08581327146949136,0.0,0.0,0.0,0.0,0.0,0.06435995360211852,0.2857142857142857,76
DY,0.5046280408552529,0.0,0.0,0.0,0.644528608377289,0.0,0.539603182735762,0.2857142857142857,90
EFR,0.14587896158748662,0.0,0.0,0.0,-0.08446847528086057,0.0,0.08829210237039982,0.2857142857142857,90
EIM,0.11185353338362161,0.0,0.0,0.0,-0.022586519425608104,0.0,0.07824352018131418,0.2857142857142857,90
ES,0.2223304451012832,0.0,0.0,0.0,-0.5168767041000802,0.0,0.03752865780094231,0.2857142857142857,90
ESHAR,0.06125873496611389,0.0,0.0,0.0,0.0,0.0,0.04594405122458542,0.2857142857142857,77
ESLA,0.2467262840391258,0.0,0.0,0.0,-0.7507932298640081,0.0,-0.0026535944366576918,0.2857142857142857,89
EVO,0.14607218036306757,0.0,0.0,0.0,-0.320566605231514,0.0,0.029412483964422174,0.2857142857142857,89
EXR,0.10370746626860226,0.0,0.0,0.0,-0.10296461073384122,0.0,0.05203944701799138,0.2857142857142857,90
FAT,0.11555848243756187,0.0,0.0,0.0,-0.8259870533782363,0.0,-0.1198279015163877,0.2857142857142857,89
GAME,0.16500370591351643,0.0,0.0,0.0,-0.0246644264139935,0.0,0.11758667283163894,0.2857142857142857,90
GJT,0.06283425121961782,0.0,0.0,0.0,0.0,0.0,0.04712568841471336,0.2857142857142857,77
HIVE,0.11602457876635426,0.0,0.0,0.0,-0.6609622984068373,0.0,-0.07822214052694365,0.2857142857142857,90
HLLY,0.4050653199402834,0.0,0.0,0.0,-0.23311783490050736,0.0,0.24551953123008566,0.2857142857142857,90
HWH,0.04765130576560797,0.0,0.0,0.0,-0.7372575809383864,0.0,-0.14857591591039068,0.2857142857142857,88
HYFT,0.2757970039957767,0.0,0.0,0.0,0.2284543914362992,0.0,0.2639613508559074,0.2857142857142857,90
III,0.16238417576837583,0.0,0.0,0.0,-0.12774729290019604,0.0,0.08985130860123286,0.2857142857142857,90
IMTE,0.2563550021493086,0.0,0.0,0.0,0.049746327743219534,0.0,0.20470283354778634,0.2857142857142857,88
J,0.1555918291812279,0.0,0.0,0.0,-0.25966814989729825,0.0,0.051776834411596355,0.2857142857142857,90
JKS,0.4025375301631319,0.0,0.0,0.0,0.09665548211570009,0.0,0.326067018151274,0.2857142857142857,90
ACCO,0.13325233987910354,0.0,0.0,0.0,-0.2395087228628102,0.0,0.04006207419362509,0.2857142857142857,90
ADPT,0.26753277389331864,0.0,0.0,0.0,0.34914765698990774,0.0,0.28793649466746596,0.2857142857142857,90
ADTX,0.39594727675196134,0.0,0.0,0.0,-0.9432974763153088,0.0,0.06113608848514374,0.2857142857142857,89
ADVM,0.17310023984108783,0.0,0.0,0.0,-0.029265645260588145,0.0,0.12250876856566882,0.2857142857142857,90
AIO,0.1385993664888014,0.0,0.0,0.0,-0.1821003065666054,0.0,0.05842444822494969,0.2857142857142857,89
ALRM,0.10237821356981562,0.0,0.0,0.0,-0.21941103458705277,0.0,0.02193090153059851,0.2857142857142857,90
ARBKL,-0.005969015052355842,0.0,0.0,0.0,-0.9455362496565103,0.0,-0.24086082370339448,0.2857142857142857,86
ASTS,0.12278305331580389,0.0,0.0,0.0,-0.2715597584176483,0.0,0.02419735038244084,0.2857142857142857,90
ASX,0.34762215367439164,0.0,0.0,0.0,-0.1956667857732342,0.0,0.2117999188124852,0.2857142857142857,90
AVNW,0.18795480785552865,0.0,0.0,0.0,-0.12468058458838066,0.0,0.10979595974455131,0.2857142857142857,89
BAC,0.2346572273004395,0.0,0.0,0.0,-0.08392312013975198,0.0,0.15501214044039163,0.2857142857142857,90
BAYAR,-0.0009531558834387586,0.0,0.0,0.0,0.0,0.0,-0.0007148669125790689,0.2857142857142857,83
BCDA,0.030993399849968142,0.0,0.0,0.0,-0.2440180540348844,0.0,-0.03775946362124501,0.2857142857142857,88
BCRX,0.10640238894213828,0.0,0.0,0.0,0.0036153132435095612,0.0,0.0807056200174811,0.2857142857142857,90
BGS,0.2109794336576999,0.0,0.0,0.0,-0.15800569166536477,0.0,0.11873315232693371,0.2857142857142857,90
BODI,0.4843272373707967,0.0,0.0,0.0,0.8841152961373029,0.0,0.5842742520624232,0.2857142857142857,87
BWNB,0.32810507332520794,0.0,0.0,0.0,-0.0606541994313538,0.0,0.2309152551360675,0.2857142857142857,87
CATY,0.1592618145586189,0.0,0.0,0.0,-0.08601219476233406,0.0,0.09794331222838065,0.2857142857142857,90
CCG,0.12040393772873764,0.0,0.0,0.0,-0.028404437681101017,0.0,0.08320184387627798,0.2857142857142857,88
CETX,0.21242628366256006,0.0,0.0,0.0,-0.06692394601405424,0.0,0.1425887262434065,0.2857142857142857,90
CISO,0.08178669501435253,0.0,0.0,0.0,-0.9507009628976203,0.0,-0.17633521946364072,0.2857142857142857,90
CPSS,0.299649820526016,0.0,0.0,0.0,0.13546935584303044,0.0,0.25860470435526967,0.2857142857142857,87
CRWD,0.2576524424732719,0.0,0.0,0.0,-0.09141662350294474,0.0,0.17038517597921773,0.2857142857142857,90
CVBF,0.16863654677430162,0.0,0.0,0.0,0.005367634976334604,0.0,0.12781931882480987,0.2857142857142857,90
CYBN,0.23613486980401588,0.0,0.0,0.0,0.051149861157780856,0.0,0.18988861764245712,0.2857142857142857,90
DOV,0.29018144946513547,0.0,0.0,0.0,-0.061214045261775804,0.0,0.20233257578340766,0.2857142857142857,90
DOW,0.17330813693061348,0.0,0.0,0.0,-0.37259751879668707,0.0,0.036831722998788334,0.2857142857142857,90
EONR,0.12840393730628472,0.0,0.0,0.0,-0.13260607671941999,0.0,0.06315143379985853,0.2857142857142857,90
EVI,0.07622546490152564,0.0,0.0,0.0,-0.4513327526780633,0.0,-0.05566408949337161,0.2857142857142857,87
GAINN,0.15360329805144102,0.0,0.0,0.0,0.0,0.0,0.11520247353858076,0.2857142857142857,84
GAINZ,0.19660082703902387,0.0,0.0,0.0,0.0,0.0,0.14745062027926792,0.2857142857142857,82
GHG,0.14581738461790744,0.0,0.0,0.0,-0.22788621936789694,0.0,0.05239148362145634,0.2857142857142857,89
GILT,0.14338261679455636,0.0,0.0,0.0,-0.44786481318419635,0.0,-0.004429240700131843,0.2857142857142857,90
GME,0.057936689933690194,0.0,0.0,0.0,-0.1304545974491216,0.0,0.010838868087987239,0.2857142857142857,90
IGC,0.1231825552106365,0.0,0.0,0.0,-0.3704559920614211,0.0,-0.00022708160737791586,0.2857142857142857,89
IPGP,0.09929644026029229,0.0,0.0,0.0,-0.33157380335615777,0.0,-0.008421120643820239,0.2857142857142857,90
IRDM,0.03199322810004693,0.0,0.0,0.0,-0.1529811556033808,0.0,-0.014250367825810009,0.2857142857142857,90
JEF,0.17333306880961027,0.0,0.0,0.0,-0.09812603886787653,0.0,0.10546829189023858,0.2857142857142857,90
ACM,0.16922816329476034,0.0,0.0,0.0,-0.6495905398725066,0.0,-0.03547651249705642,0.2857142857142857,90
ADTN,0.08389772177100638,0.0,0.0,0.0,-0.11065611052473816,0.0,0.03525926369707024,0.2857142857142857,90
AGNCP,0.07096229576257701,0.0,0.0,0.0,-0.01899771399676454,0.0,0.048472293322741625,0.2857142857142857,89
AREB,0.13177054289724263,0.0,0.0,0.0,-0.2459914383143884,0.0,0.03733004759433486,0.2857142857142857,89
ARQQW,0.05375218511697671,0.0,0.0,0.0,-0.8730633820726689,0.0,-0.17795170668043472,0.2857142857142857,88
ASAN,0.06944651615895601,0.0,0.0,0.0,-0.2512195227255733,0.0,-0.010719993562176325,0.2857142857142857,90
ASRV,0.1446054508459631,0.0,0.0,0.0,0.016075785376807823,0.0,0.11247303447867428,0.2857142857142857,87
AUROW,0.08788088185114419,0.0,0.0,0.0,0.4849490877740057,0.0,0.18714793333185958,0.2857142857142857,85
BHC,0.16603520328451876,0.0,0.0,0.0,-0.39091428999884326,0.0,0.026797829963678247,0.2857142857142857,90
BLFY,0.1072197720092739,0.0,0.0,0.0,-0.2537929647914088,0.0,0.016966587809103224,0.2857142857142857,89
BNTC,0.1701523510997296,0.0,0.0,0.0,-0.009527150759658404,0.0,0.1252324756348826,0.2857142857142857,89
BTX,0.17388323897233365,0.0,0.0,0.0,-0.19360362417641405,0.0,0.08201152318514672,0.2857142857142857,90
CBFV,0.13628080083442293,0.0,0.0,0.0,0.0,0.0,0.10221060062581719,0.2857142857142857,83
CI,0.1612037865031121,0.0,0.0,0.0,0.017342074582248092,0.0,0.1252383585228961,0.2857142857142857,90
CLB,0.2661193286805184,0.0,0.0,0.0,-0.04319119757316867,0.0,0.18879169711709662,0.2857142857142857,90
CLIR,0.21736866733500612,0.0,0.0,0.0,-0.4783429250020969,0.0,0.043440769250730336,0.2857142857142857,89
CREVW,-0.07554602409190432,0.0,0.0,0.0,0.0,0.0,-0.05665951806892824,0.2857142857142857,76
DRIO,0.2541542734089161,0.0,0.0,0.0,0.9507989110066197,0.0,0.428315432808342,0.2857142857142857,89
DRVN,0.1037176759311159,0.0,0.0,0.0,-0.23652517397341197,0.0,0.01865696345498392,0.2857142857142857,90
DSWL,0.2844627803201451,0.0,0.0,0.0,0.622190586446359,0.0,0.3688947318516986,0.2857142857142857,89
EVLV,0.1632051397255349,0.0,0.0,0.0,-0.4633115268485152,0.0,0.006575973082022375,0.2857142857142857,90
EXPD,0.37866028465636903,0.0,0.0,0.0,0.022746328613213997,0.0,0.2896817956455803,0.2857142857142857,90
EXPO,0.16876663922000798,0.0,0.0,0.0,-0.12035268977789117,0.0,0.0964868069705332,0.2857142857142857,90
FTDR,0.0995003373215878,0.0,0.0,0.0,-0.14423153214738654,0.0,0.03856736995434421,0.2857142857142857,90
FTEK,0.06969169833793333,0.0,0.0,0.0,-0.3118384872107304,0.0,-0.02569084804923261,0.2857142857142857,90
FTW,0.15332023964643102,0.0,0.0,0.0,0.0,0.0,0.11499017973482326,0.2857142857142857,85
GAINL,0.13842663208130357,0.0,0.0,0.0,-0.0858600639310946,0.0,0.08235495807820402,0.2857142857142857,86
GHLD,0.20501887436203664,0.0,0.0,0.0,-0.012536955943444601,0.0,0.15062991678566634,0.2857142857142857,89
GNSS,0.17698444352185783,0.0,0.0,0.0,-0.19484495128878687,0.0,0.08402709481919664,0.2857142857142857,88
GRI,0.2109001659667876,0.0,0.0,0.0,-0.2198168835979899,0.0,0.1032209035755932,0.2857142857142857,90
HLIO,0.14212200696610688,0.0,0.0,0.0,-0.16959739443211322,0.0,0.06419215661655185,0.2857142857142857,90
HSBC,0.296505720870091,0.0,0.0,0.0,-0.267465280253992,0.0,0.15551297058907024,0.2857142857142857,90
HTOO,0.10673084887584211,0.0,0.0,0.0,-0.5870002354925299,0.0,-0.06670192221625092,0.2857142857142857,89
HUBC,0.12591004066428713,0.0,0.0,0.0,-0.4338273461141034,0.0,-0.01402430603031052,0.2857142857142857,90
IART,0.09507536388859995,0.0,0.0,0.0,-0.3523606006553148,0.0,-0.016783627247378755,0.2857142857142857,90
IBG,0.2516685949635278,0.0,0.0,0.0,0.13576846227958692,0.0,0.22269356179254257,0.2857142857142857,89
IBIT,0.12738790972178907,0.0,0.0,0.0,-0.40921272043135143,0.0,-0.006762247816496079,0.2857142857142857,90
IE,0.2517303001110317,0.0,0.0,0.0,-0.03109417214156641,0.0,0.18102418204788218,0.2857142857142857,90
INFU,0.1210312388632057,0.0,0.0,0.0,-0.4065403673690316,0.0,-0.010861662694853643,0.2857142857142857,90
IQI,0.13115347760915283,0.0,0.0,0.0,-0.03491594039191585,0.0,0.08963612310888565,0.2857142857142857,90
IRM,0.15786355629429272,0.0,0.0,0.0,-0.24704159304234674,0.0,0.056637268960132846,0.2857142857142857,90
IVA,0.18046739919306856,0.0,0.0,0.0,0.3188000894993113,0.0,0.21505057176962925,0.2857142857142857,89
JHG,0.21214597193782178,0.0,0.0,0.0,-0.13123864986596295,0.0,0.12629981648687558,0.2857142857142857,90
JLL,0.20814093156598237,0.0,0.0,0.0,0.031333543005710486,0.0,0.1639390844259144,0.2857142857142857,90
AAT,0.09848312350226121,0.0,0.0,0.0,-0.11689530285320528,0.0,0.04463851691339459,0.2857142857142857,90
ACGLO,0.06962697604946567,0.0,0.0,0.0,-0.049464548844002657,0.0,0.03985409482609859,0.2857142857142857,88
ACHC,0.01456193651620396,0.0,0.0,0.0,-0.49833873069089085,0.0,-0.11366323028556975,0.2857142857142857,90
AIHS,0.023650365915491446,0.0,0.0,0.0,-0.7908578559749715,0.0,-0.17997668955712431,0.2857142857142857,87
AQB,0.07055515867509622,0.0,0.0,0.0,-0.18145444018940707,0.0,0.00755275895897039,0.2857142857142857,88
ARR,0.23029724354691328,0.0,0.0,0.0,-0.037735018716279836,0.0,0.163289177981115,0.2857142857142857,90
ATMVU,0.15473569130198522,0.0,0.0,0.0,0.0,0.0,0.11605176847648892,0.2857142857142857,76
AZ,0.14840488713057554,0.0,0.0,0.0,0.4552709866297681,0.0,0.2251214120053737,0.2857142857142857,90
BDX,0.33438334013405,0.0,0.0,0.0,-0.045550142461286316,0.0,0.23939996948521594,0.2857142857142857,90
BGB,0.172598236877535,0.0,0.0,0.0,-0.044368314856916884,0.0,0.11835659894392203,0.2857142857142857,90
BMRC,0.24900442144640586,0.0,0.0,0.0,-0.20767376499581205,0.0,0.13483487483585138,0.2857142857142857,89
BNR,0.3943944191398861,0.0,0.0,0.0,0.8206765556250674,0.0,0.5009649532611815,0.2857142857142857,87
CALX,0.18739317396839258,0.0,0.0,0.0,-0.42562819723499484,0.0,0.03413783116754573,0.2857142857142857,90
CCEC,0.08677646486124045,0.0,0.0,0.0,0.04236863562447768,0.0,0.07567450755204977,0.2857142857142857,87
CEV,0.25045606927251124,0.0,0.0,0.0,-0.028590871151787624,0.0,0.18069433416643652,0.2857142857142857,88
CLM,0.11056998094638892,0.0,0.0,0.0,-0.0932706594444476,0.0,0.05960982084867979,0.2857142857142857,90
CLPT,0.09226348950013376,0.0,0.0,0.0,-0.47020688809362493,0.0,-0.04835410489830593,0.2857142857142857,90
CNET,0.04580929981907653,0.0,0.0,0.0,-0.6040387935108144,0.0,-0.11665272351339621,0.2857142857142857,82
COCHW,0.0672746476661439,0.0,0.0,0.0,0.0,0.0,0.05045598574960792,0.2857142857142857,76
CPSL,0.18040844833488318,0.0,0.0,0.0,0.0018545972802083898,0.0,0.1357699855712145,0.2857142857142857,87
CQP,0.19168110750905096,0.0,0.0,0.0,0.039387532736577774,0.0,0.15360771381593266,0.2857142857142857,89
CXAI,0.0743849081397385,0.0,0.0,0.0,-0.5955340850004136,0.0,-0.09309484014529955,0.2857142857142857,90
CYPH,0.5554741685573955,0.0,0.0,0.0,0.998319423377005,0.0,0.6661854822622979,0.2857142857142857,88
DHCNL,0.1148271980996571,0.0,0.0,0.0,0.0340777085220176,0.0,0.09463982570524722,0.2857142857142857,88
DNN,0.20369892623905386,0.0,0.0,0.0,-0.11990232519120737,0.0,0.12279861338148855,0.2857142857142857,90
DUOT,0.26450487291943797,0.0,0.0,0.0,-0.07270064035160288,0.0,0.18020349460167776,0.2857142857142857,90
EBON,0.11434235774303018,0.0,0.0,0.0,0.0,0.0,0.08575676830727263,0.2857142857142857,85
ECCX,0.07667739796616245,0.0,0.0,0.0,0.0,0.0,0.057508048474621834,0.2857142857142857,77
EML,0.03227627420791562,0.0,0.0,0.0,-0.22530796511303777,0.0,-0.03211978562232274,0.2857142857142857,84
FEDU,0.007457326701331648,0.0,0.0,0.0,0.0,0.0,0.005592995025998736,0.2857142857142857,76
GBX,0.11558917479876316,0.0,0.0,0.0,-0.03370307075369374,0.0,0.07826611341064894,0.2857142857142857,90
GCTK,0.12173450418818849,0.0,0.0,0.0,-0.6035122131020618,0.0,-0.05957717513437411,0.2857142857142857,88
GFR,0.29251510356720906,0.0,0.0,0.0,0.1830969398786711,0.0,0.2651605626450746,0.2857142857142857,89
GHM,0.20209315141455306,0.0,0.0,0.0,-0.16349726042927254,0.0,0.11069554845359664,0.2857142857142857,90
GNW,0.1662943353196413,0.0,0.0,0.0,0.005917090705544678,0.0,0.12620002416611714,0.2857142857142857,90
GPI,0.1173980576102808,0.0,0.0,0.0,0.019025134230189703,0.0,0.09280482676525803,0.2857142857142857,90
HCXY,0.029263199969277672,0.0,0.0,0.0,0.0,0.0,0.021947399976958253,0.2857142857142857,84
HWBK,0.2677703808342705,0.0,0.0,0.0,0.0,0.0,0.2008277856257029,0.2857142857142857,87
IEP,0.1367901219908521,0.0,0.0,0.0,-0.4935133955483159,0.0,-0.020785757393939914,0.2857142857142857,90
INFO,0.2510726065751877,0.0,0.0,0.0,0.0,0.0,0.18830445493139078,0.2857142857142857,82
INTC,0.20196829869175698,0.0,0.0,0.0,-0.11770450640464725,0.0,0.12205009741765592,0.2857142857142857,90
JAZZ,0.4842420598579382,0.0,0.0,0.0,0.8350814131557401,0.0,0.5719518981823888,0.2857142857142857,90
JTAI,0.008364535413725496,0.0,0.0,0.0,-0.7987820071928857,0.0,-0.19342210023792733,0.2857142857142857,88
ACNB,0.24003849463490656,0.0,0.0,0.0,-0.12638141172245523,0.0,0.14843351804556612,0.2857142857142857,88
AEP,0.34438632914705736,0.0,0.0,0.0,0.007407271929679175,0.0,0.26014156484271284,0.2857142857142857,90
ALDX,0.18077500002456037,0.0,0.0,0.0,-0.17222256054091323,0.0,0.09252560988319196,0.2857142857142857,90
ARLO,0.10293821465018797,0.0,0.0,0.0,-0.5303106850572007,0.0,-0.05537401027665922,0.2857142857142857,90
ASRT,0.24498646179319256,0.0,0.0,0.0,-0.41005689072656154,0.0,0.08122562366325403,0.2857142857142857,89
ASTL,0.056804123355625555,0.0,0.0,0.0,-0.38178261540385283,0.0,-0.05284256133424405,0.2857142857142857,90
ATER,0.10852609258258626,0.0,0.0,0.0,-0.5973548860342566,0.0,-0.06794415207162448,0.2857142857142857,89
AVAV,0.09932880539900196,0.0,0.0,0.0,-0.24981225850493627,0.0,0.012043539423017393,0.2857142857142857,90
AXL,0.2766706220288745,0.0,0.0,0.0,-0.0040160426657722785,0.0,0.2064989558552128,0.2857142857142857,90
BBSI,0.13842523137177373,0.0,0.0,0.0,-0.04619097250733148,0.0,0.09227118040199743,0.2857142857142857,90
BDJ,0.15445011350597754,0.0,0.0,0.0,-0.1352025584159714,0.0,0.0820369455254903,0.2857142857142857,90
BDTX,0.3289375741881599,0.0,0.0,0.0,-0.5670586724500656,0.0,0.10493851252860349,0.2857142857142857,90
BLDR,0.10215078479375939,0.0,0.0,0.0,-0.3753278234952849,0.0,-0.017218867278501696,0.2857142857142857,90
BQ,0.08300298958225182,0.0,0.0,0.0,-0.584744905750177,0.0,-0.08393398425085542,0.2857142857142857,88
BYM,0.15859183601106383,0.0,0.0,0.0,-0.0699894068277866,0.0,0.10144652530135122,0.2857142857142857,89
CAAP,0.32478330150212403,0.0,0.0,0.0,-0.11241901334275115,0.0,0.21548272279090522,0.2857142857142857,90
CAF,0.191818910080929,0.0,0.0,0.0,-0.167886945394475,0.0,0.10189244621207798,0.2857142857142857,88
CBLL,0.2574604387520267,0.0,0.0,0.0,0.4465513364732909,0.0,0.3047331631823427,0.2857142857142857,90
CFR,0.06578634190388555,0.0,0.0,0.0,-0.07417521580315957,0.0,0.030795952477124265,0.2857142857142857,90
CHEK,0.26153753315566824,0.0,0.0,0.0,-0.5774860440662709,0.0,0.05178163885018342,0.2857142857142857,87
CLSK,0.129547259391594,0.0,0.0,0.0,-0.6280049961659707,0.0,-0.0598408044977972,0.2857142857142857,90
CPT,0.19370969948043187,0.0,0.0,0.0,0.019405975354856362,0.0,0.150133768449038,0.2857142857142857,90
CSW,0.1710240727371062,0.0,0.0,0.0,-0.062493371723604044,0.0,0.11264471162192864,0.2857142857142857,90
DECK,0.11806740881480644,0.0,0.0,0.0,-0.006919680155298493,0.0,0.08682063657228022,0.2857142857142857,90
DIAX,0.12403505239681323,0.0,0.0,0.0,-0.10881118385956666,0.0,0.06582349333271825,0.2857142857142857,89
EDTK,0.1136732810637737,0.0,0.0,0.0,0.0,0.0,0.08525496079783028,0.2857142857142857,83
EH,0.09081584107090807,0.0,0.0,0.0,-0.38507976991654835,0.0,-0.028158061675956057,0.2857142857142857,90
ELBM,0.09804689781011283,0.0,0.0,0.0,-0.1613203403386408,0.0,0.03320508827292442,0.2857142857142857,89
ELPC,0.3381100099003572,0.0,0.0,0.0,0.0,0.0,0.25358250742526794,0.2857142857142857,82
ERIE,0.15639693498315926,0.0,0.0,0.0,-0.03974860929817106,0.0,0.10736054891282669,0.2857142857142857,90
EVG,0.08682050980933496,0.0,0.0,0.0,-0.06281028739581258,0.0,0.049412810508048084,0.2857142857142857,89
FCO,0.1292213399178826,0.0,0.0,0.0,0.03321037371542531,0.0,0.10521859836726827,0.2857142857142857,90
FLXS,0.22118628128577933,0.0,0.0,0.0,0.20715731640100069,0.0,0.21767904006458466,0.2857142857142857,88
GEN,0.16703352654924697,0.0,0.0,0.0,-0.1237544262770177,0.0,0.09433653834268078,0.2857142857142857,90
GIFI,0.4863026963977142,0.0,0.0,0.0,0.004248062806394303,0.0,0.3657890379998842,0.2857142857142857,89
GLOB,0.2582904977520509,0.0,0.0,0.0,-0.1116684867775552,0.0,0.16580075161964933,0.2857142857142857,90
GNRC,0.14777726886295864,0.0,0.0,0.0,-0.23446703128859098,0.0,0.05221619382507122,0.2857142857142857,90
HMC,0.14429325001536725,0.0,0.0,0.0,-0.06882176656325723,0.0,0.09101449587071113,0.2857142857142857,90
HPQ,0.07535864140965591,0.0,0.0,0.0,-0.4647100269912305,0.0,-0.059658525690565706,0.2857142857142857,90
IMTX,0.30404031907521417,0.0,0.0,0.0,0.17860526592198425,0.0,0.2726815557869067,0.2857142857142857,90
ITRG,0.2983317893579541,0.0,0.0,0.0,-0.12273336879591189,0.0,0.19306549981948762,0.2857142857142857,90
ITRN,0.17077060923924658,0.0,0.0,0.0,-0.16774361620897593,0.0,0.08614205287719094,0.2857142857142857,89
ACRE,0.2555878995552456,0.0,0.0,0.0,0.005122906003500762,0.0,0.19297165116730935,0.2857142857142857,90
AMGN,0.40764762394718573,0.0,0.0,0.0,0.09674339334512676,0.0,0.32992156629667097,0.2857142857142857,90
AMST,0.0843786743527522,0.0,0.0,0.0,-0.13082482642666649,0.0,0.03057779915789752,0.2857142857142857,89
ANIP,0.15061213085062358,0.0,0.0,0.0,-0.23576214678899848,0.0,0.05401856144071806,0.2857142857142857,90
ANRO,0.4565821228780549,0.0,0.0,0.0,0.9523321174745238,0.0,0.5805196215271722,0.2857142857142857,90
AOD,0.18785685454958734,0.0,0.0,0.0,-0.02122823289428254,0.0,0.13558558268861987,0.2857142857142857,90
ARDT,0.09519076794326181,0.0,0.0,0.0,-0.3384491123005218,0.0,-0.013219202117684114,0.2857142857142857,90
ARE,0.0700313117527859,0.0,0.0,0.0,-0.2582346233218141,0.0,-0.012035172015864114,0.2857142857142857,90
ASTE,0.08632421631758014,0.0,0.0,0.0,-0.2942888091128576,0.0,-0.008829040040029311,0.2857142857142857,90
AVO,0.1758838801207253,0.0,0.0,0.0,-0.4841385145837779,0.0,0.010878281444599487,0.2857142857142857,90
BELFA,0.2549670861919584,0.0,0.0,0.0,0.009365309694766606,0.0,0.19356664206766044,0.2857142857142857,87
BETRW,0.1593171490430488,0.0,0.0,0.0,-0.03079924010097397,0.0,0.11178805175704311,0.2857142857142857,87
BWEN,0.46253889904941686,0.0,0.0,0.0,0.4468594499932828,0.0,0.45861903678538335,0.2857142857142857,89
BY,0.15380044002718984,0.0,0.0,0.0,-0.08338418645277586,0.0,0.09450428340719842,0.2857142857142857,90
CARS,0.23653312023911002,0.0,0.0,0.0,-0.26572264233785853,0.0,0.11096917959486788,0.2857142857142857,90
CHGG,0.1491340555523431,0.0,0.0,0.0,-0.5452211674634203,0.0,-0.024454750201597767,0.2857142857142857,90
CRH,0.1259494406511169,0.0,0.0,0.0,-0.045402861302008865,0.0,0.08311136516283546,0.2857142857142857,90
CROX,0.12501148896623154,0.0,0.0,0.0,0.31891297298111054,0.0,0.1734868599699513,0.2857142857142857,90
CSTL,0.4540778503268595,0.0,0.0,0.0,0.08040035798765345,0.0,0.360658477242058,0.2857142857142857,90
CULP,0.14183702713748483,0.0,0.0,0.0,-0.0765761354927677,0.0,0.08723373647992169,0.2857142857142857,89
CYD,0.1921844323290576,0.0,0.0,0.0,-0.18727564829790322,0.0,0.09731941217231739,0.2857142857142857,90
CYTK,0.3544856299966953,0.0,0.0,0.0,-0.057950265980199575,0.0,0.2513766560024716,0.2857142857142857,90
DHCNI,0.2142892589409175,0.0,0.0,0.0,0.1681095904906321,0.0,0.20274434182834616,0.2857142857142857,89
FBIOP,0.19924883629223425,0.0,0.0,0.0,-0.0872412088103128,0.0,0.12762632501659749,0.2857142857142857,86
FCEL,0.13014031119335284,0.0,0.0,0.0,-0.3533951891386995,0.0,0.009256436110339746,0.2857142857142857,90
FE,0.3184153042621116,0.0,0.0,0.0,0.058448017816595206,0.0,0.25342348265073256,0.2857142857142857,90
FSHPU,-0.013357444060474285,0.0,0.0,0.0,0.0,0.0,-0.010018083045355715,0.2857142857142857,73
FSUN,0.11298455075172532,0.0,0.0,0.0,-0.139662228417929,0.0,0.04982285595931174,0.2857142857142857,90
FSV,0.07824917766159172,0.0,0.0,0.0,-0.10979534954335554,0.0,0.031238045860354894,0.2857142857142857,90
GATX,0.05267581541721495,0.0,0.0,0.0,-0.11566235854952778,0.0,0.010591271925529265,0.2857142857142857,90
GNPX,0.21027874528264698,0.0,0.0,0.0,-0.6621140702754846,0.0,-0.007819458606885961,0.2857142857142857,90
GRBK,0.06365717933013801,0.0,0.0,0.0,-0.130733456872145,0.0,0.015059520279567253,0.2857142857142857,90
HDB,0.15286283438416104,0.0,0.0,0.0,0.024119941833081193,0.0,0.12067711124639108,0.2857142857142857,90
HGTY,0.3434222674719346,0.0,0.0,0.0,-0.15420974429631418,0.0,0.2190142645298724,0.2857142857142857,90
HLIT,0.11795645150133062,0.0,0.0,0.0,-0.2125195802169144,0.0,0.035337443571769364,0.2857142857142857,90
HWCPZ,0.03222050046941145,0.0,0.0,0.0,0.0,0.0,0.02416537535205859,0.2857142857142857,86
HYFM,-0.009947147135698551,0.0,0.0,0.0,-0.8541678594013802,0.0,-0.221002325202119,0.2857142857142857,87
IINNW,0.02932291734153659,0.0,0.0,0.0,0.0,0.0,0.021992188006152442,0.2857142857142857,76
ILMN,0.3672081259658812,0.0,0.0,0.0,0.010008840838864542,0.0,0.2779083046841271,0.2857142857142857,90
IMSR,0.10623301721846329,0.0,0.0,0.0,-0.32748484375419123,0.0,-0.002196448024700357,0.2857142857142857,90
INKT,0.11413382003253508,0.0,0.0,0.0,-0.8172013928627646,0.0,-0.11869998319128987,0.2857142857142857,86
INTJ,0.08725537001379204,0.0,0.0,0.0,-0.6545601652005663,0.0,-0.09819851378979756,0.2857142857142857,89
JMIA,0.15421665791903702,0.0,0.0,0.0,-0.012424807893444034,0.0,0.11255629146591675,0.2857142857142857,90
ACA,0.34936974364977524,0.0,0.0,0.0,-0.08637707932007921,0.0,0.24043303790731163,0.2857142857142857,90
ACTU,0.06252713930490378,0.0,0.0,0.0,-0.004321494273399995,0.0,0.04581498091032783,0.2857142857142857,89
AEF,0.1397837717587005,0.0,0.0,0.0,-0.18506731310795732,0.0,0.05857100054203603,0.2857142857142857,90
AFJK,0.29211482055089816,0.0,0.0,0.0,-0.057834478332298274,0.0,0.20462749583009904,0.2857142857142857,85
ALTS,0.0949358565303559,0.0,0.0,0.0,-0.19484495128878743,0.0,0.022490654575570052,0.2857142857142857,90
APWC,0.06896349037228516,0.0,0.0,0.0,-0.31822452233836696,0.0,-0.027833512805377877,0.2857142857142857,82
ARVN,0.46510757830413607,0.0,0.0,0.0,0.6040225260026503,0.0,0.49983631522876465,0.2857142857142857,90
ASPI,0.10449539851822232,0.0,0.0,0.0,-0.28913220671102186,0.0,0.00608849721091126,0.2857142857142857,90
AVNS,0.1342680768415634,0.0,0.0,0.0,-0.2214198661951656,0.0,0.045346091082381135,0.2857142857142857,90
AVX,0.048433749278810945,0.0,0.0,0.0,-0.7243166860701286,0.0,-0.14475385955842396,0.2857142857142857,89
BANC,0.1914177229368498,0.0,0.0,0.0,-0.029386010811542306,0.0,0.13621678949975177,0.2857142857142857,90
BBU,0.2597427298528459,0.0,0.0,0.0,0.1325903857362546,0.0,0.22795464382369807,0.2857142857142857,89
BCBP,0.13865073041744297,0.0,0.0,0.0,-0.06209278987240752,0.0,0.08846485034498035,0.2857142857142857,90
BN,0.13201916149522613,0.0,0.0,0.0,-0.006279890041148682,0.0,0.09744439861113242,0.2857142857142857,90
BTSG,0.24701025754356598,0.0,0.0,0.0,0.08093769973328059,0.0,0.20549211809099463,0.2857142857142857,90
BYFC,0.02817519334608645,0.0,0.0,0.0,-0.2389975767430703,0.0,-0.03861799917620275,0.2857142857142857,83
CGC,0.09174306384291664,0.0,0.0,0.0,-0.18064406684463138,0.0,0.023646281171029623,0.2857142857142857,90
CGNX,0.09918665998234216,0.0,0.0,0.0,-0.13014418853546159,0.0,0.04185394785289122,0.2857142857142857,90
CNTX,0.18939731451122802,0.0,0.0,0.0,-0.10734345409610027,0.0,0.11521212235939594,0.2857142857142857,89
COTY,0.07188732431532824,0.0,0.0,0.0,-0.50124250104666,0.0,-0.07139513202516885,0.2857142857142857,90
CRT,0.3299381471592398,0.0,0.0,0.0,0.11340527101253627,0.0,0.2758049281225639,0.2857142857142857,89
CWK,0.11422696126454095,0.0,0.0,0.0,-0.16602847228798737,0.0,0.04416310287640886,0.2857142857142857,90
DAL,0.11751100722846479,0.0,0.0,0.0,-0.24960081781737073,0.0,0.025733050967005896,0.2857142857142857,90
DB,0.29328032031953444,0.0,0.0,0.0,-0.40833058827769236,0.0,0.11787759317022772,0.2857142857142857,90
DH,0.1520361991939294,0.0,0.0,0.0,-0.2431899175665773,0.0,0.05322967000380273,0.2857142857142857,90
DINO,0.34983099944136875,0.0,0.0,0.0,-0.0009250691163262169,0.0,0.262141982301945,0.2857142857142857,90
ECCW,0.2658709121928815,0.0,0.0,0.0,0.049999972209008106,0.0,0.21190317719691315,0.2857142857142857,81
EMBC,0.16937249816606878,0.0,0.0,0.0,-0.08828051870110586,0.0,0.10495924394927512,0.2857142857142857,90
EPSN,0.1560549435887911,0.0,0.0,0.0,-0.020830319774728757,0.0,0.11183362774791113,0.2857142857142857,90
EURK,0.29112889831258515,0.0,0.0,0.0,0.0,0.0,0.21834667373443886,0.2857142857142857,81
EVTL,0.06726310942819752,0.0,0.0,0.0,-0.19854704124666572,0.0,0.0008105717594817028,0.2857142857142857,90
FMNB,0.12690662266910055,0.0,0.0,0.0,-0.1584871892378319,0.0,0.055558169692367425,0.2857142857142857,90
FOXA,0.317899988706522,0.0,0.0,0.0,-0.04659874759134148,0.0,0.22677530463205609,0.2857142857142857,90
FSK,0.18693647178210399,0.0,0.0,0.0,-0.10233625611546829,0.0,0.11461828980771092,0.2857142857142857,90
FUL,0.061084464106724495,0.0,0.0,0.0,-0.23369581718506185,0.0,-0.012610606216222101,0.2857142857142857,90
GDEVW,0.07622725414201383,0.0,0.0,0.0,0.0,0.0,0.057170440606510366,0.2857142857142857,76
GENC,0.06337117510793512,0.0,0.0,0.0,-0.1593254453493694,0.0,0.00769701999360898,0.2857142857142857,87
GLPI,0.12179110875998392,0.0,0.0,0.0,-0.18393933286276828,0.0,0.04535849835429587,0.2857142857142857,90
GLQ,0.24908194644618892,0.0,0.0,0.0,-0.2063833816976834,0.0,0.13521561441022087,0.2857142857142857,89
HCC,0.4074858428303619,0.0,0.0,0.0,-0.27743840688013915,0.0,0.2362547804027366,0.2857142857142857,90
HRZN,0.2575510042893675,0.0,0.0,0.0,-0.07878375822297369,0.0,0.1734673136612822,0.2857142857142857,90
IGA,0.08675944720199542,0.0,0.0,0.0,-0.057408073021595854,0.0,0.050717567146097604,0.2857142857142857,89
IMNM,0.33273653705688955,0.0,0.0,0.0,0.31807523711384594,0.0,0.32907121207112866,0.2857142857142857,90
IRMD,0.4297168978865208,0.0,0.0,0.0,0.11426829963089795,0.0,0.3508547483226151,0.2857142857142857,89
IVP,0.1051905660119934,0.0,0.0,0.0,-0.9995965095885964,0.0,-0.17100620288815407,0.2857142857142857,88
JRVR,0.33920480522073404,0.0,0.0,0.0,0.07622204240751422,0.0,0.2734591145174291,0.2857142857142857,90
AAON,0.15922851750556424,0.0,0.0,0.0,-0.17726897281606166,0.0,0.07510414492515775,0.2857142857142857,90
ADI,0.13299890421191546,0.0,0.0,0.0,-0.11319224867909435,0.0,0.07145111598916301,0.2857142857142857,90
AEHR,0.048870495856257794,0.0,0.0,0.0,-0.20469610964010462,0.0,-0.014521155517832821,0.2857142857142857,90
AES,0.14367508450641026,0.0,0.0,0.0,0.03838639600600762,0.0,0.1173529123813096,0.2857142857142857,90
AFRI,0.2527549406153161,0.0,0.0,0.0,0.0,0.0,0.1895662054614871,0.2857142857142857,85
ALC,0.20351997616272122,0.0,0.0,0.0,-0.1978156208027963,0.0,0.10318607692134182,0.2857142857142857,90
AVA,0.3286482499669595,0.0,0.0,0.0,-0.08810590058891211,0.0,0.2244597123279916,0.2857142857142857,90
AX,0.06987274274686611,0.0,0.0,0.0,-0.1678714656620088,0.0,0.010436690644647377,0.2857142857142857,90
BBIO,0.41870662470460995,0.0,0.0,0.0,0.04150183213615575,0.0,0.32440542656249644,0.2857142857142857,90
BCAB,0.48309503896549255,0.0,0.0,0.0,0.9991566463350123,0.0,0.6121104408078726,0.2857142857142857,90
BCG,0.3767206459220972,0.0,0.0,0.0,0.930361678537662,0.0,0.5151309040759885,0.2857142857142857,89
BFRIW,-0.044650015565373465,0.0,0.0,0.0,0.0,0.0,-0.0334875116740301,0.2857142857142857,73
BTO,0.03446969685859691,0.0,0.0,0.0,-0.18374066323591606,0.0,-0.02008289316503134,0.2857142857142857,89
CATO,0.05282788541129044,0.0,0.0,0.0,-0.1830969398786711,0.0,-0.0061533209111999535,0.2857142857142857,89
CDTX,0.5513870313120206,0.0,0.0,0.0,0.9999524136788368,0.0,0.6635283769037247,0.2857142857142857,90
CEF,0.2970113853603905,0.0,0.0,0.0,-0.11272872315950651,0.0,0.19457635823041625,0.2857142857142857,90
CHI,0.13006730967969066,0.0,0.0,0.0,-0.17210342304485055,0.0,0.05452462649855535,0.2857142857142857,90
CIM,0.08963536850333982,0.0,0.0,0.0,-0.06629267207655361,0.0,0.050653358358366464,0.2857142857142857,90
CIX,0.03974689310996961,0.0,0.0,0.0,0.0,0.0,0.029810169832477206,0.2857142857142857,82
CLW,0.09901335871819299,0.0,0.0,0.0,-0.38385233480404923,0.0,-0.02170306466236759,0.2857142857142857,90
CNK,0.3456934715179968,0.0,0.0,0.0,0.02502814992523629,0.0,0.2655271411198067,0.2857142857142857,90
CODX,0.2412683685224903,0.0,0.0,0.0,-0.3842269577228071,0.0,0.08489453696116593,0.2857142857142857,90
CON,0.11260383271105391,0.0,0.0,0.0,-0.13069405877637486,0.0,0.051779359839196716,0.2857142857142857,90
CPHC,0.011973276601470417,0.0,0.0,0.0,-0.17473316337608014,0.0,-0.03470333339291723,0.2857142857142857,83
CRF,0.11394719083316836,0.0,0.0,0.0,-0.10624741561545675,0.0,0.058898539221012076,0.2857142857142857,90
CTGO,0.18267001216984732,0.0,0.0,0.0,-0.37349032166576107,0.0,0.043629928710945225,0.2857142857142857,90
DMB,0.14501491866344166,0.0,0.0,0.0,-0.08547871440036875,0.0,0.08739151039748905,0.2857142857142857,89
DOCN,0.34759156317425666,0.0,0.0,0.0,-0.1168246270833775,0.0,0.23148751560984812,0.2857142857142857,90
DTB,0.051010390002635686,0.0,0.0,0.0,-0.06281904402506147,0.0,0.022553031495711393,0.2857142857142857,89
EAD,0.1385480158047745,0.0,0.0,0.0,-0.0550104882576095,0.0,0.09015838978917849,0.2857142857142857,90
EDSA,0.12152422563295406,0.0,0.0,0.0,-0.1925519874355013,0.0,0.043005172365840214,0.2857142857142857,88
ESP,0.014380079280739212,0.0,0.0,0.0,0.0,0.0,0.010785059460554408,0.2857142857142857,86
ESQ,0.22717890128704485,0.0,0.0,0.0,-0.03204031129560829,0.0,0.16237409814138157,0.2857142857142857,88
FCFS,0.32359246119159474,0.0,0.0,0.0,-0.04197348624197699,0.0,0.2322009743332018,0.2857142857142857,90
FCN,0.2434433339305362,0.0,0.0,0.0,-0.04712629374601039,0.0,0.17080092701139954,0.2857142857142857,90
GIII,0.10862608467965544,0.0,0.0,0.0,-0.2079882906530969,0.0,0.02947249084646734,0.2857142857142857,90
GMGI,0.02153880641298905,0.0,0.0,0.0,-0.44684298919551413,0.0,-0.09555664248913676,0.2857142857142857,89
HL,0.351971266112237,0.0,0.0,0.0,-0.24095831199760692,0.0,0.20373887158477602,0.2857142857142857,90
HQI,0.26752067371733107,0.0,0.0,0.0,-0.3399227356336612,0.0,0.11565982137958297,0.2857142857142857,88
IHS,0.23059318428580336,0.0,0.0,0.0,-0.07754408811165849,0.0,0.1535588661864379,0.2857142857142857,90
INDV,0.44776406624764564,0.0,0.0,0.0,0.4377183287947973,0.0,0.44525263188443354,0.2857142857142857,90
INGN,0.058642120896428986,0.0,0.0,0.0,-0.1298861974430005,0.0,0.01151004131157161,0.2857142857142857,90
INLX,-0.03194154881108113,0.0,0.0,0.0,0.0,0.0,-0.02395616160831085,0.2857142857142857,76
JJSF,0.2483660093211702,0.0,0.0,0.0,0.41525297097719904,0.0,0.2900877497351774,0.2857142857142857,90
ADGM,0.09322493899382706,0.0,0.0,0.0,0.3221085752572401,0.0,0.15044584805968034,0.2857142857142857,88
AIFU,0.044889238179108566,0.0,0.0,0.0,-0.2224615571658819,0.0,-0.021948460657139058,0.2857142857142857,83
ALAB,0.10101324286007293,0.0,0.0,0.0,-0.08083693711120739,0.0,0.055550697867252856,0.2857142857142857,90
ALCYU,0.03844478367381684,0.0,0.0,0.0,0.0,0.0,0.028833587755362627,0.2857142857142857,75
AMSF,0.06823065376741146,0.0,0.0,0.0,-0.1191126896004106,0.0,0.021394817925455934,0.2857142857142857,90
AS,0.37857381769024767,0.0,0.0,0.0,0.6192596017188426,0.0,0.43874526369739647,0.2857142857142857,90
ATEN,0.11359536143113859,0.0,0.0,0.0,-0.1593549045493954,0.0,0.045357794936005086,0.2857142857142857,90
AXIL,0.05599198744985934,0.0,0.0,0.0,0.0,0.0,0.0419939905873945,0.2857142857142857,83
AXTI,0.4423308758812554,0.0,0.0,0.0,-0.15689087834480447,0.0,0.29252543732474046,0.2857142857142857,90
BCAX,0.21520782746179445,0.0,0.0,0.0,0.3088722533169416,0.0,0.23862393392558126,0.2857142857142857,90
BEAM,0.09081154488390213,0.0,0.0,0.0,-0.15460339140478913,0.0,0.029457810811729313,0.2857142857142857,90
BHVN,0.11096490733490913,0.0,0.0,0.0,0.68745441156189,0.0,0.2550872833916544,0.2857142857142857,90
BOXL,0.07510220192384727,0.0,0.0,0.0,-0.7513123648338412,0.0,-0.1315014397655749,0.2857142857142857,89
BSBR,0.27753460642578326,0.0,0.0,0.0,-0.08314096643359946,0.0,0.18736571321093756,0.2857142857142857,90
BXMX,0.10517938082367848,0.0,0.0,0.0,-0.06986499911792239,0.0,0.06141828583827826,0.2857142857142857,89
CAN,0.14440910058422607,0.0,0.0,0.0,-0.01926644175892316,0.0,0.10349021499843876,0.2857142857142857,90
CDTG,0.06956375110450828,0.0,0.0,0.0,-0.9195035103010645,0.0,-0.17770306424688495,0.2857142857142857,87
CELH,0.12129663237650509,0.0,0.0,0.0,-0.31279719081729174,0.0,0.01277317657805588,0.2857142857142857,90
CENX,0.24380849474913116,0.0,0.0,0.0,-0.18651877362047237,0.0,0.13622667765673027,0.2857142857142857,90
CHSCL,0.021062747788369016,0.0,0.0,0.0,0.0009800075263242823,0.0,0.016042062722857832,0.2857142857142857,86
CLPR,0.11290087223909796,0.0,0.0,0.0,-0.026660347476464643,0.0,0.07801056731020732,0.2857142857142857,89
COIN,0.14467884221865662,0.0,0.0,0.0,-0.4264299051995494,0.0,0.0019016553641051095,0.2857142857142857,90
CRESW,0.3545839413063377,0.0,0.0,0.0,0.7704789737581822,0.0,0.45855769941929886,0.2857142857142857,86
CRM,0.0713499520131194,0.0,0.0,0.0,-0.2544846207094863,0.0,-0.010108691167532035,0.2857142857142857,90
CSTM,0.15824044420853695,0.0,0.0,0.0,-0.24686728576305586,0.0,0.05696351171563874,0.2857142857142857,90
DLX,0.2436396914555708,0.0,0.0,0.0,-0.40815767440006134,0.0,0.08069034999166276,0.2857142857142857,90
DOOO,0.12339079028732008,0.0,0.0,0.0,-0.17156148033530963,0.0,0.04965272263166265,0.2857142857142857,90
DPG,0.23538216595406006,0.0,0.0,0.0,-0.02857453618544781,0.0,0.1693929904191831,0.2857142857142857,90
DTST,0.23496897120526364,0.0,0.0,0.0,0.15759960811173918,0.0,0.21562663043188254,0.2857142857142857,89
E,0.3236612396034295,0.0,0.0,0.0,-0.05585549990822531,0.0,0.2287820547255158,0.2857142857142857,90
EBC,0.14262675143805717,0.0,0.0,0.0,0.014354454676562628,0.0,0.11055867724768352,0.2857142857142857,90
ECG,0.2661414568845536,0.0,0.0,0.0,-0.35124839865102453,0.0,0.11179399300065905,0.2857142857142857,90
EGO,0.30908844289504167,0.0,0.0,0.0,0.03281291433750389,0.0,0.24001956075565722,0.2857142857142857,90
ENO,0.036420859515405135,0.0,0.0,0.0,0.0,0.0,0.02731564463655385,0.2857142857142857,76
EQX,0.3554040151467567,0.0,0.0,0.0,-0.06730947494747466,0.0,0.24972564262319885,0.2857142857142857,90
ETV,0.16056325193138418,0.0,0.0,0.0,-0.1418931937669326,0.0,0.08494914050680498,0.2857142857142857,90
EW,0.40945257349092795,0.0,0.0,0.0,-0.00435562609388656,0.0,0.3060005235947243,0.2857142857142857,90
FMC,0.06539741138701134,0.0,0.0,0.0,-0.33178042749754355,0.0,-0.0338970483341274,0.2857142857142857,90
FOR,0.11098270328033184,0.0,0.0,0.0,-0.2769446660626008,0.0,0.014000860944598669,0.2857142857142857,90
GSM,0.23729359398733504,0.0,0.0,0.0,0.361482404887281,0.0,0.2683407967123215,0.2857142857142857,90
HERE,0.09472765698995864,0.0,0.0,0.0,-0.504304580799845,0.0,-0.05503040245749228,0.2857142857142857,90
HHH,0.32169618791855337,0.0,0.0,0.0,-0.21676876740085524,0.0,0.1870799490887012,0.2857142857142857,90
HIX,0.12303209730701271,0.0,0.0,0.0,-0.01186183982394735,0.0,0.0893086130242727,0.2857142857142857,90
HLN,0.2956077642052644,0.0,0.0,0.0,-0.20416099059052958,0.0,0.1706655755063159,0.2857142857142857,90
IAS,0.2032796653591422,0.0,0.0,0.0,-0.017046570663545178,0.0,0.14819810635347033,0.2857142857142857,90
INSW,0.38018176909993207,0.0,0.0,0.0,0.012117229421770327,0.0,0.28816563418039165,0.2857142857142857,90
AAOI,0.06684110028802843,0.0,0.0,0.0,-0.013153988922308305,0.0,0.04684232798544425,0.2857142857142857,90
ADNT,0.1192250777265968,0.0,0.0,0.0,-0.5083844491863692,0.0,-0.037677304001644714,0.2857142857142857,90
AEG,0.14074533437539508,0.0,0.0,0.0,-0.26856483764267125,0.0,0.03841779137087848,0.2857142857142857,90
AGMH,0.11130466412505818,0.0,0.0,0.0,-0.28434012352281873,0.0,0.012393467213088942,0.2857142857142857,86
AKAM,0.402695272817627,0.0,0.0,0.0,-0.12007640219134678,0.0,0.2720023540653836,0.2857142857142857,90
ALGN,0.18851239466392725,0.0,0.0,0.0,-0.2000690437723953,0.0,0.0913670350548466,0.2857142857142857,90
AMPH,0.2641715225175145,0.0,0.0,0.0,-0.19088456266925585,0.0,0.15040750122082194,0.2857142857142857,90
AMWD,0.05313785654307347,0.0,0.0,0.0,-0.3161187916517402,0.0,-0.03917630550562996,0.2857142857142857,90
ANF,0.08474084645256856,0.0,0.0,0.0,-0.13187200809339544,0.0,0.03058763281607756,0.2857142857142857,90
ASYS,0.18482896164511425,0.0,0.0,0.0,-0.08156228206112705,0.0,0.11823115071855393,0.2857142857142857,90
AU,0.4459382318722461,0.0,0.0,0.0,0.09948384993194337,0.0,0.35932463638717044,0.2857142857142857,90
BABA,0.11170545054377529,0.0,0.0,0.0,-0.03032784550153474,0.0,0.07619712653244778,0.2857142857142857,90
BL,0.22416948238038079,0.0,0.0,0.0,-0.16657243844860256,0.0,0.12648400217313494,0.2857142857142857,90
BNGO,0.05376242042858181,0.0,0.0,0.0,0.183701522390757,0.0,0.08624719591912561,0.2857142857142857,90
BRCC,0.1258890712750665,0.0,0.0,0.0,-0.17808086811732982,0.0,0.049896586426967406,0.2857142857142857,90
BRSP,0.17871755619639365,0.0,0.0,0.0,-0.013722834740845964,0.0,0.13060745846208374,0.2857142857142857,90
CEVA,0.11992090226912284,0.0,0.0,0.0,-0.8363098808044123,0.0,-0.11913679349926096,0.2857142857142857,90
CGABL,0.1408110611466451,0.0,0.0,0.0,-0.09702418388014065,0.0,0.08135224988994866,0.2857142857142857,89
CPB,0.14411743295115378,0.0,0.0,0.0,-0.07346739124179252,0.0,0.0897212269029172,0.2857142857142857,90
CPRT,0.1174841091167162,0.0,0.0,0.0,-0.026423448970303576,0.0,0.08150721959496125,0.2857142857142857,90
CPZ,0.10371515831050682,0.0,0.0,0.0,-0.08481860769035815,0.0,0.05658171681029057,0.2857142857142857,89
CRNX,0.22803583522300322,0.0,0.0,0.0,0.17205842126542586,0.0,0.2140414817336089,0.2857142857142857,90
CRVL,0.05120851981190776,0.0,0.0,0.0,-0.11925548892582048,0.0,0.008592517627475696,0.2857142857142857,90
CTRE,0.3281885080782537,0.0,0.0,0.0,0.1058951926462294,0.0,0.2726151792202477,0.2857142857142857,90
CUBB,0.0817300026065674,0.0,0.0,0.0,0.0,0.0,0.06129750195492555,0.2857142857142857,83
CUBWU,-0.04093307714659086,0.0,0.0,0.0,0.0,0.0,-0.030699807859943147,0.2857142857142857,73
DCBO,0.09231814382601551,0.0,0.0,0.0,-0.4137611816211279,0.0,-0.03420168753577036,0.2857142857142857,90
DCI,0.2976215840842061,0.0,0.0,0.0,-0.07577823755283712,0.0,0.20427162867494528,0.2857142857142857,90
DSGN,0.4036185392852021,0.0,0.0,0.0,0.27303635531281417,0.0,0.3709729932921051,0.2857142857142857,90
DVN,0.3308507136602846,0.0,0.0,0.0,0.03423807492573175,0.0,0.25669755397664645,0.2857142857142857,90
ENR,0.12872149609213895,0.0,0.0,0.0,-0.8488615182890299,0.0,-0.11567425750315329,0.2857142857142857,90
ERAS,0.3954034143918537,0.0,0.0,0.0,0.3886053423151571,0.0,0.3937038963726796,0.2857142857142857,90
FINW,0.13640414192990089,0.0,0.0,0.0,-0.2810903276096005,0.0,0.03203052454502552,0.2857142857142857,87
FVNNU,-0.04272971635622898,0.0,0.0,0.0,0.0,0.0,-0.03204728726717174,0.2857142857142857,73
GFAI,0.12615825350728987,0.0,0.0,0.0,-0.7996414572076151,0.0,-0.10529167417143641,0.2857142857142857,90
GLAD,0.21206999165528262,0.0,0.0,0.0,0.2325364126202951,0.0,0.21718659689653574,0.2857142857142857,90
GNE,0.10754835364958516,0.0,0.0,0.0,-0.16326749348061292,0.0,0.03984439186703564,0.2857142857142857,90
GWRS,0.1734268947774484,0.0,0.0,0.0,-0.27169084625900053,0.0,0.062147459518336175,0.2857142857142857,90
HAFC,0.1585459234504382,0.0,0.0,0.0,-0.12106010456259894,0.0,0.0886444164471789,0.2857142857142857,90
HUBS,0.07152050780319164,0.0,0.0,0.0,-0.3554342444937235,0.0,-0.03521818027103717,0.2857142857142857,90
IBCP,0.1262091424427715,0.0,0.0,0.0,-0.11705119608770227,0.0,0.06539405781015306,0.2857142857142857,90
IMG,0.09440253373569757,0.0,0.0,0.0,0.04145676146670299,0.0,0.08116609066844892,0.2857142857142857,90
INGM,0.12637123985093265,0.0,0.0,0.0,-0.0036656727306882695,0.0,0.09386201170552741,0.2857142857142857,90
INTS,0.32305697576259274,0.0,0.0,0.0,-0.3478280292359464,0.0,0.15533572451295793,0.2857142857142857,90
JNJ,0.44865309774693435,0.0,0.0,0.0,0.18876545831014716,0.0,0.3836811878877376,0.2857142857142857,90
ADX,0.2906373071831557,0.0,0.0,0.0,0.01820707085313163,0.0,0.2225297481006497,0.2857142857142857,90
AMCR,0.25124131049449916,0.0,0.0,0.0,-0.08149911559138734,0.0,0.16805620397302753,0.2857142857142857,90
AREBW,-0.029440944298998496,0.0,0.0,0.0,0.0,0.0,-0.022080708224248874,0.2857142857142857,73
AURA,0.08903190827771108,0.0,0.0,0.0,-0.09473765770926011,0.0,0.04308951678096828,0.2857142857142857,90
AWK,0.16980575419985725,0.0,0.0,0.0,-0.1661389379815621,0.0,0.0858195811545024,0.2857142857142857,90
BARK,0.14314655816526653,0.0,0.0,0.0,-0.38755275517381166,0.0,0.010471729830496964,0.2857142857142857,90
BDN,0.14796168018160455,0.0,0.0,0.0,-0.10749671335614265,0.0,0.08409708179716775,0.2857142857142857,90
BELFB,0.25477945420788656,0.0,0.0,0.0,0.021253133537211182,0.0,0.1963978740402177,0.2857142857142857,90
BENFW,0.11652939349116398,0.0,0.0,0.0,0.0,0.0,0.08739704511837298,0.2857142857142857,80
BHB,0.17233579116167938,0.0,0.0,0.0,-0.09544256161592737,0.0,0.1053912029672777,0.2857142857142857,89
BIDU,0.12327589887986462,0.0,0.0,0.0,-0.21027844411585847,0.0,0.03988731313093384,0.2857142857142857,90
BKHAU,-0.013621891151069716,0.0,0.0,0.0,0.0,0.0,-0.010216418363302287,0.2857142857142857,73
BTE,0.4261119571531067,0.0,0.0,0.0,0.08735638528323005,0.0,0.3414230641856375,0.2857142857142857,90
BTI,0.31149379857133475,0.0,0.0,0.0,0.023853063121889864,0.0,0.23958361470897352,0.2857142857142857,90
CASH,0.06302351793393801,0.0,0.0,0.0,-0.08902984423761248,0.0,0.025010177391050385,0.2857142857142857,90
CLGN,0.16881118809718154,0.0,0.0,0.0,0.4411712768290655,0.0,0.2369012102801525,0.2857142857142857,87
CNTA,0.38868909170837596,0.0,0.0,0.0,0.373542842284971,0.0,0.3849025293525247,0.2857142857142857,90
COHU,0.1792807877258357,0.0,0.0,0.0,-0.1154508005990444,0.0,0.10559789064461567,0.2857142857142857,90
CORZ,0.17536838366505253,0.0,0.0,0.0,0.07893891257868763,0.0,0.15126101589346133,0.2857142857142857,90
CREV,0.04527530698537261,0.0,0.0,0.0,-0.9160076097131219,0.0,-0.19504542218925106,0.2857142857142857,89
CVU,0.2899882222356338,0.0,0.0,0.0,0.8762128009649143,0.0,0.43654436691795395,0.2857142857142857,89
CZFS,0.14307438109173373,0.0,0.0,0.0,0.0,0.0,0.10730578581880029,0.2857142857142857,86
DFIN,0.11792517252845751,0.0,0.0,0.0,-0.17394400273488433,0.0,0.04495787871262204,0.2857142857142857,90
DKL,0.25848682433863224,0.0,0.0,0.0,-0.07492459872707463,0.0,0.1751339685722055,0.2857142857142857,89
DMAC,0.4040697743830222,0.0,0.0,0.0,0.9406361048066454,0.0,0.5382113569889281,0.2857142857142857,90
DOC,0.1368579143272657,0.0,0.0,0.0,0.03140925943659248,0.0,0.11049575060459739,0.2857142857142857,90
DORM,0.1325276523989206,0.0,0.0,0.0,-0.20588279107799803,0.0,0.04792504152969092,0.2857142857142857,90
ECL,0.28544711999797934,0.0,0.0,0.0,-0.0074451680715691086,0.0,0.21222404798059222,0.2857142857142857,90
EDUC,0.10129633289717176,0.0,0.0,0.0,-0.3787082236986772,0.0,-0.0187048062517905,0.2857142857142857,88
EMN,0.07218788763908594,0.0,0.0,0.0,-0.39843128969512925,0.0,-0.045466906694467873,0.2857142857142857,90
ETHE,0.14063107860598284,0.0,0.0,0.0,-0.34178447947337626,0.0,0.020027189086143055,0.2857142857142857,90
FBP,0.20147314449030868,0.0,0.0,0.0,-0.12120240584417531,0.0,0.12080425690668768,0.2857142857142857,90
FGI,0.1766011716950527,0.0,0.0,0.0,0.027822131439280515,0.0,0.13940641163110967,0.2857142857142857,88
FLNG,0.31099347921241566,0.0,0.0,0.0,0.09761444026899722,0.0,0.25764871947656104,0.2857142857142857,90
FOXXW,-0.018088109202034366,0.0,0.0,0.0,0.0,0.0,-0.013566081901525775,0.2857142857142857,77
FROG,0.4993556251911715,0.0,0.0,0.0,0.11074822084597336,0.0,0.40220377410487196,0.2857142857142857,90
FTAIM,0.1188549883594513,0.0,0.0,0.0,0.0,0.0,0.08914124126958847,0.2857142857142857,87
GAU,0.14949874022435558,0.0,0.0,0.0,-0.16371168475216108,0.0,0.07119613398022641,0.2857142857142857,90
GOODO,-0.035401845511592166,0.0,0.0,0.0,-0.03542820414133181,0.0,-0.03540843516902708,0.2857142857142857,84
GPRO,0.099438284937144,0.0,0.0,0.0,0.0,0.0,0.074578713702858,0.2857142857142857,90
ICON,0.08337226710644766,0.0,0.0,0.0,0.0,0.0,0.06252920032983575,0.2857142857142857,89
INTG,0.17837521837997566,0.0,0.0,0.0,-0.7049892034462248,0.0,-0.042465887076574484,0.2857142857142857,83
INVZW,-0.03203620088729581,0.0,0.0,0.0,0.0,0.0,-0.024027150665471855,0.2857142857142857,76
AAPL,0.3056806116729564,0.0,0.0,0.0,-0.08330766073293035,0.0,0.2084335435714847,0.2857142857142857,90
ADCT,0.23449726715053013,0.0,0.0,0.0,-0.04307677402926556,0.0,0.1651037568555812,0.2857142857142857,90
AEIS,0.29854625882197244,0.0,0.0,0.0,-0.08191662117984308,0.0,0.20343053882151854,0.2857142857142857,90
ALFUU,0.0789182673072365,0.0,0.0,0.0,0.0,0.0,0.059188700480427375,0.2857142857142857,76
ALRS,0.06921555016687739,0.0,0.0,0.0,-0.11565120646235608,0.0,0.022998861009569018,0.2857142857142857,90
AMSC,0.09439229448430304,0.0,0.0,0.0,-0.3540749144187407,0.0,-0.017724507741457913,0.2857142857142857,90
AMTX,0.1303381500461605,0.0,0.0,0.0,-0.5839135443178193,0.0,-0.04822477354483446,0.2857142857142857,90
AXS,0.3774291718431458,0.0,0.0,0.0,-0.16123758701503024,0.0,0.24276248212860177,0.2857142857142857,90
BCS,0.2788341352112333,0.0,0.0,0.0,-0.2466085903547285,0.0,0.14747345381974283,0.2857142857142857,90
BIP,0.24186257520674773,0.0,0.0,0.0,-0.08962128984831266,0.0,0.15899160894298264,0.2857142857142857,90
BSL,0.12004107801992606,0.0,0.0,0.0,-0.0018050521912051,0.0,0.08957954546714328,0.2857142857142857,90
BSRR,0.2350117954522377,0.0,0.0,0.0,-0.028992213960931212,0.0,0.16901079309894546,0.2857142857142857,89
BWLP,0.1424500935520941,0.0,0.0,0.0,0.03334712837797272,0.0,0.11517435225856375,0.2857142857142857,90
BYRN,0.06061351847831384,0.0,0.0,0.0,-0.06830850917814693,0.0,0.028383011564198642,0.2857142857142857,90
CALC,0.2711821806635588,0.0,0.0,0.0,-0.1375834287857705,0.0,0.16899077830122647,0.2857142857142857,89
CBT,0.11884562766111356,0.0,0.0,0.0,-0.19521124322714303,0.0,0.040331409939049406,0.2857142857142857,90
CCC,0.08887300860294535,0.0,0.0,0.0,-0.08494466584546177,0.0,0.04541858999084356,0.2857142857142857,90
CDRO,0.2222729853231218,0.0,0.0,0.0,0.5114290041559395,0.0,0.29456199003132627,0.2857142857142857,89
CIVB,0.16439685357112108,0.0,0.0,0.0,-0.10954941432136181,0.0,0.09591028659800034,0.2857142857142857,90
CLX,0.10035236030623092,0.0,0.0,0.0,-0.2710941024171699,0.0,0.0074907446253807,0.2857142857142857,90
CRGY,0.300828785473578,0.0,0.0,0.0,-0.0816952501650632,0.0,0.2051977765639177,0.2857142857142857,90
CRSP,0.10960799135698063,0.0,0.0,0.0,-0.03715034398075495,0.0,0.07291840752254673,0.2857142857142857,90
CSAN,0.24381354195084937,0.0,0.0,0.0,-0.39964665023656554,0.0,0.08294849390399563,0.2857142857142857,90
CSX,0.10909869117699736,0.0,0.0,0.0,-0.1283390924333933,0.0,0.04973924527439969,0.2857142857142857,90
CVS,0.19255514963689013,0.0,0.0,0.0,-0.16814680093307335,0.0,0.10237966199439925,0.2857142857142857,90
DENN,0.3318753538376778,0.0,0.0,0.0,0.008143142475727514,0.0,0.2509423009971902,0.2857142857142857,90
DHF,0.13904244388024473,0.0,0.0,0.0,-0.019838666574031723,0.0,0.09932216626667562,0.2857142857142857,89
DUOL,0.07998286409967892,0.0,0.0,0.0,-0.311057547956485,0.0,-0.01777723891436207,0.2857142857142857,90
DXYZ,0.057668519721146005,0.0,0.0,0.0,-0.22016686523207993,0.0,-0.011790326517160487,0.2857142857142857,90
ECCV,0.23860245365900445,0.0,0.0,0.0,0.0,0.0,0.17895184024425334,0.2857142857142857,82
EGBN,0.15751905167561958,0.0,0.0,0.0,0.19233975016347138,0.0,0.16622422629758254,0.2857142857142857,90
FBLA,0.24335557779289618,0.0,0.0,0.0,-0.09562528556669543,0.0,0.15861036195299827,0.2857142857142857,89
GETY,0.07175199365979583,0.0,0.0,0.0,-0.38159850113245974,0.0,-0.04158563003826808,0.2857142857142857,90
GLTO,0.5184485237564431,0.0,0.0,0.0,-0.8712889633308684,0.0,0.17101415198461523,0.2857142857142857,89
GPUS,0.07773679588608175,0.0,0.0,0.0,-0.8550064953091974,0.0,-0.15544902691273807,0.2857142857142857,90
HOFT,0.2547972261624686,0.0,0.0,0.0,0.07988762195470991,0.0,0.2110698251105289,0.2857142857142857,89
HPP,0.16453383625241333,0.0,0.0,0.0,-0.6745638689786038,0.0,-0.04524059005534097,0.2857142857142857,90
IPDN,0.07342902061230684,0.0,0.0,0.0,-0.5731316113286529,0.0,-0.08821113737293311,0.2857142857142857,89
ISRG,0.3489531611695215,0.0,0.0,0.0,-0.008927860658397999,0.0,0.2594829057125417,0.2857142857142857,90
ISRLW,0.06629490164298914,0.0,0.0,0.0,-0.7971284873136952,0.0,-0.149560945596182,0.2857142857142857,83
ITRM,0.12213904363818374,0.0,0.0,0.0,-0.9249232053498757,0.0,-0.13962651860883116,0.2857142857142857,90
JSPR,0.15879177791703072,0.0,0.0,0.0,0.6243406332033925,0.0,0.2751789917386212,0.2857142857142857,90
ABM,0.06820078117646121,0.0,0.0,0.0,-0.22881740535082273,0.0,-0.006053765455359788,0.2857142857142857,90
ACHV,0.19408626202713725,0.0,0.0,0.0,-0.26634515878827475,0.0,0.07897840682328425,0.2857142857142857,90
AMAT,0.33108112990843347,0.0,0.0,0.0,0.2602477872863781,0.0,0.31337279425291964,0.2857142857142857,90
ANGH,0.13488652385562638,0.0,0.0,0.0,0.0,0.0,0.10116489289171979,0.2857142857142857,86
ANL,0.12743704688377583,0.0,0.0,0.0,0.0,0.0,0.09557778516283187,0.2857142857142857,87
APOS,0.18532144701568554,0.0,0.0,0.0,0.04205628000160697,0.0,0.1495051552621659,0.2857142857142857,88
ARCC,0.08185049630034326,0.0,0.0,0.0,-0.1839791039669086,0.0,0.015393096233530282,0.2857142857142857,90
ARTW,0.11362667885356244,0.0,0.0,0.0,-0.24907349039413157,0.0,0.02295163654163893,0.2857142857142857,89
ATYR,0.04599510814934672,0.0,0.0,0.0,-0.26866163625109124,0.0,-0.03266907795076278,0.2857142857142857,90
AVNT,0.07475483721507079,0.0,0.0,0.0,-0.3185356780597901,0.0,-0.023567791603644448,0.2857142857142857,90
AXIA,0.3198585230598319,0.0,0.0,0.0,-0.0928057650698038,0.0,0.216692451027423,0.2857142857142857,90
BCC,0.08107881052268669,0.0,0.0,0.0,-0.13902720276886663,0.0,0.02605230719979835,0.2857142857142857,90
BMRN,0.15940803660068947,0.0,0.0,0.0,-0.1550329144715002,0.0,0.08079779883264206,0.2857142857142857,90
BOOT,0.14756036230113836,0.0,0.0,0.0,-0.1072639232787143,0.0,0.08385429090617519,0.2857142857142857,90
BXSL,0.13486041428670614,0.0,0.0,0.0,-0.058161182582103704,0.0,0.08660501506950367,0.2857142857142857,90
CDTTW,-0.05577975041276702,0.0,0.0,0.0,0.0,0.0,-0.04183481280957527,0.2857142857142857,73
CG,0.1043037472771306,0.0,0.0,0.0,-0.13451735703778012,0.0,0.04459847119840291,0.2857142857142857,90
CHSCP,0.17295150161831324,0.0,0.0,0.0,-0.03719049343861849,0.0,0.12041600285408031,0.2857142857142857,87
CICB,0.19131586109623663,0.0,0.0,0.0,0.003933890013696967,0.0,0.1444703683256017,0.2857142857142857,85
CIK,0.1543721941859561,0.0,0.0,0.0,-0.07130734166794347,0.0,0.0979523102224812,0.2857142857142857,90
CINF,0.35408812617808655,0.0,0.0,0.0,-0.1312144860674919,0.0,0.23276247311669196,0.2857142857142857,90
COP,0.168236508078209,0.0,0.0,0.0,-0.08142914092557876,0.0,0.10582009582726205,0.2857142857142857,90
CPAI,0.1931322012508935,0.0,0.0,0.0,0.0,0.0,0.14484915093817013,0.2857142857142857,82
CPRI,0.21472307393324896,0.0,0.0,0.0,0.1025757265639661,0.0,0.18668623709092824,0.2857142857142857,90
CRMT,0.044134058025252845,0.0,0.0,0.0,-0.15831645251032492,0.0,-0.0064785696086416,0.2857142857142857,90
CTM,0.28355579101386413,0.0,0.0,0.0,-0.419272068856575,0.0,0.10784882604625433,0.2857142857142857,90
CYCN,0.10521660877385217,0.0,0.0,0.0,-0.15238733056773474,0.0,0.04081562393845544,0.2857142857142857,89
DIS,0.14784436196648595,0.0,0.0,0.0,-0.13669811292758394,0.0,0.07670874324296847,0.2857142857142857,90
DLO,0.10788144059705689,0.0,0.0,0.0,-0.39131968822802105,0.0,-0.01691884160921262,0.2857142857142857,90
EDBLW,0.26888387372865236,0.0,0.0,0.0,0.0,0.0,0.20166290529648925,0.2857142857142857,78
EPR,0.16073422626160566,0.0,0.0,0.0,0.029990020549168536,0.0,0.1280481748334964,0.2857142857142857,90
EU,0.16844475733355907,0.0,0.0,0.0,0.14544555247858673,0.0,0.162694956119816,0.2857142857142857,90
EVER,0.34778397913939757,0.0,0.0,0.0,-0.2853845390436966,0.0,0.189491849593624,0.2857142857142857,90
FBIZ,0.2681695021405364,0.0,0.0,0.0,0.0,0.0,0.2011271266054023,0.2857142857142857,88
FBK,0.10091958212435957,0.0,0.0,0.0,-0.1348049033544307,0.0,0.04198846075466199,0.2857142857142857,90
FLGC,0.042033812352499124,0.0,0.0,0.0,0.0,0.0,0.031525359264374345,0.2857142857142857,87
FONR,0.10076055641745234,0.0,0.0,0.0,-0.12175863086821744,0.0,0.04513075959603489,0.2857142857142857,89
FR,0.20202247319978273,0.0,0.0,0.0,-0.09036968988712936,0.0,0.1289244324280547,0.2857142857142857,90
GGG,0.0963589648161324,0.0,0.0,0.0,-0.10801807760336374,0.0,0.04526470421125837,0.2857142857142857,90
GTE,0.28931168954114694,0.0,0.0,0.0,0.06784578224271004,0.0,0.2339452127165377,0.2857142857142857,90
HBAN,0.1227452650602769,0.0,0.0,0.0,-0.10467722143313483,0.0,0.06588964343692397,0.2857142857142857,90
HOMB,0.19223581329086062,0.0,0.0,0.0,-0.01012297464520015,0.0,0.14164611630684543,0.2857142857142857,90
IMRX,0.26486324218300306,0.0,0.0,0.0,0.5249900687475962,0.0,0.3298949488241514,0.2857142857142857,90
INBKZ,0.18968057372019811,0.0,0.0,0.0,0.0,0.0,0.1422604302901486,0.2857142857142857,82
JL,0.1863680569962974,0.0,0.0,0.0,0.38255572473607985,0.0,0.23541497393124303,0.2857142857142857,88
ABG,0.09241564635237559,0.0,0.0,0.0,-0.06812916800013394,0.0,0.0522794427642482,0.2857142857142857,90
ACOG,0.1198918610077696,0.0,0.0,0.0,-0.11916681478045192,0.0,0.060127192060714214,0.2857142857142857,90
AEFC,0.10764557585196881,0.0,0.0,0.0,0.02742454295839383,0.0,0.08759031762857505,0.2857142857142857,89
AHCO,0.2416409021401998,0.0,0.0,0.0,-0.10179670989400005,0.0,0.15578149913164985,0.2857142857142857,90
AMX,0.3224856080057315,0.0,0.0,0.0,-0.006448749813338119,0.0,0.2402520185509641,0.2857142857142857,90
ATAI,0.1269146477667273,0.0,0.0,0.0,-0.36428541303992407,0.0,0.0041146325650644475,0.2857142857142857,90
ATLCL,0.06680617447095819,0.0,0.0,0.0,0.0,0.0,0.05010463085321864,0.2857142857142857,80
BHK,0.15438292890683908,0.0,0.0,0.0,-0.13109229767486952,0.0,0.08301412226141193,0.2857142857142857,90
BIVI,0.016570735556455083,0.0,0.0,0.0,-0.35322832466364024,0.0,-0.07587902949856877,0.2857142857142857,89
BLNE,0.12726966650229518,0.0,0.0,0.0,-0.5419669693386792,0.0,-0.04003949245794843,0.2857142857142857,90
BRFH,0.09596583162272676,0.0,0.0,0.0,0.27425298750738514,0.0,0.14053762059389138,0.2857142857142857,88
CDW,0.08667745592008169,0.0,0.0,0.0,-0.23794008564970354,0.0,0.005523070527635372,0.2857142857142857,90
CMSD,0.07413934417650465,0.0,0.0,0.0,-0.07396921898455104,0.0,0.03711220338624072,0.2857142857142857,87
CNA,0.19673633681086639,0.0,0.0,0.0,-0.009742060261505573,0.0,0.1451167375427734,0.2857142857142857,90
COE,0.09725813146283456,0.0,0.0,0.0,0.0,0.0,0.07294359859712592,0.2857142857142857,83
COEP,0.3310729631197778,0.0,0.0,0.0,0.5407585102901483,0.0,0.38349434991237047,0.2857142857142857,88
CRGOW,0.22985886573489592,0.0,0.0,0.0,0.0,0.0,0.17239414930117195,0.2857142857142857,82
CRML,0.13416053571881253,0.0,0.0,0.0,-0.423523074391292,0.0,-0.005260366808713613,0.2857142857142857,90
DBI,0.10379870280747777,0.0,0.0,0.0,-0.4859919768414001,0.0,-0.04364896710474172,0.2857142857142857,90
DCOM,0.12376786493292738,0.0,0.0,0.0,-0.08553142111006407,0.0,0.07144304342217953,0.2857142857142857,90
DEA,0.08464325200909163,0.0,0.0,0.0,-0.13723716833089156,0.0,0.029173146924095828,0.2857142857142857,90
DSYWW,0.031574054814525375,0.0,0.0,0.0,0.0,0.0,0.02368054111089403,0.2857142857142857,76
ECO,0.47474179343861594,0.0,0.0,0.0,-0.2313757491021305,0.0,0.29821240780342934,0.2857142857142857,89
EM,0.18444552632212716,0.0,0.0,0.0,-0.15990609216427573,0.0,0.09835762170052643,0.2857142857142857,89
ENGN,0.3523454233688619,0.0,0.0,0.0,-0.7640680338918775,0.0,0.07324205905367699,0.2857142857142857,89
ENTA,0.3149278472683286,0.0,0.0,0.0,0.1878327476766822,0.0,0.283154072370417,0.2857142857142857,90
EOG,0.1908297256047993,0.0,0.0,0.0,-0.09675705703015722,0.0,0.11893302994606016,0.2857142857142857,90
EXPI,0.2669424514281306,0.0,0.0,0.0,-0.14561202108200824,0.0,0.1638038333005959,0.2857142857142857,90
FCBC,0.10686109366118038,0.0,0.0,0.0,-0.18252584870896144,0.0,0.034514358068644925,0.2857142857142857,89
FGBIP,0.08100958642443007,0.0,0.0,0.0,0.0,0.0,0.06075718981832255,0.2857142857142857,87
FINS,0.11046855594648543,0.0,0.0,0.0,-0.1035578677867479,0.0,0.05696195001317709,0.2857142857142857,89
FTS,0.3355239181761794,0.0,0.0,0.0,-0.07959815892221006,0.0,0.231743398901582,0.2857142857142857,90
FUSB,0.3557088813180957,0.0,0.0,0.0,-0.06545616716584171,0.0,0.25041761919711136,0.2857142857142857,84
GFL,0.2561633528172861,0.0,0.0,0.0,0.3551195356542606,0.0,0.2809023985265297,0.2857142857142857,90
GLV,0.24304756143396816,0.0,0.0,0.0,-0.21303276611663785,0.0,0.1290274795463167,0.2857142857142857,88
GLW,0.20460357466474244,0.0,0.0,0.0,-0.04005385271904762,0.0,0.14343921781879493,0.2857142857142857,90
HALO,0.24558792323500794,0.0,0.0,0.0,-0.06347238947397667,0.0,0.1683228450577618,0.2857142857142857,90
HSIC,0.3299619386190618,0.0,0.0,0.0,-0.18564589214227423,0.0,0.2010599809287278,0.2857142857142857,90
IBRX,0.17349310273312846,0.0,0.0,0.0,0.35917627642173605,0.0,0.21991389615528037,0.2857142857142857,90
IDR,0.2731218455516826,0.0,0.0,0.0,0.2901162724427258,0.0,0.27737045227444346,0.2857142857142857,90
ING,0.23307662834585538,0.0,0.0,0.0,-0.26188372733700493,0.0,0.10933653942514028,0.2857142857142857,90
IPG,0.12150167918396916,0.0,0.0,0.0,-0.07269674884846533,0.0,0.07295207217586054,0.2857142857142857,90
IPI,0.13300930114204948,0.0,0.0,0.0,-0.27603171301940704,0.0,0.03074904760168533,0.2857142857142857,90
JOB,0.12472508967298145,0.0,0.0,0.0,-0.015990108203646755,0.0,0.08954629020382439,0.2857142857142857,88
ACIC,0.09081737208004485,0.0,0.0,0.0,-0.24216120321031162,0.0,0.007572728257455732,0.2857142857142857,90
AGL,0.05154912465787057,0.0,0.0,0.0,-0.6061321094449937,0.0,-0.11287118386784552,0.2857142857142857,90
ALCYW,0.0664169948604057,0.0,0.0,0.0,0.0,0.0,0.049812746145304274,0.2857142857142857,76
AM,0.23699760007979206,0.0,0.0,0.0,0.0,0.0,0.17774820005984404,0.2857142857142857,90
AOUT,0.11788946833008308,0.0,0.0,0.0,-0.060992899105232035,0.0,0.07316887647125431,0.2857142857142857,90
ATMU,0.3447085857478043,0.0,0.0,0.0,-0.1827294051769834,0.0,0.21284908801660732,0.2857142857142857,90
AXSM,0.3649389849488495,0.0,0.0,0.0,0.3399567338068487,0.0,0.3586934221633494,0.2857142857142857,90
BGC,0.1366539134166183,0.0,0.0,0.0,-0.2793488945535327,0.0,0.03265321142408056,0.2857142857142857,90
BHR,0.28049423151621194,0.0,0.0,0.0,0.09199011800350929,0.0,0.23336820313803627,0.2857142857142857,90
BRC,0.24565124517851988,0.0,0.0,0.0,0.10774208024891381,0.0,0.21117395394611838,0.2857142857142857,90
BTM,0.10792507965864769,0.0,0.0,0.0,-0.7086769304243484,0.0,-0.09622542286210137,0.2857142857142857,90
BUI,0.1188593462173772,0.0,0.0,0.0,-0.12374991349193573,0.0,0.05820703129004896,0.2857142857142857,89
BWMN,0.1758934237018313,0.0,0.0,0.0,-0.17477776797082345,0.0,0.08822562578366762,0.2857142857142857,90
BXMT,0.15620675125367045,0.0,0.0,0.0,-0.012211061943162054,0.0,0.11410229795446232,0.2857142857142857,90
CCIXW,0.07172242800299845,0.0,0.0,0.0,-0.6540644319970407,0.0,-0.10972428699701135,0.2857142857142857,86
CCSI,0.11248527233892232,0.0,0.0,0.0,-0.45422318169898324,0.0,-0.029191841170554084,0.2857142857142857,90
CCTG,0.04782468016224716,0.0,0.0,0.0,-0.947433488204409,0.0,-0.2009898619294169,0.2857142857142857,89
CFBK,0.08607943274932653,0.0,0.0,0.0,0.03732886836279152,0.0,0.07389179165269279,0.2857142857142857,88
CIFR,0.2382877011064382,0.0,0.0,0.0,-0.0968801699375168,0.0,0.15449573334544947,0.2857142857142857,90
CMU,0.17952084834498308,0.0,0.0,0.0,0.0,0.0,0.13464063625873732,0.2857142857142857,88
COOT,0.1597715617996997,0.0,0.0,0.0,-0.8089664747966296,0.0,-0.08241294734938266,0.2857142857142857,89
DRUG,0.30103724374657226,0.0,0.0,0.0,0.05957577857689516,0.0,0.24067187745415297,0.2857142857142857,89
DXC,0.10714388770208619,0.0,0.0,0.0,-0.467117213669307,0.0,-0.036421387640762116,0.2857142857142857,90
ESRT,0.11637536323983663,0.0,0.0,0.0,-0.3144578211332851,0.0,0.0086670671465562,0.2857142857142857,90
EVGOW,0.030961717767255523,0.0,0.0,0.0,0.0,0.0,0.023221288325441642,0.2857142857142857,78
EWBC,0.18900144805825467,0.0,0.0,0.0,-0.06710202010539254,0.0,0.12497558101734284,0.2857142857142857,90
FORR,0.08948907772710044,0.0,0.0,0.0,-0.5392256697134533,0.0,-0.06768960913303802,0.2857142857142857,90
FSTR,0.06277969681890254,0.0,0.0,0.0,-0.014059815856564859,0.0,0.04356981865003569,0.2857142857142857,89
FWONK,0.08721114662838836,0.0,0.0,0.0,-0.23286900796614823,0.0,0.0071911079797541974,0.2857142857142857,90
FWRD,0.2061507248399177,0.0,0.0,0.0,-0.2488976230270082,0.0,0.0923886378731862,0.2857142857142857,90
GDS,0.1657191808822794,0.0,0.0,0.0,-0.13791367395934176,0.0,0.0898109671718741,0.2857142857142857,90
GITS,0.07975767406827851,0.0,0.0,0.0,0.0,0.0,0.05981825555120888,0.2857142857142857,86
GLXG,0.15961645785643902,0.0,0.0,0.0,-0.7198743977621513,0.0,-0.06025625604820859,0.2857142857142857,87
GOGO,0.11678790851558524,0.0,0.0,0.0,-0.13561831910151503,0.0,0.05368635161131016,0.2857142857142857,90
GOODN,0.04087199999298846,0.0,0.0,0.0,-0.0715620516215014,0.0,0.012763487089365996,0.2857142857142857,83
HBI,0.17624583469902053,0.0,0.0,0.0,-0.09079629229618276,0.0,0.10948530295021972,0.2857142857142857,90
HEQ,0.2220766539191794,0.0,0.0,0.0,-0.050741242103225795,0.0,0.1538721799135781,0.2857142857142857,89
HHS,0.10114705153280888,0.0,0.0,0.0,-0.07055395792640066,0.0,0.05822179916800648,0.2857142857142857,87
HOUR,0.14221232703084138,0.0,0.0,0.0,-0.5026790484038738,0.0,-0.019010516827837432,0.2857142857142857,88
HSAI,0.16508230810268598,0.0,0.0,0.0,-0.7104415288054419,0.0,-0.053798651124346,0.2857142857142857,90
IOVA,0.2720918329378718,0.0,0.0,0.0,-0.3009455606415392,0.0,0.12883248454301904,0.2857142857142857,90
IRD,0.2846653857139891,0.0,0.0,0.0,0.02702044822680902,0.0,0.22025415134219406,0.2857142857142857,89
JG,0.0057348799003169365,0.0,0.0,0.0,0.0,0.0,0.004301159925237703,0.2857142857142857,83
JRI,0.1152250966944732,0.0,0.0,0.0,-0.1659668445255995,0.0,0.04492711138945502,0.2857142857142857,90
AFBI,-0.002302443463796763,0.0,0.0,0.0,0.0,0.0,-0.0017268325978475722,0.2857142857142857,76
AHH,0.11079341365891815,0.0,0.0,0.0,-0.19997134253159152,0.0,0.033102224611290726,0.2857142857142857,90
AIRI,0.11741564620602815,0.0,0.0,0.0,-0.31372823614657513,0.0,0.009629675617877325,0.2857142857142857,89
AMIX,0.254217388279535,0.0,0.0,0.0,0.3569516373850737,0.0,0.2799009505559197,0.2857142857142857,89
ASPN,0.045092159431395336,0.0,0.0,0.0,-0.20660976482665222,0.0,-0.017833321633116562,0.2857142857142857,90
AZZ,0.17543814796209337,0.0,0.0,0.0,0.0734084274109675,0.0,0.14993071782431192,0.2857142857142857,90
BBLGW,0.01054224260707251,0.0,0.0,0.0,0.0,0.0,0.007906681955304383,0.2857142857142857,73
BBUC,0.17274791334619263,0.0,0.0,0.0,0.16732015347493912,0.0,0.17139097337837927,0.2857142857142857,90
BCGWW,-0.05901056205274197,0.0,0.0,0.0,0.0,0.0,-0.04425792153955648,0.2857142857142857,73
BKHA,0.09063095462303374,0.0,0.0,0.0,0.0,0.0,0.0679732159672753,0.2857142857142857,79
BOLT,0.07908391952361847,0.0,0.0,0.0,-0.04261809264563868,0.0,0.04865841648130418,0.2857142857142857,86
BXP,0.052917144430239205,0.0,0.0,0.0,-0.09550162457804277,0.0,0.015812452178168707,0.2857142857142857,90
CACI,0.4338120070977524,0.0,0.0,0.0,0.1319506545736406,0.0,0.35834666896672446,0.2857142857142857,90
CCB,0.10197574906516897,0.0,0.0,0.0,-0.121643429025087,0.0,0.046070954542604965,0.2857142857142857,89
CNXC,0.10307099765315751,0.0,0.0,0.0,-0.3878189752508416,0.0,-0.019651495572842282,0.2857142857142857,90
CTDD,0.05599425747780711,0.0,0.0,0.0,-0.019819010014472525,0.0,0.0370409406047372,0.2857142857142857,88
CTOS,0.13246214557712468,0.0,0.0,0.0,-0.3372863780339989,0.0,0.015025014674343766,0.2857142857142857,90
CTSO,0.11218318941370571,0.0,0.0,0.0,-0.1166539886707483,0.0,0.054973894892592204,0.2857142857142857,89
CVGW,0.10316162733722485,0.0,0.0,0.0,-0.611725896290077,0.0,-0.07556025356960064,0.2857142857142857,90
CXM,0.05893784971835492,0.0,0.0,0.0,-0.2222553370884945,0.0,-0.011360446983357442,0.2857142857142857,90
DARE,0.14768949650536348,0.0,0.0,0.0,-0.5325282177154473,0.0,-0.02236493204983925,0.2857142857142857,89
DCO,0.18528543032239397,0.0,0.0,0.0,-0.1382115760812271,0.0,0.10441117872148868,0.2857142857142857,89
DOGZ,0.05891309847458175,0.0,0.0,0.0,0.21911593898378404,0.0,0.09896380860188232,0.2857142857142857,88
DSGX,0.09189508919880657,0.0,0.0,0.0,-0.1814894272602761,0.0,0.023548960084035894,0.2857142857142857,90
DSP,0.26479713066613947,0.0,0.0,0.0,-0.4488455138861393,0.0,0.08638646952806975,0.2857142857142857,90
DYCQU,0.30902535497518346,0.0,0.0,0.0,0.0,0.0,0.2317690162313876,0.2857142857142857,82
EBF,0.16008432887700969,0.0,0.0,0.0,-0.08387328687154379,0.0,0.09909492493987132,0.2857142857142857,90
ECC,0.09004175021999801,0.0,0.0,0.0,-0.34163852769382613,0.0,-0.01787831925845804,0.2857142857142857,90
ENPH,0.08388073302957484,0.0,0.0,0.0,-0.33504045106902547,0.0,-0.02084956299507525,0.2857142857142857,90
ESAB,0.12945457349040163,0.0,0.0,0.0,-0.30393939332433234,0.0,0.021106081786718123,0.2857142857142857,90
EYE,0.147317793254046,0.0,0.0,0.0,0.2172266465138404,0.0,0.16479500656899462,0.2857142857142857,90
FPI,0.09846247226051569,0.0,0.0,0.0,-0.1821808295653581,0.0,0.028301646804047228,0.2857142857142857,90
FRPT,0.16156560699378247,0.0,0.0,0.0,-0.02431700135470758,0.0,0.11509495490665995,0.2857142857142857,90
FUBO,0.20049960799910502,0.0,0.0,0.0,-0.4325970594187736,0.0,0.04222544114463534,0.2857142857142857,90
HIMS,0.0973859625708772,0.0,0.0,0.0,-0.026375441975493706,0.0,0.06644561143428449,0.2857142857142857,90
HQY,0.3526890024758367,0.0,0.0,0.0,0.19918938764485092,0.0,0.31431409876809024,0.2857142857142857,90
IDA,0.11040132218793891,0.0,0.0,0.0,-0.1120072306771856,0.0,0.054799183971657776,0.2857142857142857,90
IMCC,0.180226822026786,0.0,0.0,0.0,-0.18309693987867165,0.0,0.08939588155042158,0.2857142857142857,88
JFR,0.08436243292248458,0.0,0.0,0.0,-0.12790288952809223,0.0,0.03129610230984037,0.2857142857142857,90
ADIL,0.139572958203093,0.0,0.0,0.0,0.009514460744850474,0.0,0.10705833383853237,0.2857142857142857,89
AFJKU,0.32707604129188506,0.0,0.0,0.0,0.0,0.0,0.2453070309689138,0.2857142857142857,82
AHT,0.07039565331956427,0.0,0.0,0.0,-0.2524101129331785,0.0,-0.010305788243621434,0.2857142857142857,89
AJG,0.162848872960287,0.0,0.0,0.0,-0.15512140164610272,0.0,0.08335630430868957,0.2857142857142857,90
AL,0.2525668309125173,0.0,0.0,0.0,-0.007043239299086275,0.0,0.18766431335961642,0.2857142857142857,90
ALT,0.36185720137321364,0.0,0.0,0.0,0.5651678235512309,0.0,0.412684856917718,0.2857142857142857,90
ALTG,0.08031255974730103,0.0,0.0,0.0,-0.42100788480228224,0.0,-0.0450175513900948,0.2857142857142857,90
AORT,0.27627709462980116,0.0,0.0,0.0,-0.09633985222131584,0.0,0.1831228579170219,0.2857142857142857,90
AQN,0.32060144000625723,0.0,0.0,0.0,-0.1610549369201152,0.0,0.20018734577466413,0.2857142857142857,90
BEP,0.2533443293253226,0.0,0.0,0.0,-0.07569087266431083,0.0,0.17108552882791422,0.2857142857142857,90
BIPC,0.27489497074862235,0.0,0.0,0.0,-0.20319405996410073,0.0,0.15537271307044156,0.2857142857142857,90
BITF,0.15039883382928246,0.0,0.0,0.0,0.028893689487173746,0.0,0.12002254774375527,0.2857142857142857,90
BWB,0.12384031707543995,0.0,0.0,0.0,-0.14686796488929366,0.0,0.05616324658425654,0.2857142857142857,89
CCAP,0.09670232696733096,0.0,0.0,0.0,-0.022006717841595205,0.0,0.06702506576509942,0.2857142857142857,90
CDIO,0.07975408544761482,0.0,0.0,0.0,-0.9477082994111152,0.0,-0.17711151076706774,0.2857142857142857,87
CHMI,0.06704617929878928,0.0,0.0,0.0,-0.189971587045543,0.0,0.0027917377127062025,0.2857142857142857,90
CNCK,0.060666485232645284,0.0,0.0,0.0,-0.13800266513638174,0.0,0.010999197640388524,0.2857142857142857,89
CNM,0.05542296483988866,0.0,0.0,0.0,-0.2820152758296591,0.0,-0.028936595327498284,0.2857142857142857,90
CPOP,0.029023411088294836,0.0,0.0,0.0,-0.9327015906681702,0.0,-0.21140783935082144,0.2857142857142857,88
CRI,0.19197801765199754,0.0,0.0,0.0,-0.5852426223304058,0.0,-0.002327142343603317,0.2857142857142857,90
DSGR,0.08846926978726491,0.0,0.0,0.0,-0.29118270829284043,0.0,-0.006443724732761434,0.2857142857142857,89
EDIT,0.12164540952549951,0.0,0.0,0.0,-0.058986562032461866,0.0,0.07648741663600916,0.2857142857142857,90
ELV,0.10203884721694023,0.0,0.0,0.0,-0.1804409105295924,0.0,0.031418907780307065,0.2857142857142857,90
ENIC,0.21873680160080916,0.0,0.0,0.0,-0.11487526582261434,0.0,0.1353337847449533,0.2857142857142857,90
ERII,0.1866068671719814,0.0,0.0,0.0,-0.17711407595048695,0.0,0.09567663139136431,0.2857142857142857,90
EXPE,0.36743985988155997,0.0,0.0,0.0,-0.4728329224888118,0.0,0.15737166428896704,0.2857142857142857,90
FDS,0.11036386165157003,0.0,0.0,0.0,-0.19243181515346358,0.0,0.03466494245031162,0.2857142857142857,90
FFIC,0.3110012617206529,0.0,0.0,0.0,0.029812236777308355,0.0,0.24070400548481677,0.2857142857142857,90
FLYX,0.05811151465592108,0.0,0.0,0.0,-0.2669308020254032,0.0,-0.02314906451441,0.2857142857142857,88
FNLC,0.20097282992350182,0.0,0.0,0.0,-0.13254878839087814,0.0,0.11759242534490681,0.2857142857142857,89
GENK,0.12347816773588932,0.0,0.0,0.0,-0.3741658854159935,0.0,-0.0009328455520813962,0.2857142857142857,89
GHY,0.09463555206074281,0.0,0.0,0.0,-0.0823743374976206,0.0,0.05038307967115195,0.2857142857142857,90
GRND,0.22341633861705765,0.0,0.0,0.0,-0.19409608304235704,0.0,0.11903823320220396,0.2857142857142857,90
HUBG,0.08123875283936637,0.0,0.0,0.0,-0.12694121761075258,0.0,0.02919376022683662,0.2857142857142857,90
IDAI,0.2378801201648072,0.0,0.0,0.0,-0.5782777205140083,0.0,0.03384065999510331,0.2857142857142857,89
INDI,0.0992582632732454,0.0,0.0,0.0,-0.5660404946613737,0.0,-0.06706642621040941,0.2857142857142857,90
INDO,0.11770701246372842,0.0,0.0,0.0,-0.07259931903970267,0.0,0.07013042958787065,0.2857142857142857,90
IPW,0.39635590499392437,0.0,0.0,0.0,-0.21593444138635506,0.0,0.2432833183988545,0.2857142857142857,88
JCE,0.19620353828069517,0.0,0.0,0.0,-0.1469140001115763,0.0,0.1104241536826273,0.2857142857142857,88
JHI,0.08996663428640088,0.0,0.0,0.0,-0.08655080074332355,0.0,0.045837275528969774,0.2857142857142857,88
JHS,0.14354959321839156,0.0,0.0,0.0,0.047583087002762176,0.0,0.11955796666448422,0.2857142857142857,86
ACAD,0.26001002944299795,0.0,0.0,0.0,-0.1167028235363496,0.0,0.16583181619816104,0.2857142857142857,90
ACI,0.11803598877396422,0.0,0.0,0.0,-0.03477584018321644,0.0,0.07983303153466906,0.2857142857142857,90
ADV,0.10311609880944964,0.0,0.0,0.0,-0.5963735554792425,0.0,-0.07175631476272343,0.2857142857142857,90
AG,0.19283768266323256,0.0,0.0,0.0,-0.1502450755337413,0.0,0.10706699311398908,0.2857142857142857,90
AGI,0.303220272113782,0.0,0.0,0.0,0.06267922991129848,0.0,0.24308501156316112,0.2857142857142857,90
AIMDW,0.06128334684715219,0.0,0.0,0.0,0.0,0.0,0.04596251013536414,0.2857142857142857,76
ALVOW,-0.05164867410979316,0.0,0.0,0.0,0.0,0.0,-0.03873650558234487,0.2857142857142857,85
ANGI,0.07875809121716208,0.0,0.0,0.0,-0.3310946635034455,0.0,-0.023705097462989832,0.2857142857142857,90
AQMS,0.24137669480540364,0.0,0.0,0.0,0.3001955546438641,0.0,0.2560814097650188,0.2857142857142857,89
AVK,0.19134485961707196,0.0,0.0,0.0,-0.17744722844731858,0.0,0.09914683760097431,0.2857142857142857,90
BDSX,0.3138664471303124,0.0,0.0,0.0,-0.5515622094078471,0.0,0.09750928299577254,0.2857142857142857,89
BKT,0.11428562500122348,0.0,0.0,0.0,-0.10898919983977139,0.0,0.05846691879097476,0.2857142857142857,90
BLMN,0.10217980672204845,0.0,0.0,0.0,-0.4504734600675335,0.0,-0.03598350997534707,0.2857142857142857,90
BUR,0.1098674257130439,0.0,0.0,0.0,-0.1338622158942927,0.0,0.048935015311209744,0.2857142857142857,90
CAG,0.10187034193688116,0.0,0.0,0.0,-0.008603171734943994,0.0,0.07425196351892487,0.2857142857142857,90
CAPTW,0.08524342102525458,0.0,0.0,0.0,0.0,0.0,0.06393256576894094,0.2857142857142857,83
CEP,0.09338408541722744,0.0,0.0,0.0,-0.5947983682451238,0.0,-0.07866152799836039,0.2857142857142857,90
CMPS,0.19719984190825823,0.0,0.0,0.0,-0.02834779045839979,0.0,0.14081293381659374,0.2857142857142857,90
CORT,0.18121990616544423,0.0,0.0,0.0,0.033342985410474986,0.0,0.14425067597670194,0.2857142857142857,90
CRDL,0.08951199563186091,0.0,0.0,0.0,-0.18327154575586885,0.0,0.02131611028492846,0.2857142857142857,90
CRSR,0.1099462270435997,0.0,0.0,0.0,-0.5326950751020239,0.0,-0.050714098492806205,0.2857142857142857,90
CTNM,0.317667255283347,0.0,0.0,0.0,0.5935133272315316,0.0,0.3866287732703932,0.2857142857142857,90
DLB,0.16420997564844092,0.0,0.0,0.0,-0.0652566762624742,0.0,0.10684331267071213,0.2857142857142857,90
DNUT,0.23187357833427322,0.0,0.0,0.0,-0.3253148680818124,0.0,0.09257646673025179,0.2857142857142857,90
ECDA,0.15186645290043985,0.0,0.0,0.0,-0.6524641148650907,0.0,-0.04921618904094282,0.2857142857142857,89
ECVT,0.19615002602097692,0.0,0.0,0.0,-0.13863630059154403,0.0,0.11245344436784668,0.2857142857142857,90
ENGNW,0.3252642884824777,0.0,0.0,0.0,-0.5938507436210596,0.0,0.09548553045659335,0.2857142857142857,87
EQH,0.13015545497275408,0.0,0.0,0.0,-0.12560691941739122,0.0,0.06621486137521775,0.2857142857142857,90
EUDA,0.2641496042553473,0.0,0.0,0.0,-0.44543565033380983,0.0,0.08675329060805799,0.2857142857142857,89
EVF,0.07487105681771593,0.0,0.0,0.0,-0.05560122358394114,0.0,0.04225298671730166,0.2857142857142857,89
EWCZ,0.2165095040845192,0.0,0.0,0.0,-0.10868326626994718,0.0,0.1352113114959026,0.2857142857142857,90
FEBO,0.07544832274280926,0.0,0.0,0.0,0.0,0.0,0.05658624205710694,0.2857142857142857,84
FFC,0.11478027773615262,0.0,0.0,0.0,-0.052519969326879426,0.0,0.07295521597039462,0.2857142857142857,90
FITBO,0.12650729983064374,0.0,0.0,0.0,-0.14650332172992955,0.0,0.05825464444050041,0.2857142857142857,89
FLGT,0.46225377290421,0.0,0.0,0.0,-0.10681821391936293,0.0,0.31998577619831675,0.2857142857142857,90
FPF,0.13920564919593623,0.0,0.0,0.0,-0.05311318207670735,0.0,0.09112594137777533,0.2857142857142857,90
FTK,0.19339588638855093,0.0,0.0,0.0,-0.177625930060785,0.0,0.10064043227621695,0.2857142857142857,90
GEV,0.3160599049677882,0.0,0.0,0.0,0.3202970457499012,0.0,0.31711919016331647,0.2857142857142857,90
GFF,0.16353508007452944,0.0,0.0,0.0,-0.11503619844192055,0.0,0.09389226044541694,0.2857142857142857,90
GIPR,0.06653974710555798,0.0,0.0,0.0,-0.5920075200871439,0.0,-0.09809706969261751,0.2857142857142857,88
GLNG,0.1219066856759492,0.0,0.0,0.0,-0.15426715296466192,0.0,0.05286322601579641,0.2857142857142857,90
GLP,0.1512489411125871,0.0,0.0,0.0,0.10460283939946192,0.0,0.13958741568430583,0.2857142857142857,87
HOG,0.13168022618157432,0.0,0.0,0.0,-0.3565332880879998,0.0,0.009626847614180785,0.2857142857142857,90
IGIC,0.2727140996898652,0.0,0.0,0.0,0.034174720507322995,0.0,0.21307925489422963,0.2857142857142857,90
JBSS,0.33195556841132917,0.0,0.0,0.0,0.09552155371541689,0.0,0.2728470647373511,0.2857142857142857,89
AACG,0.112253304854667,0.0,0.0,0.0,-0.27180372984849827,0.0,0.016239046178875675,0.2857142857142857,86
AERT,0.16594437751654426,0.0,0.0,0.0,-0.24491866240370935,0.0,0.06322861753648085,0.2857142857142857,87
AFRM,0.1250367725608976,0.0,0.0,0.0,-0.48897600092031196,0.0,-0.028466420809404817,0.2857142857142857,90
AIFF,0.13592125750295025,0.0,0.0,0.0,-0.03143617930888377,0.0,0.09408189829999175,0.2857142857142857,90
AIV,0.14062614874826282,0.0,0.0,0.0,-0.044063160370824715,0.0,0.09445382146849093,0.2857142857142857,90
ANEB,0.06934871571297575,0.0,0.0,0.0,-0.189971587045543,0.0,0.0045186400233460525,0.2857142857142857,87
APAM,0.14311082570848754,0.0,0.0,0.0,-0.26773452610687415,0.0,0.04039948775464711,0.2857142857142857,90
APLMW,0.08919645084751536,0.0,0.0,0.0,0.0,0.0,0.06689733813563653,0.2857142857142857,76
APT,0.15488127174351357,0.0,0.0,0.0,0.14600780185067525,0.0,0.15266290427030402,0.2857142857142857,89
ASTI,0.11109623041831275,0.0,0.0,0.0,-0.07630399167692097,0.0,0.06424617489450432,0.2857142857142857,89
AUB,0.08464540312464632,0.0,0.0,0.0,-0.07165462867675781,0.0,0.04557039517429528,0.2857142857142857,90
BANF,0.06875179451843322,0.0,0.0,0.0,-0.10840083807264017,0.0,0.024463636370664867,0.2857142857142857,89
BB,0.1306027618476568,0.0,0.0,0.0,-0.14815522636764977,0.0,0.06091326479383014,0.2857142857142857,90
BEDU,0.11666226110124024,0.0,0.0,0.0,0.011681711575733403,0.0,0.09041712371986353,0.2857142857142857,82
BWA,0.2129755613176777,0.0,0.0,0.0,-0.24750505837962686,0.0,0.09785540639335154,0.2857142857142857,90
CBUS,0.13917995729003932,0.0,0.0,0.0,0.2373230596983637,0.0,0.1637157328921204,0.2857142857142857,90
CCK,0.13275175713743265,0.0,0.0,0.0,-0.3004028622320715,0.0,0.024463102295056594,0.2857142857142857,90
CCU,0.31261434341732797,0.0,0.0,0.0,-0.12817657002120922,0.0,0.20241661505769368,0.2857142857142857,90
CHRW,0.35372192318916174,0.0,0.0,0.0,-0.009234565983273085,0.0,0.262982800896053,0.2857142857142857,90
CINT,0.13152471605231497,0.0,0.0,0.0,-0.25724683843134516,0.0,0.03433182743139993,0.2857142857142857,90
CNEY,0.023868574169299148,0.0,0.0,0.0,0.0,0.0,0.01790143062697436,0.2857142857142857,78
CORZW,0.19329831956478133,0.0,0.0,0.0,0.2089312683259647,0.0,0.19720655675507717,0.2857142857142857,90
CSCO,0.4356859156960559,0.0,0.0,0.0,0.06354475326281941,0.0,0.3426506250877468,0.2857142857142857,90
CTEV,0.19248156988382242,0.0,0.0,0.0,0.33132999015521813,0.0,0.22719367495167136,0.2857142857142857,88
DAIO,-0.0007930808382269176,0.0,0.0,0.0,-0.49357827792663395,0.0,-0.12398938011032869,0.2857142857142857,89
DASH,0.16360130945087778,0.0,0.0,0.0,0.17984982986461834,0.0,0.16766343955431293,0.2857142857142857,90
DFP,0.12409559208151348,0.0,0.0,0.0,-0.07655840501138061,0.0,0.07393209280828995,0.2857142857142857,89
ENVX,0.09443830198022758,0.0,0.0,0.0,-0.2718037298484988,0.0,0.0028777940230459713,0.2857142857142857,90
EPRX,0.38010728430924445,0.0,0.0,0.0,0.0,0.0,0.28508046323193337,0.2857142857142857,89
ESNT,0.2227393484997368,0.0,0.0,0.0,-0.009393613575232277,0.0,0.16470610798099455,0.2857142857142857,90
FLR,0.08300609798265443,0.0,0.0,0.0,-0.16340799960460908,0.0,0.02140257358583855,0.2857142857142857,90
FLX,0.19208722254492552,0.0,0.0,0.0,-0.04569985303398362,0.0,0.13264045365019825,0.2857142857142857,90
FOXF,0.10266705120873366,0.0,0.0,0.0,-0.2179974159741491,0.0,0.022500934413012968,0.2857142857142857,90
FXNC,0.29923405993385943,0.0,0.0,0.0,-0.08500371408826084,0.0,0.20317461642832937,0.2857142857142857,88
GDO,0.13495377241588496,0.0,0.0,0.0,0.021474361362268476,0.0,0.10658391965248085,0.2857142857142857,88
GECCI,0.045102021454531294,0.0,0.0,0.0,0.0,0.0,0.03382651609089847,0.2857142857142857,76
GGN,0.1891110633124748,0.0,0.0,0.0,-0.045746278365275374,0.0,0.13039672789303727,0.2857142857142857,90
GV,0.0895205832903367,0.0,0.0,0.0,0.05898656203246131,0.0,0.08188707797586786,0.2857142857142857,89
HOTH,0.09355465107730573,0.0,0.0,0.0,-0.20537067595698374,0.0,0.01882331931873336,0.2857142857142857,90
HUBCW,-0.011653693502199981,0.0,0.0,0.0,0.0,0.0,-0.008740270126649987,0.2857142857142857,76
HYPD,0.10741821652213213,0.0,0.0,0.0,-0.19072500126731826,0.0,0.032882412074769524,0.2857142857142857,90
IONR,0.20183865658318567,0.0,0.0,0.0,0.04431685124968204,0.0,0.16245820524980978,0.2857142857142857,89
IOSP,0.11338837233225295,0.0,0.0,0.0,-0.24443133450374685,0.0,0.023933445623252985,0.2857142857142857,90
IVR,0.25761719394663646,0.0,0.0,0.0,-0.026103729081524977,0.0,0.18668696318959607,0.2857142857142857,90
AFGC,0.17298535167028917,0.0,0.0,0.0,0.0,0.0,0.12973901375271688,0.2857142857142857,87
AIRT,0.1223272916207416,0.0,0.0,0.0,0.0,0.0,0.09174546871555621,0.2857142857142857,84
ALBT,-0.004954125947531594,0.0,0.0,0.0,-0.7785453640552634,0.0,-0.19835193547446459,0.2857142857142857,89
ALE,0.23266048124614577,0.0,0.0,0.0,-0.0018541846287899503,0.0,0.17403181477741184,0.2857142857142857,90
AMS,0.05003791167848682,0.0,0.0,0.0,0.0,0.0,0.037528433758865117,0.2857142857142857,83
ANSC,0.16064307839370312,0.0,0.0,0.0,0.0,0.0,0.12048230879527734,0.2857142857142857,86
AUTL,0.09910329201502047,0.0,0.0,0.0,0.0,0.0,0.07432746901126536,0.2857142857142857,90
BALY,0.2517621858706158,0.0,0.0,0.0,0.15705335030995385,0.0,0.22808497698045027,0.2857142857142857,89
BGH,0.12375287178205761,0.0,0.0,0.0,-0.04333508414344622,0.0,0.08198088280068165,0.2857142857142857,89
BNAIW,0.40158302112475286,0.0,0.0,0.0,0.999999985611734,0.0,0.5511872622464982,0.2857142857142857,79
BNED,0.1163080691565887,0.0,0.0,0.0,-0.46318213707911365,0.0,-0.028564482402336906,0.2857142857142857,90
CMSA,0.056393640260288966,0.0,0.0,0.0,-0.043225643193348075,0.0,0.03148881939687971,0.2857142857142857,87
CPAY,0.17982312014971788,0.0,0.0,0.0,-0.11640623784554562,0.0,0.10576578065090202,0.2857142857142857,90
CTBI,0.20921227424847252,0.0,0.0,0.0,-0.07273610525989953,0.0,0.13872517937137951,0.2857142857142857,89
CZR,0.12979154854149078,0.0,0.0,0.0,0.054362954723965615,0.0,0.11093440008710949,0.2857142857142857,90
DLTR,0.2260165502445025,0.0,0.0,0.0,-0.1559511684206943,0.0,0.1305246205782033,0.2857142857142857,90
DUO,0.09220658755914699,0.0,0.0,0.0,-0.1507753248238494,0.0,0.03146110946339789,0.2857142857142857,89
ELLO,0.09525812074923506,0.0,0.0,0.0,0.0,0.0,0.0714435905619263,0.2857142857142857,76
ELSE,0.14406528102589766,0.0,0.0,0.0,0.0,0.0,0.10804896076942325,0.2857142857142857,82
EQBK,0.22883850629558064,0.0,0.0,0.0,-0.027617284810210686,0.0,0.1647245585191328,0.2857142857142857,89
EQIX,0.11705209926349046,0.0,0.0,0.0,-0.13577545423213977,0.0,0.05384521088958289,0.2857142857142857,90
FFIN,0.040889481694987975,0.0,0.0,0.0,-0.12053514843884239,0.0,0.0005333241615303811,0.2857142857142857,90
FIGS,0.4261452434134113,0.0,0.0,0.0,-0.042572760855050275,0.0,0.3089657423462959,0.2857142857142857,90
GGAL,0.3105450357247763,0.0,0.0,0.0,-0.3431946141692129,0.0,0.147110123251279,0.2857142857142857,90
GPMT,0.19573373827007995,0.0,0.0,0.0,-0.05499034165141261,0.0,0.13305271828970683,0.2857142857142857,90
GROV,0.20425338326698797,0.0,0.0,0.0,-0.34703513209303993,0.0,0.06643125442698099,0.2857142857142857,89
GTEC,0.19920559365149507,0.0,0.0,0.0,0.21957952009677736,0.0,0.20429907526281565,0.2857142857142857,89
GTES,0.1060263099653524,0.0,0.0,0.0,-0.20608069737780807,0.0,0.027999558129562268,0.2857142857142857,90
HMY,0.1987752772698757,0.0,0.0,0.0,-0.2522811586358557,0.0,0.08601116829344285,0.2857142857142857,90
HQL,0.28969706421977287,0.0,0.0,0.0,0.11254908374520503,0.0,0.2454100691011309,0.2857142857142857,90
HR,0.15145352772074544,0.0,0.0,0.0,-0.053889650747496735,0.0,0.1001177331036849,0.2857142857142857,90
HYMC,0.47807204326703306,0.0,0.0,0.0,0.6951862585504126,0.0,0.532350597087878,0.2857142857142857,90
IFRX,0.2636803496723662,0.0,0.0,0.0,0.039978680311163604,0.0,0.20775493233206554,0.2857142857142857,90
IMVT,0.3380694010477067,0.0,0.0,0.0,0.07657056217262309,0.0,0.27269469132893587,0.2857142857142857,90
IRWD,0.450781690871356,0.0,0.0,0.0,-0.26741168120037945,0.0,0.2712333478534221,0.2857142857142857,90
JBHT,0.15455787292976997,0.0,0.0,0.0,-0.18774156540540188,0.0,0.068983013345977,0.2857142857142857,90
JBLU,0.10566877141549698,0.0,0.0,0.0,-0.23891158206306087,0.0,0.01952368304585751,0.2857142857142857,90
ACTG,0.31717687499835734,0.0,0.0,0.0,-0.16313823615285356,0.0,0.19709809721055463,0.2857142857142857,90
ADSK,0.10199611100488121,0.0,0.0,0.0,-0.10094047819498034,0.0,0.051261963704915814,0.2857142857142857,90
ALEC,0.10309790674361712,0.0,0.0,0.0,0.12435300177159686,0.0,0.10841168050061205,0.2857142857142857,90
AMCX,0.297643170202251,0.0,0.0,0.0,0.09699478660794784,0.0,0.2474810743036752,0.2857142857142857,90
AWP,0.11663270615882987,0.0,0.0,0.0,-0.012969441357740108,0.0,0.08423216927968738,0.2857142857142857,90
AZTR,0.10716914451663333,0.0,0.0,0.0,-0.2763340685052739,0.0,0.0112933412611565,0.2857142857142857,89
BANFP,-0.027501116123448726,0.0,0.0,0.0,0.0,0.0,-0.020625837092586544,0.2857142857142857,76
BGI,0.12985108458856154,0.0,0.0,0.0,-0.13313352243664522,0.0,0.06410493283225985,0.2857142857142857,88
BK,0.2251555191913603,0.0,0.0,0.0,-0.1589856941123996,0.0,0.12912021586542033,0.2857142857142857,90
BLIN,0.032568485511643715,0.0,0.0,0.0,-0.767752579157676,0.0,-0.16751178065568625,0.2857142857142857,87
BLK,0.09512828044362931,0.0,0.0,0.0,-0.252278999192454,0.0,0.00827646053460847,0.2857142857142857,90
BTCT,0.08346847340828108,0.0,0.0,0.0,-0.4705314495782693,0.0,-0.05503150733835654,0.2857142857142857,88
CAPNR,0.05768986729426981,0.0,0.0,0.0,0.0,0.0,0.04326740047070236,0.2857142857142857,82
CET,0.12154982218314035,0.0,0.0,0.0,-0.2538865981071705,0.0,0.02769071711056262,0.2857142857142857,89
CHCT,0.2220314835895077,0.0,0.0,0.0,0.0189110876336376,0.0,0.17125138460054018,0.2857142857142857,90
CNS,0.12453956859282432,0.0,0.0,0.0,-0.4211021425895648,0.0,-0.011870859202772978,0.2857142857142857,90
COSM,0.1319974326456298,0.0,0.0,0.0,-0.5154881093078715,0.0,-0.02987395284274554,0.2857142857142857,89
CRWS,0.13302228561020069,0.0,0.0,0.0,-0.009123834409360777,0.0,0.09748575560531032,0.2857142857142857,88
CUBE,0.09600328050567258,0.0,0.0,0.0,-0.10803510834093735,0.0,0.04499368329402009,0.2857142857142857,90
DTSQU,-0.014083900027458327,0.0,0.0,0.0,0.0,0.0,-0.010562925020593746,0.2857142857142857,73
EAT,0.2643683871217019,0.0,0.0,0.0,0.43006473623001,0.0,0.30579247439877894,0.2857142857142857,90
EBAY,0.14140929375868821,0.0,0.0,0.0,-0.180612638668692,0.0,0.06090381065184315,0.2857142857142857,90
ELA,0.35699475550589294,0.0,0.0,0.0,0.09791707951264857,0.0,0.29222533650758187,0.2857142857142857,89
ENVB,0.41461769648078256,0.0,0.0,0.0,-0.0592525449157977,0.0,0.2961501361316375,0.2857142857142857,89
ETH,0.10387423697676093,0.0,0.0,0.0,-0.33904246259440796,0.0,-0.006854937916031299,0.2857142857142857,90
EXEL,0.32057349842957766,0.0,0.0,0.0,-0.018321628428145827,0.0,0.2358497167151468,0.2857142857142857,90
FCNCO,0.10679730209560966,0.0,0.0,0.0,0.00892833417605535,0.0,0.08233006011572108,0.2857142857142857,86
FDBC,0.05078216685363079,0.0,0.0,0.0,-0.1882673479342788,0.0,-0.008980211843346618,0.2857142857142857,87
FHTX,0.3433579821038279,0.0,0.0,0.0,0.5271620860206743,0.0,0.38930900808303953,0.2857142857142857,90
FRHC,0.12432023043184273,0.0,0.0,0.0,0.052751221070375894,0.0,0.10642797809147603,0.2857142857142857,89
FRO,0.32416490505267737,0.0,0.0,0.0,0.02793126824078098,0.0,0.2501064958497033,0.2857142857142857,90
FUFU,0.10093861083520758,0.0,0.0,0.0,-0.15702335833716366,0.0,0.03644811854211477,0.2857142857142857,90
GBDC,0.11977106794551058,0.0,0.0,0.0,-0.12886905286138398,0.0,0.05761103774378694,0.2857142857142857,90
GDEV,0.17569770399542958,0.0,0.0,0.0,0.0,0.0,0.1317732779965722,0.2857142857142857,84
GDTC,0.17990633951708512,0.0,0.0,0.0,-0.025900941460928556,0.0,0.1284545192725817,0.2857142857142857,88
GEG,0.14964544992390955,0.0,0.0,0.0,0.06114810558469978,0.0,0.1275211138391071,0.2857142857142857,87
GIB,0.09269554721812197,0.0,0.0,0.0,-0.05984622522060452,0.0,0.054560104108440345,0.2857142857142857,89
HAE,0.4408182914917854,0.0,0.0,0.0,0.08810776991182184,0.0,0.35264066109679454,0.2857142857142857,90
HCM,0.1218591647318919,0.0,0.0,0.0,-0.24268216976572263,0.0,0.030723831107488258,0.2857142857142857,89
HEPS,0.10378094976371642,0.0,0.0,0.0,-0.16058491982076536,0.0,0.037689482367595964,0.2857142857142857,90
HIHO,-0.018564559835077876,0.0,0.0,0.0,0.0,0.0,-0.013923419876308407,0.2857142857142857,83
HWKN,0.14231627913797465,0.0,0.0,0.0,-0.10478620905060367,0.0,0.08054065709083007,0.2857142857142857,90
IMPP,0.39439270189168957,0.0,0.0,0.0,0.2906951981625034,0.0,0.36846832595939305,0.2857142857142857,90
INOV,0.249170845063578,0.0,0.0,0.0,-0.10697365399699883,0.0,0.16013472029843379,0.2857142857142857,88
ITP,0.10131756915190122,0.0,0.0,0.0,0.028131104012218338,0.0,0.08302095286698051,0.2857142857142857,89
JBK,-0.035302733699023404,0.0,0.0,0.0,0.0,0.0,-0.02647705027426755,0.2857142857142857,73
AENT,0.32702891238743137,0.0,0.0,0.0,0.05282088400659113,0.0,0.25847690529222134,0.2857142857142857,89
AFGD,0.1300449920390945,0.0,0.0,0.0,0.0,0.0,0.09753374402932087,0.2857142857142857,86
AGO,0.36223162769025996,0.0,0.0,0.0,0.021387417450270254,0.0,0.2770205751302625,0.2857142857142857,90
ALEX,0.1631888641277649,0.0,0.0,0.0,-0.17156148033530963,0.0,0.07950127801199626,0.2857142857142857,90
AME,0.2546053501243083,0.0,0.0,0.0,-0.0662295708828695,0.0,0.17439661987251384,0.2857142857142857,90
AMG,0.3389426222955929,0.0,0.0,0.0,-0.094223209573432,0.0,0.23065116432833666,0.2857142857142857,90
AMKR,0.3167784804919113,0.0,0.0,0.0,-0.08117269895953909,0.0,0.2172906856290487,0.2857142857142857,90
AROW,0.3462916596475654,0.0,0.0,0.0,-0.23825331653169743,0.0,0.2001554156027497,0.2857142857142857,88
AVXL,0.06873007407625208,0.0,0.0,0.0,-0.9518285019429299,0.0,-0.18640956992854346,0.2857142857142857,90
BKTI,0.13460798653568756,0.0,0.0,0.0,-0.49138946384059706,0.0,-0.02189137605838361,0.2857142857142857,88
BRKR,0.29107157590255167,0.0,0.0,0.0,0.19567111618992258,0.0,0.2672214609743944,0.2857142857142857,90
BSTZ,0.1927426822777015,0.0,0.0,0.0,-0.14033005614470312,0.0,0.10947449767210032,0.2857142857142857,90
CABA,0.24022602686996303,0.0,0.0,0.0,-0.21976032274160096,0.0,0.12522943946707205,0.2857142857142857,90
CLDT,0.1311030365119936,0.0,0.0,0.0,-0.15613367485421717,0.0,0.05929385867044089,0.2857142857142857,90
CLFD,0.047627565167458454,0.0,0.0,0.0,-0.21300345874104548,0.0,-0.01753019080966754,0.2857142857142857,90
CMBM,0.45292906497768487,0.0,0.0,0.0,-0.3684627869680594,0.0,0.24758110199124875,0.2857142857142857,88
CNTY,0.10333946980304869,0.0,0.0,0.0,-0.4267979259526348,0.0,-0.029194879135872213,0.2857142857142857,90
CTKB,0.4081901791142598,0.0,0.0,0.0,0.6375876145310312,0.0,0.46553953796845265,0.2857142857142857,90
DAY,0.24455643632249952,0.0,0.0,0.0,0.002902328231482736,0.0,0.18414290929974533,0.2857142857142857,90
DTG,0.1327559798305059,0.0,0.0,0.0,-0.15576038872755485,0.0,0.06062688769099071,0.2857142857142857,89
DXR,0.1231931453309924,0.0,0.0,0.0,0.0,0.0,0.0923948589982443,0.2857142857142857,83
EEX,0.0949023129946874,0.0,0.0,0.0,-0.21037897573140082,0.0,0.018581990813165344,0.2857142857142857,89
EICA,0.2740434574235075,0.0,0.0,0.0,0.0,0.0,0.2055325930676306,0.2857142857142857,81
EPRT,0.24382852616360065,0.0,0.0,0.0,-0.01056012733417906,0.0,0.18023136278915572,0.2857142857142857,90
ESBA,0.13508030619726674,0.0,0.0,0.0,-0.32321712269085695,0.0,0.02050594897523581,0.2857142857142857,86
ESLT,0.3370509478369255,0.0,0.0,0.0,0.11415915393795378,0.0,0.2813279993621826,0.2857142857142857,89
ETON,0.1388658020875582,0.0,0.0,0.0,-0.03401054600204624,0.0,0.09564671506515708,0.2857142857142857,90
FNV,0.23900945487694886,0.0,0.0,0.0,-0.011298523857917294,0.0,0.17643246019323233,0.2857142857142857,90
FOLD,0.3069696624971221,0.0,0.0,0.0,0.17918460444846257,0.0,0.27502339798495723,0.2857142857142857,90
GAM,0.08595209890387627,0.0,0.0,0.0,-0.5170799294946482,0.0,-0.06480590819575487,0.2857142857142857,87
GASS,0.3019458873571674,0.0,0.0,0.0,0.003695474677774264,0.0,0.2273832841873191,0.2857142857142857,90
GFS,0.0962626583913199,0.0,0.0,0.0,0.032074555513380794,0.0,0.08021563267183512,0.2857142857142857,90
GGR,0.16192430522689732,0.0,0.0,0.0,-0.026240693783975064,0.0,0.11488305547417922,0.2857142857142857,87
GJO,-0.035603594220171036,0.0,0.0,0.0,0.0,0.0,-0.026702695665128277,0.2857142857142857,76
GPC,0.10809126275182174,0.0,0.0,0.0,-0.09348964406028666,0.0,0.057696036048794634,0.2857142857142857,90
GXO,0.10464232063778565,0.0,0.0,0.0,-0.2982660313534584,0.0,0.00391523263997462,0.2857142857142857,90
HBANP,0.03989992600976946,0.0,0.0,0.0,-0.1387012824351729,0.0,-0.004750376101466139,0.2857142857142857,88
HDSN,0.13587104117950508,0.0,0.0,0.0,-0.15565852751040526,0.0,0.06298864900702748,0.2857142857142857,90
HTD,0.19184867139391149,0.0,0.0,0.0,-0.1784497891437555,0.0,0.09927405625949472,0.2857142857142857,90
IGI,0.07308150230532942,0.0,0.0,0.0,-0.021221798128447423,0.0,0.04950567719688521,0.2857142857142857,87
IIF,0.17292132715888278,0.0,0.0,0.0,0.02885067680197141,0.0,0.13690366456965494,0.2857142857142857,88
INTA,0.2812244165247386,0.0,0.0,0.0,-0.20010176073446206,0.0,0.16089287220993845,0.2857142857142857,90
IPAR,0.1177258158730242,0.0,0.0,0.0,-0.39488225930544774,0.0,-0.010426202921593799,0.2857142857142857,90
ISTR,0.14511004624678026,0.0,0.0,0.0,-0.12885129768142836,0.0,0.0766197102647281,0.2857142857142857,89
ITT,0.3587365793660992,0.0,0.0,0.0,-0.04953947390230963,0.0,0.25666756604899704,0.2857142857142857,90
A,0.2624836978403905,0.0,0.0,0.0,-0.08356361385461847,0.0,0.17597186991663824,0.2857142857142857,90
AAL,0.23796347356620665,0.0,0.0,0.0,-0.2794969337766395,0.0,0.10859837173049511,0.2857142857142857,90
ABVX,0.42960747923009424,0.0,0.0,0.0,0.5387407951134897,0.0,0.45689080820094313,0.2857142857142857,90
AFYA,0.11987348591430964,0.0,0.0,0.0,0.04604250851369297,0.0,0.10141574156415548,0.2857142857142857,90
ALAR,0.06028866300042238,0.0,0.0,0.0,-0.6299205407634221,0.0,-0.11226363794053876,0.2857142857142857,88
ANY,0.0865415748105271,0.0,0.0,0.0,-0.20324164923956722,0.0,0.014095768798003507,0.2857142857142857,90
AREC,0.28471986150596706,0.0,0.0,0.0,-0.3151489296579027,0.0,0.13475266371499964,0.2857142857142857,90
ASMB,0.4462310605461698,0.0,0.0,0.0,0.3343535932860351,0.0,0.41826169373113614,0.2857142857142857,90
ASTLW,0.042277526983574114,0.0,0.0,0.0,0.0,0.0,0.03170814523768059,0.2857142857142857,83
AYTU,0.08928891770558714,0.0,0.0,0.0,-0.1864716906597407,0.0,0.020348765614255176,0.2857142857142857,89
BAER,0.2502062825052921,0.0,0.0,0.0,-0.07961835547920075,0.0,0.1677501230091689,0.2857142857142857,90
BAND,0.08059112907392879,0.0,0.0,0.0,-0.17090053237629632,0.0,0.01771821371137251,0.2857142857142857,90
BBT,0.22239578605555935,0.0,0.0,0.0,-0.09327899493037002,0.0,0.143477090809077,0.2857142857142857,90
BON,0.05935192313503869,0.0,0.0,0.0,-0.3978168468220344,0.0,-0.05494026935422959,0.2857142857142857,87
BSY,0.03277608699380764,0.0,0.0,0.0,-0.3120907568825786,0.0,-0.053440623975288926,0.2857142857142857,90
BWSN,0.05762872179669594,0.0,0.0,0.0,0.0,0.0,0.04322154134752196,0.2857142857142857,80
CARE,0.16714588619020218,0.0,0.0,0.0,-0.10562177110434963,0.0,0.09895397186656424,0.2857142857142857,90
CBNK,0.11588476522546573,0.0,0.0,0.0,-0.15261656796566014,0.0,0.04875943192768426,0.2857142857142857,89
CCRN,0.09161024992650181,0.0,0.0,0.0,0.29656317192922005,0.0,0.14284848042718137,0.2857142857142857,90
CIG,0.2966762038390302,0.0,0.0,0.0,-0.3059101887240631,0.0,0.14602960569825688,0.2857142857142857,90
CRMLW,0.1375303143958224,0.0,0.0,0.0,-0.6319648964692907,0.0,-0.0548434883204559,0.2857142857142857,89
CSPI,0.10814570089558911,0.0,0.0,0.0,-0.13332635637069848,0.0,0.04777768657901721,0.2857142857142857,88
CXAIW,-0.0070263812492850075,0.0,0.0,0.0,0.0,0.0,-0.005269785936963756,0.2857142857142857,79
DAO,0.24574053342847071,0.0,0.0,0.0,-0.07568913993482212,0.0,0.1653831150876475,0.2857142857142857,90
DCOMG,0.059340021160389,0.0,0.0,0.0,0.0,0.0,0.04450501587029175,0.2857142857142857,81
EICC,0.17577522017981834,0.0,0.0,0.0,-0.05686829792274336,0.0,0.11761434065417792,0.2857142857142857,87
ESS,0.17206948613116468,0.0,0.0,0.0,0.019311749302699438,0.0,0.13388005192404837,0.2857142857142857,90
ETHZ,0.22973063556391954,0.0,0.0,0.0,-0.8968865267663939,0.0,-0.051923655018658844,0.2857142857142857,90
EVTV,0.11979727745532828,0.0,0.0,0.0,-0.38212221112139666,0.0,-0.005682594688852961,0.2857142857142857,89
FFAI,0.05397453053298289,0.0,0.0,0.0,-0.0958586058512625,0.0,0.01651624643692154,0.2857142857142857,90
FGNX,0.046934234941622646,0.0,0.0,0.0,-0.2903175836844829,0.0,-0.03737871971490375,0.2857142857142857,89
FURY,0.09508864137912612,0.0,0.0,0.0,-0.07310623118814821,0.0,0.05303992323730754,0.2857142857142857,89
GRRRW,0.1258796142232788,0.0,0.0,0.0,0.18997158704554357,0.0,0.141902607428845,0.2857142857142857,82
HBCP,0.06199525328735001,0.0,0.0,0.0,-0.17935742984752426,0.0,0.0016570825036314395,0.2857142857142857,88
HBM,0.2731039207178602,0.0,0.0,0.0,-0.12384875554002372,0.0,0.17386575165338922,0.2857142857142857,90
HELE,0.029431522474469507,0.0,0.0,0.0,-0.43454096650391943,0.0,-0.08656159977012774,0.2857142857142857,90
HRB,0.12163865702936835,0.0,0.0,0.0,-0.040139065095831844,0.0,0.0811942264980683,0.2857142857142857,90
HTHT,0.41231808227269257,0.0,0.0,0.0,-0.09857868168305706,0.0,0.2845938912837552,0.2857142857142857,90
IAE,0.1220468353506934,0.0,0.0,0.0,-0.05094159000950125,0.0,0.07879972901064473,0.2857142857142857,88
ICHR,0.08857193449489906,0.0,0.0,0.0,0.02348561343810147,0.0,0.07230035423069966,0.2857142857142857,90
ACIW,0.09647655798048274,0.0,0.0,0.0,-0.08775334895105616,0.0,0.050419081247598016,0.2857142857142857,90
ADP,0.12128744208063234,0.0,0.0,0.0,-0.08347253253449656,0.0,0.07009744842685012,0.2857142857142857,90
AERTW,0.012039382919322992,0.0,0.0,0.0,0.0,0.0,0.009029537189492244,0.2857142857142857,77
AOMR,0.1152552388524583,0.0,0.0,0.0,-0.36745260314497635,0.0,-0.005421721646900386,0.2857142857142857,90
APGE,0.413168202572484,0.0,0.0,0.0,0.060206284016011705,0.0,0.32492772293336597,0.2857142857142857,90
APTV,0.14356203270353746,0.0,0.0,0.0,-0.49226119267983653,0.0,-0.015393773642306057,0.2857142857142857,90
AUID,0.04152112335542051,0.0,0.0,0.0,-0.5989379404825937,0.0,-0.11859364260408307,0.2857142857142857,88
BCV,0.14816281658507383,0.0,0.0,0.0,-0.12787391159696487,0.0,0.07915363453956414,0.2857142857142857,88
BGLC,0.07599607780177786,0.0,0.0,0.0,0.24491866240370935,0.0,0.11822672395226073,0.2857142857142857,89
BSVN,0.050886076546520734,0.0,0.0,0.0,-0.01822841331733722,0.0,0.03360745408055625,0.2857142857142857,86
CBRL,0.09393018568344066,0.0,0.0,0.0,-0.42930870305511826,0.0,-0.03687953650119908,0.2857142857142857,90
CCLD,0.14047237364544146,0.0,0.0,0.0,-0.4343937373273597,0.0,-0.003244154097758842,0.2857142857142857,90
CCZ,-0.041396219891087174,0.0,0.0,0.0,0.0,0.0,-0.03104716491831538,0.2857142857142857,73
CIF,0.05594083955200579,0.0,0.0,0.0,-0.028977392489091498,0.0,0.03471128154173146,0.2857142857142857,86
CLS,0.3554766096553179,0.0,0.0,0.0,0.3331332098671926,0.0,0.3498907597082866,0.2857142857142857,90
CLSKW,0.10292587709441353,0.0,0.0,0.0,-0.15179297341250647,0.0,0.039246164467683524,0.2857142857142857,88
CMP,0.17563139303380926,0.0,0.0,0.0,-0.1457639921138179,0.0,0.09528254674690245,0.2857142857142857,90
CURI,0.3301723591349542,0.0,0.0,0.0,-0.06977888779637917,0.0,0.23018454740212083,0.2857142857142857,90
CVCO,0.2570446932733606,0.0,0.0,0.0,-0.0496412705171744,0.0,0.18037320232572684,0.2857142857142857,89
CWT,0.14183852911210387,0.0,0.0,0.0,-0.18960769899468888,0.0,0.05897697208540568,0.2857142857142857,90
DDL,0.15337711994162018,0.0,0.0,0.0,0.11744953759722498,0.0,0.1443952243555214,0.2857142857142857,90
DSX,0.15294752905212955,0.0,0.0,0.0,-0.11188909214165779,0.0,0.08673837375368272,0.2857142857142857,89
ETB,0.11498741578455951,0.0,0.0,0.0,-0.07621314546269388,0.0,0.06718727547274617,0.2857142857142857,89
ETD,0.14637518536404645,0.0,0.0,0.0,-0.061677236767220915,0.0,0.0943620798312296,0.2857142857142857,90
ETJ,0.10174371056903221,0.0,0.0,0.0,-0.10191763182893084,0.0,0.05082837496954145,0.2857142857142857,90
EUDAW,-0.03177852881284047,0.0,0.0,0.0,0.0,0.0,-0.02383389660963035,0.2857142857142857,76
EVOK,0.4674619944756355,0.0,0.0,0.0,0.004677234367557054,0.0,0.3517658044486159,0.2857142857142857,89
FTNT,0.11863255758499845,0.0,0.0,0.0,-0.079734127082973,0.0,0.06904088641800558,0.2857142857142857,90
FULC,0.5212290774530126,0.0,0.0,0.0,0.9175879994011499,0.0,0.620318807940047,0.2857142857142857,90
FVNNR,0.0035417989792407754,0.0,0.0,0.0,0.0,0.0,0.0026563492344305814,0.2857142857142857,84
FVR,0.319877634764917,0.0,0.0,0.0,0.27493973816980877,0.0,0.30864316061613994,0.2857142857142857,90
GOF,0.11323372252117547,0.0,0.0,0.0,-0.40772174156300384,0.0,-0.017005143499869372,0.2857142857142857,90
GUT,0.21786695173707363,0.0,0.0,0.0,-0.08218652294222442,0.0,0.14285358306724913,0.2857142857142857,89
HAS,0.2548433943109508,0.0,0.0,0.0,-0.15372442368514566,0.0,0.15270143981192671,0.2857142857142857,90
HBNB,0.3738058734574278,0.0,0.0,0.0,-0.19219058185585638,0.0,0.23230675962910674,0.2857142857142857,87
HG,0.35875104915889156,0.0,0.0,0.0,-0.08756144637484937,0.0,0.2471729252754563,0.2857142857142857,90
HPE,0.1365225807084805,0.0,0.0,0.0,-0.4659677342228138,0.0,-0.014099998024343087,0.2857142857142857,90
HSPOW,0.2924192404871658,0.0,0.0,0.0,0.0,0.0,0.21931443036537432,0.2857142857142857,82
IDXX,0.4302384185544129,0.0,0.0,0.0,-0.03022295297420653,0.0,0.31512307567225806,0.2857142857142857,90
IFF,0.2655085468698147,0.0,0.0,0.0,-0.16928518128503106,0.0,0.15681011483110321,0.2857142857142857,90
IMMX,0.44462254954136127,0.0,0.0,0.0,0.6913944895274818,0.0,0.5063155345378915,0.2857142857142857,90
ISPOW,0.0347495338466559,0.0,0.0,0.0,-0.15036626387430463,0.0,-0.01152941558358424,0.2857142857142857,82
ADUS,0.1194085211089228,0.0,0.0,0.0,-0.08104926362880656,0.0,0.06929407492449047,0.2857142857142857,90
AEON,0.21304156214334577,0.0,0.0,0.0,-0.15311067133421088,0.0,0.12150350377395659,0.2857142857142857,88
AGD,0.09333907482177825,0.0,0.0,0.0,-0.10379153453646252,0.0,0.04405642248221806,0.2857142857142857,90
AGX,0.41668769597416067,0.0,0.0,0.0,0.3503214583950228,0.0,0.4000961365793762,0.2857142857142857,90
ALNT,0.24317597380628245,0.0,0.0,0.0,-0.0029744112163963784,0.0,0.18163837755061274,0.2857142857142857,90
ANIK,0.19488591798923613,0.0,0.0,0.0,-0.27084711851672155,0.0,0.07845265886274669,0.2857142857142857,90
APG,0.34474858981037354,0.0,0.0,0.0,-0.016654023001338548,0.0,0.25439793660744553,0.2857142857142857,90
APLS,0.12549724243311988,0.0,0.0,0.0,-0.09552229027954558,0.0,0.07024235925495352,0.2857142857142857,90
BBGI,0.15393094043475547,0.0,0.0,0.0,0.0,0.0,0.1154482053260666,0.2857142857142857,77
BEATW,-0.0026918237986837327,0.0,0.0,0.0,0.0,0.0,-0.0020188678490128,0.2857142857142857,76
BKD,0.3822166606340183,0.0,0.0,0.0,0.07484766363226207,0.0,0.3053744113835793,0.2857142857142857,90
BME,0.3073032877130415,0.0,0.0,0.0,-0.061695695779492084,0.0,0.2150535418399081,0.2857142857142857,89
BOE,0.12314392482339943,0.0,0.0,0.0,-0.10685841266077034,0.0,0.065643340452357,0.2857142857142857,90
BULLW,0.1698309526640473,0.0,0.0,0.0,-0.4122809437785914,0.0,0.024302978553387606,0.2857142857142857,86
BUSE,0.09739455308208768,0.0,0.0,0.0,-0.10607489036554339,0.0,0.046527192220179904,0.2857142857142857,90
BZ,0.166411831011233,0.0,0.0,0.0,0.03112021604793288,0.0,0.13258892727040797,0.2857142857142857,90
BZFD,0.06157324495141082,0.0,0.0,0.0,-0.1330170608272032,0.0,0.012925668506757313,0.2857142857142857,90
CCI,0.1581269506161615,0.0,0.0,0.0,0.026492640023092134,0.0,0.12521837296789418,0.2857142857142857,90
CCIX,0.11403167935882337,0.0,0.0,0.0,-0.014110070062801336,0.0,0.0819962420034172,0.2857142857142857,88
CD,0.10549577956186396,0.0,0.0,0.0,0.19138621030694689,0.0,0.1269683872481347,0.2857142857142857,90
CFFN,0.19519196863394098,0.0,0.0,0.0,-0.11484507161352239,0.0,0.11768270857207512,0.2857142857142857,90
CIEN,0.3474117494965856,0.0,0.0,0.0,-0.13575327021672776,0.0,0.22662049456825722,0.2857142857142857,90
CIO,0.10813750736989965,0.0,0.0,0.0,-0.01086913716715718,0.0,0.07838584623563544,0.2857142857142857,90
CM,0.38177631682511853,0.0,0.0,0.0,-0.123267303774104,0.0,0.25551541167531294,0.2857142857142857,90
COUR,0.12297163420547919,0.0,0.0,0.0,-0.20146865980129583,0.0,0.041861560703785425,0.2857142857142857,90
CURB,0.17361621756017623,0.0,0.0,0.0,0.009697971811370101,0.0,0.1326366561229747,0.2857142857142857,90
DSU,0.09037078819933562,0.0,0.0,0.0,-0.05813031650739293,0.0,0.05324551202265349,0.2857142857142857,90
DVA,0.1100476659000594,0.0,0.0,0.0,-0.30469219248148866,0.0,0.006362701304672384,0.2857142857142857,90
EMR,0.12206592788070958,0.0,0.0,0.0,-0.010899599483427209,0.0,0.08882454603967538,0.2857142857142857,90
EOT,0.2639290149678086,0.0,0.0,0.0,-0.011767623881198397,0.0,0.1950048552555568,0.2857142857142857,89
ETR,0.16475034145135925,0.0,0.0,0.0,-0.019859676587364084,0.0,0.11859783694167841,0.2857142857142857,90
EVUS,0.12218564676954684,0.0,0.0,0.0,-0.1025837017119041,0.0,0.0659933096491841,0.2857142857142857,89
FRA,0.14974129928601687,0.0,0.0,0.0,-0.1537466309516924,0.0,0.07386931672658956,0.2857142857142857,90
FRSH,0.19289411960478434,0.0,0.0,0.0,-0.039894780726545065,0.0,0.134696894521952,0.2857142857142857,90
GERN,0.11380839545802982,0.0,0.0,0.0,-0.29408330041160846,0.0,0.01183547149062024,0.2857142857142857,90
GHC,0.25936206484870294,0.0,0.0,0.0,-0.02186418275919981,0.0,0.18905550294672727,0.2857142857142857,89
GPCR,0.5049049880557033,0.0,0.0,0.0,0.20132271439112262,0.0,0.42900941963955813,0.2857142857142857,90
HRL,0.10736333951900069,0.0,0.0,0.0,-0.10440526105706821,0.0,0.05442118937498346,0.2857142857142857,90
IESC,0.2338283140731701,0.0,0.0,0.0,0.1705240587688785,0.0,0.2180022502470972,0.2857142857142857,90
IHRT,0.35959232802287144,0.0,0.0,0.0,-0.29010946356278877,0.0,0.19716688012645636,0.2857142857142857,90
INTZ,0.11273214792136338,0.0,0.0,0.0,-0.12391501657107074,0.0,0.053570356798254844,0.2857142857142857,90
IT,0.031016194532618394,0.0,0.0,0.0,-0.0961317217206039,0.0,-0.0007707845306871819,0.2857142857142857,90
JAKK,0.10343135169468319,0.0,0.0,0.0,-0.5088183899748516,0.0,-0.04963108372270054,0.2857142857142857,90
AA,0.29069086225083596,0.0,0.0,0.0,-0.1895103716954997,0.0,0.17064055376425205,0.2857142857142857,90
ABP,0.4400976221332644,0.0,0.0,0.0,0.053934322779408794,0.0,0.34355679729480054,0.2857142857142857,89
ADC,0.25637609156072155,0.0,0.0,0.0,-0.032891794245238866,0.0,0.18405912010923142,0.2857142857142857,90
AEMD,0.27853178583321214,0.0,0.0,0.0,-0.7307023038514183,0.0,0.026223263412054502,0.2857142857142857,88
AFCG,0.06570760858424818,0.0,0.0,0.0,-0.5406655144012158,0.0,-0.08588567216211783,0.2857142857142857,90
AIG,0.12010208368563051,0.0,0.0,0.0,-0.1629451315765397,0.0,0.04934027987008795,0.2857142857142857,90
ALTI,0.16316322512382173,0.0,0.0,0.0,-0.1271847259836426,0.0,0.09057623734695563,0.2857142857142857,90
BCE,0.1170422378656808,0.0,0.0,0.0,-0.06482995792266165,0.0,0.07157418891859518,0.2857142857142857,90
BRT,0.14444551970668346,0.0,0.0,0.0,-0.028141758143338615,0.0,0.10129870024417793,0.2857142857142857,89
BSBK,0.10278340353082252,0.0,0.0,0.0,0.0,0.0,0.0770875526481169,0.2857142857142857,82
BTMWW,0.05719050079031409,0.0,0.0,0.0,-0.8027131547962115,0.0,-0.15778541310631736,0.2857142857142857,88
CC,0.05347102933505151,0.0,0.0,0.0,-0.5607439248283308,0.0,-0.10008270920579408,0.2857142857142857,90
CDXS,0.10311194664586254,0.0,0.0,0.0,-0.0306652291186247,0.0,0.06966765270474073,0.2857142857142857,90
CGEN,0.1270996450574114,0.0,0.0,0.0,-0.17984081852510742,0.0,0.05036452916178168,0.2857142857142857,90
CMPOW,0.26109654983426683,0.0,0.0,0.0,0.0,0.0,0.1958224123757001,0.2857142857142857,82
COCH,0.1284933959472789,0.0,0.0,0.0,0.30653050455992303,0.0,0.17300267310043996,0.2857142857142857,89
CPRX,0.3359549528774692,0.0,0.0,0.0,-0.10614356396011448,0.0,0.22543032366807328,0.2857142857142857,90
CRC,0.18648470950754809,0.0,0.0,0.0,-0.14203617436326105,0.0,0.1043544885398458,0.2857142857142857,90
CTLP,0.20610577037327277,0.0,0.0,0.0,0.07572012442114517,0.0,0.17350935888524088,0.2857142857142857,90
CURV,0.07166148571165085,0.0,0.0,0.0,-0.7776615052284038,0.0,-0.14066926202336286,0.2857142857142857,90
CWD,0.08841725674883757,0.0,0.0,0.0,-0.8106877945421145,0.0,-0.13635900607390047,0.2857142857142857,90
DAVEW,0.10902250355825246,0.0,0.0,0.0,-0.766548695628006,0.0,-0.10987029623831217,0.2857142857142857,87
DOMH,0.14810363259525194,0.0,0.0,0.0,-0.14275539124011358,0.0,0.07538887663641057,0.2857142857142857,90
DXPE,0.1363860800654177,0.0,0.0,0.0,-0.08312207635618053,0.0,0.08150904096001814,0.2857142857142857,90
ECAT,0.11530518468965835,0.0,0.0,0.0,-0.2842574267881656,0.0,0.015414531820202347,0.2857142857142857,90
EMD,0.18205495293518195,0.0,0.0,0.0,-0.07532872882000499,0.0,0.11770903249638522,0.2857142857142857,90
EXE,0.4005461643116788,0.0,0.0,0.0,-0.03155731474725216,0.0,0.29252029454694606,0.2857142857142857,90
FIS,0.1068364103214959,0.0,0.0,0.0,-0.2683009420457659,0.0,0.013052072229680455,0.2857142857142857,90
FKWL,0.18733722385054863,0.0,0.0,0.0,-0.3426949069654603,0.0,0.05482919114654638,0.2857142857142857,86
FMBH,0.20304155843729668,0.0,0.0,0.0,-0.16466239619267006,0.0,0.11111556977980498,0.2857142857142857,89
FMS,0.08765138554226606,0.0,0.0,0.0,-0.20073724204981255,0.0,0.015554228644246404,0.2857142857142857,90
FVN,-0.012917997529756739,0.0,0.0,0.0,0.0,0.0,-0.009688498147317554,0.2857142857142857,73
GAIN,0.0998165016590757,0.0,0.0,0.0,-0.0899438604866559,0.0,0.052376411122642796,0.2857142857142857,90
GALT,0.34220084486184377,0.0,0.0,0.0,0.24491866240370935,0.0,0.3178802992473102,0.2857142857142857,90
GFI,0.3382733765455324,0.0,0.0,0.0,-0.090014958206077,0.0,0.23120129285763005,0.2857142857142857,90
HBIO,0.32350803566605313,0.0,0.0,0.0,0.3534167435997902,0.0,0.33098521264948744,0.2857142857142857,90
HCI,0.14942249307206817,0.0,0.0,0.0,-0.27233603900497916,0.0,0.043982860052806334,0.2857142857142857,90
HIND,0.11688537751902854,0.0,0.0,0.0,-0.25675031971577,0.0,0.02347645321032889,0.2857142857142857,89
HOLX,0.2361591429748611,0.0,0.0,0.0,-0.007404280410637807,0.0,0.17526828712848638,0.2857142857142857,90
HTCO,0.22511666590701065,0.0,0.0,0.0,-0.0639564979113128,0.0,0.15284837495242978,0.2857142857142857,88
HURC,0.136901897893298,0.0,0.0,0.0,-0.06567513671255266,0.0,0.08625763924183534,0.2857142857142857,88
IEX,0.136576913189329,0.0,0.0,0.0,-0.1636751260590379,0.0,0.06151390337723726,0.2857142857142857,90
INHD,0.05661685420911266,0.0,0.0,0.0,-0.7159323553425667,0.0,-0.13652044817880724,0.2857142857142857,88
IPWR,0.053745029536086966,0.0,0.0,0.0,-0.16472575092013034,0.0,-0.0008726655779673632,0.2857142857142857,89
IRBT,0.0871705403214931,0.0,0.0,0.0,-0.7282542059818116,0.0,-0.11668564625433309,0.2857142857142857,90
JBTM,0.30362950468998945,0.0,0.0,0.0,-0.16922801340648816,0.0,0.18541512516587003,0.2857142857142857,90
ACV,0.19150129887664782,0.0,0.0,0.0,-0.13290934316263925,0.0,0.11039863836682605,0.2857142857142857,88
AGM,0.18499485788158745,0.0,0.0,0.0,-0.09468591581869888,0.0,0.11507466445651586,0.2857142857142857,89
ARRY,0.1252918623465172,0.0,0.0,0.0,-0.3056947949185429,0.0,0.017545198030252163,0.2857142857142857,90
ARTL,0.10641563773921416,0.0,0.0,0.0,-0.16075552020796788,0.0,0.039622848252418644,0.2857142857142857,89
ATAT,0.1895133482738475,0.0,0.0,0.0,-0.35678684981317293,0.0,0.052938298752092376,0.2857142857142857,90
AWX,0.18630536915427254,0.0,0.0,0.0,0.0,0.0,0.1397290268657044,0.2857142857142857,88
BDMDW,-0.028998478869366396,0.0,0.0,0.0,0.0,0.0,-0.021748859152024798,0.2857142857142857,73
BGMS,0.05643531940286774,0.0,0.0,0.0,-0.5486433391497995,0.0,-0.09483434523529909,0.2857142857142857,89
BHST,0.11367332274718181,0.0,0.0,0.0,-0.2675857917344037,0.0,0.018358544126785423,0.2857142857142857,89
BIPJ,0.16153982574095627,0.0,0.0,0.0,-0.06111599836740852,0.0,0.10587586971386508,0.2857142857142857,86
BLCO,0.1343646063773251,0.0,0.0,0.0,-0.3287415962091737,0.0,0.0185880557307004,0.2857142857142857,90
BNRG,0.105691534526112,0.0,0.0,0.0,-0.5719435583649197,0.0,-0.06371723869664596,0.2857142857142857,89
BTBDW,0.02417032061433091,0.0,0.0,0.0,0.0,0.0,0.018127740460748182,0.2857142857142857,76
CGO,0.1421544712526126,0.0,0.0,0.0,-0.21367366666206639,0.0,0.05319743677394285,0.2857142857142857,88
CION,0.28349049167547213,0.0,0.0,0.0,-0.03981957145735731,0.0,0.20266297589226479,0.2857142857142857,90
CLMB,0.10817199275664158,0.0,0.0,0.0,-0.29939188496915237,0.0,0.006281023325193078,0.2857142857142857,88
CMND,0.12146178794606892,0.0,0.0,0.0,-0.9797931674950449,0.0,-0.15385195091420958,0.2857142857142857,89
CMPX,0.36224470741999565,0.0,0.0,0.0,0.11946845645523833,0.0,0.3015506446788064,0.2857142857142857,90
CPBI,0.030349114640172332,0.0,0.0,0.0,0.0,0.0,0.02276183598012925,0.2857142857142857,82
CUZ,0.12724722583758538,0.0,0.0,0.0,-0.1243768565245614,0.0,0.06434120524704869,0.2857142857142857,90
CVR,0.02396847991788832,0.0,0.0,0.0,0.0,0.0,0.017976359938416238,0.2857142857142857,83
CZWI,0.21817855821548882,0.0,0.0,0.0,0.0,0.0,0.1636339186616166,0.2857142857142857,86
D,0.22594800881352595,0.0,0.0,0.0,-0.05619893575944604,0.0,0.15541127267028296,0.2857142857142857,90
DIN,0.19479821863206412,0.0,0.0,0.0,-0.007508775714760652,0.0,0.14422147004535793,0.2857142857142857,90
DNTH,0.44312105430164284,0.0,0.0,0.0,0.6310548304173856,0.0,0.4901044983305785,0.2857142857142857,90
ENB,0.2857283798164865,0.0,0.0,0.0,0.03519672278403637,0.0,0.22309546555837398,0.2857142857142857,90
FCPT,0.09913254888055185,0.0,0.0,0.0,-0.07451941789404928,0.0,0.05571955718690157,0.2857142857142857,90
FEMY,0.3165393281660789,0.0,0.0,0.0,-0.3556052896052951,0.0,0.14850317372323538,0.2857142857142857,90
FIX,0.36342639333515014,0.0,0.0,0.0,0.1689007037887869,0.0,0.31479497094855935,0.2857142857142857,90
FUNC,0.11367506413542605,0.0,0.0,0.0,-0.0663292611243779,0.0,0.06867398282047506,0.2857142857142857,88
GBTG,0.14045012808044624,0.0,0.0,0.0,-0.1387637219642103,0.0,0.0706466655692821,0.2857142857142857,90
GMAB,0.2153621030748074,0.0,0.0,0.0,0.05121177306254335,0.0,0.1743245205717414,0.2857142857142857,90
GOOGL,0.47139326895575295,0.0,0.0,0.0,0.24904313826230629,0.0,0.4158057362823913,0.2857142857142857,90
GOVX,0.06351931896200978,0.0,0.0,0.0,-0.4548230791072705,0.0,-0.06606628055531032,0.2857142857142857,90
HSHP,0.2702374616414,0.0,0.0,0.0,-0.01826836928731841,0.0,0.19811100390922037,0.2857142857142857,90
HSPOR,0.008041530039976003,0.0,0.0,0.0,0.0,0.0,0.0060311475299820025,0.2857142857142857,76
HSTM,0.11912557321218437,0.0,0.0,0.0,0.01631842072749978,0.0,0.09342378509101322,0.2857142857142857,90
HURA,0.13063200838707353,0.0,0.0,0.0,-0.5955833477359466,0.0,-0.05092183064368152,0.2857142857142857,90
HYPR,0.14113216836550432,0.0,0.0,0.0,0.0,0.0,0.10584912627412824,0.2857142857142857,89
IFN,0.2181584556764374,0.0,0.0,0.0,0.0827019195645535,0.0,0.18429432164846643,0.2857142857142857,90
IMO,0.380685550881782,0.0,0.0,0.0,0.15121334657425592,0.0,0.32331749980490054,0.2857142857142857,90
INCR,0.13248523580661925,0.0,0.0,0.0,-0.03595571631252442,0.0,0.09037499777683333,0.2857142857142857,86
IRIX,0.16411564692643835,0.0,0.0,0.0,0.42143709737284873,0.0,0.22844600953804095,0.2857142857142857,87
IROQ,0.2064868561346522,0.0,0.0,0.0,0.0,0.0,0.15486514210098914,0.2857142857142857,83
JILL,0.0801387740158824,0.0,0.0,0.0,-0.3529513103707525,0.0,-0.028133747080776334,0.2857142857142857,90
ALGS,0.23054289905243808,0.0,0.0,0.0,0.9488811135487687,0.0,0.4101274526765208,0.2857142857142857,89
ALLR,0.09886528340391511,0.0,0.0,0.0,-0.46376085392591704,0.0,-0.041791250928542946,0.2857142857142857,90
ARCO,0.21650459709168374,0.0,0.0,0.0,-0.04774524011917763,0.0,0.15044213778896842,0.2857142857142857,90
ARTV,0.19695983095386163,0.0,0.0,0.0,0.021990589088081436,0.0,0.15321752048741658,0.2857142857142857,89
ASB,0.11142155003642869,0.0,0.0,0.0,-0.13316807828996965,0.0,0.0502741429548291,0.2857142857142857,90
BCTX,0.1013239339040568,0.0,0.0,0.0,-0.8632082805875716,0.0,-0.13980911971885032,0.2857142857142857,89
BHFAL,0.11551088038178219,0.0,0.0,0.0,0.0,0.0,0.08663316028633664,0.2857142857142857,88
BLZE,0.07010984183873267,0.0,0.0,0.0,-0.5729884736085595,0.0,-0.0906647370230904,0.2857142857142857,90
BNZI,0.1285103663114322,0.0,0.0,0.0,-0.5804111049428522,0.0,-0.04872000150213892,0.2857142857142857,90
BOX,0.13720502850368535,0.0,0.0,0.0,-0.4186253024388166,0.0,-0.0017525542319401651,0.2857142857142857,90
BRBR,0.19110751282012461,0.0,0.0,0.0,0.4042598335829279,0.0,0.24439559301082545,0.2857142857142857,90
CAMP,0.24355537621453402,0.0,0.0,0.0,-0.4988586857290034,0.0,0.05795186072864964,0.2857142857142857,90
CCBG,0.1554036845782562,0.0,0.0,0.0,-0.13933162348918368,0.0,0.08171985756139623,0.2857142857142857,87
CCIXU,-0.011386093986612958,0.0,0.0,0.0,0.0,0.0,-0.008539570489959718,0.2857142857142857,73
CENT,0.07487959053703963,0.0,0.0,0.0,-0.21747396131982527,0.0,0.0017912025728233987,0.2857142857142857,90
CMI,0.4563895195974109,0.0,0.0,0.0,0.06271712901040626,0.0,0.3579714219506598,0.2857142857142857,90
CMT,0.16961011730505057,0.0,0.0,0.0,-0.27828965077878765,0.0,0.05763517528409102,0.2857142857142857,88
COGT,0.5691897146203867,0.0,0.0,0.0,0.1634374195131743,0.0,0.46775164084358356,0.2857142857142857,90
CRBU,0.15309251436107413,0.0,0.0,0.0,-0.3941185679308147,0.0,0.016289743788101916,0.2857142857142857,90
CRMD,0.10963078591783802,0.0,0.0,0.0,-0.48255982858647917,0.0,-0.0384168677082413,0.2857142857142857,90
CYRX,0.09158241400264243,0.0,0.0,0.0,-0.16421385924716977,0.0,0.027633345690189378,0.2857142857142857,90
DTIL,0.19275172110779945,0.0,0.0,0.0,-0.7020059462556837,0.0,-0.030937695733071372,0.2857142857142857,90
DWSN,0.1869315533957069,0.0,0.0,0.0,-0.2641721046281292,0.0,0.07415563888974788,0.2857142857142857,89
ELMD,0.3109944318188457,0.0,0.0,0.0,-0.1522856332091218,0.0,0.1951744155618538,0.2857142857142857,88
FHB,0.2148582748347391,0.0,0.0,0.0,-0.09141245854614026,0.0,0.13829059148951928,0.2857142857142857,90
FICO,0.3117707347940152,0.0,0.0,0.0,-0.001987038421555491,0.0,0.23333129149012252,0.2857142857142857,90
FORTY,0.012684371205135233,0.0,0.0,0.0,0.0,0.0,0.009513278403851425,0.2857142857142857,73
FRT,0.13464097697033595,0.0,0.0,0.0,-0.07412375828775575,0.0,0.08244979315581302,0.2857142857142857,90
GROY,0.300357996431162,0.0,0.0,0.0,0.07291155340639682,0.0,0.2434963856749707,0.2857142857142857,90
HBANL,0.1554619075595944,0.0,0.0,0.0,-0.00784297643584738,0.0,0.11463568656073396,0.2857142857142857,87
HSPTU,0.2622010574044963,0.0,0.0,0.0,0.0,0.0,0.1966507930533722,0.2857142857142857,81
HTZWW,0.2239911837390323,0.0,0.0,0.0,-0.5909930472172307,0.0,0.020245125999966532,0.2857142857142857,89
HUSA,0.11444863149058,0.0,0.0,0.0,-0.36608537867217206,0.0,-0.005684871050108024,0.2857142857142857,90
IFS,0.1781418542713608,0.0,0.0,0.0,-0.021177994211066344,0.0,0.12831189215075403,0.2857142857142857,90
INOD,0.08030705303407282,0.0,0.0,0.0,-0.1166064780073868,0.0,0.03107867027370791,0.2857142857142857,90
IPM,0.09883064179771678,0.0,0.0,0.0,-0.07878375822297314,0.0,0.054427041792544296,0.2857142857142857,88
IPSC,0.16101387625153835,0.0,0.0,0.0,0.3190166770075838,0.0,0.20051457644054974,0.2857142857142857,90
ISSC,0.02497855887980756,0.0,0.0,0.0,-0.11562458217645402,0.0,-0.010172226384257839,0.2857142857142857,90
AMTD,0.2073171174080806,0.0,0.0,0.0,-0.3268705307243591,0.0,0.07377020537497066,0.2857142857142857,88
ATNM,0.17945911758770366,0.0,0.0,0.0,0.3627074675780514,0.0,0.2252712050852906,0.2857142857142857,90
AUBN,0.026840961654347354,0.0,0.0,0.0,0.0,0.0,0.020130721240760516,0.2857142857142857,82
BAK,0.35055778364363244,0.0,0.0,0.0,0.4592732636761362,0.0,0.3777366536517584,0.2857142857142857,90
BFLY,0.3710617208479757,0.0,0.0,0.0,0.6602570627032923,0.0,0.4433605563118049,0.2857142857142857,90
BHAT,0.10742929469182035,0.0,0.0,0.0,0.0,0.0,0.08057197101886526,0.2857142857142857,87
BIRD,0.11903822662110715,0.0,0.0,0.0,-0.7645856609666437,0.0,-0.10186774527583059,0.2857142857142857,89
BKV,0.3981595927654461,0.0,0.0,0.0,-0.07515920080057256,0.0,0.27982989437394146,0.2857142857142857,90
BLKB,0.089459294184555,0.0,0.0,0.0,-0.24437242737024334,0.0,0.006001363795855406,0.2857142857142857,90
BWIN,0.2877581145338228,0.0,0.0,0.0,-0.18930447008627352,0.0,0.1684924683787987,0.2857142857142857,90
BX,0.05637079351862052,0.0,0.0,0.0,-0.03045434566020889,0.0,0.03466450872391317,0.2857142857142857,90
CJET,0.3774976028258994,0.0,0.0,0.0,-0.9081960040588519,0.0,0.056074201104711514,0.2857142857142857,88
CLYM,0.12353970169060267,0.0,0.0,0.0,-0.10654593203264598,0.0,0.06601829325979051,0.2857142857142857,90
CPAC,0.2835237915697385,0.0,0.0,0.0,0.02040533045066046,0.0,0.217744176289969,0.2857142857142857,86
DBVT,0.28360105860270907,0.0,0.0,0.0,0.4210469818087221,0.0,0.3179625394042123,0.2857142857142857,89
DC,0.18578340010209138,0.0,0.0,0.0,-0.04179165373244445,0.0,0.12888963664345743,0.2857142857142857,90
DLHC,0.2544400617698272,0.0,0.0,0.0,0.030111376362287955,0.0,0.19835789041794238,0.2857142857142857,88
DNA,0.0904699090788538,0.0,0.0,0.0,-0.06241874674751229,0.0,0.052247745122262275,0.2857142857142857,90
DYCQ,0.33603989258949324,0.0,0.0,0.0,-0.5006994910396859,0.0,0.12685504668219844,0.2857142857142857,83
EAF,0.18654826588060927,0.0,0.0,0.0,-0.2785722444141837,0.0,0.07026813830691102,0.2857142857142857,90
ELVN,0.31248691499521114,0.0,0.0,0.0,0.41064810020333764,0.0,0.3370272112972428,0.2857142857142857,90
EOS,0.13167446323624335,0.0,0.0,0.0,-0.14359725732590586,0.0,0.06285653309570603,0.2857142857142857,89
EVAX,0.235856835007427,0.0,0.0,0.0,-0.634628990792891,0.0,0.018235378557347474,0.2857142857142857,89
EVC,0.358666143506261,0.0,0.0,0.0,-0.4256281972349944,0.0,0.16259255832094713,0.2857142857142857,90
F,0.27044225082698864,0.0,0.0,0.0,-0.14757829797239358,0.0,0.16593711362714306,0.2857142857142857,90
FF,0.13941865144858048,0.0,0.0,0.0,-0.42562819723499484,0.0,-0.0018430607223133696,0.2857142857142857,90
FISV,0.06935279044077745,0.0,0.0,0.0,-0.2535864474416399,0.0,-0.011382019029826893,0.2857142857142857,90
GNK,0.26547408794319605,0.0,0.0,0.0,0.06270301790309553,0.0,0.2147813204331709,0.2857142857142857,90
GPK,0.11737729496092209,0.0,0.0,0.0,-0.25045040370422633,0.0,0.02542037029463497,0.2857142857142857,90
HKD,0.20662510888457936,0.0,0.0,0.0,-0.40707378432093305,0.0,0.05320038558320125,0.2857142857142857,90
HTLD,0.041285847621778705,0.0,0.0,0.0,-0.3209219474285921,0.0,-0.049266101140814006,0.2857142857142857,90
HUIZ,0.04500003087511766,0.0,0.0,0.0,0.0,0.0,0.03375002315633825,0.2857142857142857,85
HYAC,0.0739172920229817,0.0,0.0,0.0,0.0,0.0,0.05543796901723627,0.2857142857142857,76
HYI,0.0669166003550576,0.0,0.0,0.0,-0.08409549932844022,0.0,0.029163575434183138,0.2857142857142857,89
ICLR,0.14695070003980315,0.0,0.0,0.0,-0.13987880371132985,0.0,0.0752433241020199,0.2857142857142857,90
IMMR,0.14234974896597738,0.0,0.0,0.0,-0.45785218297765584,0.0,-0.007700734019930947,0.2857142857142857,90
INM,0.16397337505755505,0.0,0.0,0.0,-0.8832697302061803,0.0,-0.09783740125837881,0.2857142857142857,88
IR,0.044419760236379224,0.0,0.0,0.0,-0.16409826273491906,0.0,-0.007709745506445356,0.2857142857142857,90
JFU,0.19647322615428872,0.0,0.0,0.0,-0.01091659688546193,0.0,0.14462577039435104,0.2857142857142857,88
JRS,0.0688288626317374,0.0,0.0,0.0,-0.13791670587205307,0.0,0.01714247050578978,0.2857142857142857,88
AIM,0.10556371158152297,0.0,0.0,0.0,-0.4993103976355762,0.0,-0.04565481572275184,0.2857142857142857,89
AISPW,0.15182648731121315,0.0,0.0,0.0,-0.6059391538160445,0.0,-0.03761492297060128,0.2857142857142857,89
ALKS,0.13449691459750612,0.0,0.0,0.0,-0.35744389164279466,0.0,0.011511713037430914,0.2857142857142857,90
ANTX,0.17361863060568666,0.0,0.0,0.0,-0.3215127375316338,0.0,0.049835788571356544,0.2857142857142857,88
AQNB,0.10659421566051457,0.0,0.0,0.0,0.0,0.0,0.07994566174538592,0.2857142857142857,78
ASO,0.059195100281221956,0.0,0.0,0.0,-0.27326069545196807,0.0,-0.023918848652075563,0.2857142857142857,90
BBBY,0.1287466877810934,0.0,0.0,0.0,-0.4639670585389839,0.0,-0.01943174879892594,0.2857142857142857,90
BCH,0.34091130009411963,0.0,0.0,0.0,0.032846886872180445,0.0,0.2638951967886349,0.2857142857142857,90
BCSF,0.110454720123738,0.0,0.0,0.0,-0.02521079509648293,0.0,0.07653834131868277,0.2857142857142857,90
BIO,0.23140519762906575,0.0,0.0,0.0,-0.18950989413618297,0.0,0.12617642468775356,0.2857142857142857,90
BNJ,0.07261472145623557,0.0,0.0,0.0,0.003257317469981635,0.0,0.05527537045967209,0.2857142857142857,87
BTBD,0.0816047471216199,0.0,0.0,0.0,-0.4914533471763273,0.0,-0.061659776452866924,0.2857142857142857,89
BULL,0.030944456766374046,0.0,0.0,0.0,-0.42315055625030357,0.0,-0.08257929648779537,0.2857142857142857,90
BVN,0.3481951116258182,0.0,0.0,0.0,0.07181858458679123,0.0,0.2791009798660614,0.2857142857142857,90
CME,0.39174722818059626,0.0,0.0,0.0,-0.19441198865699674,0.0,0.245207423971198,0.2857142857142857,90
CP,0.08448781072744888,0.0,0.0,0.0,-0.12523578663578805,0.0,0.03205691138663964,0.2857142857142857,90
CRESY,0.33719919245793223,0.0,0.0,0.0,0.1698531184914037,0.0,0.2953626739663001,0.2857142857142857,90
CTO,0.2649419052137842,0.0,0.0,0.0,-0.08318855525966615,0.0,0.17790929009542159,0.2857142857142857,90
CTSH,0.3133809829510769,0.0,0.0,0.0,-0.08644178413283636,0.0,0.2134252911800986,0.2857142857142857,90
DAVE,0.12837700555240053,0.0,0.0,0.0,-0.5194025684068739,0.0,-0.03356788793741811,0.2857142857142857,90
DGICA,0.2841408828487669,0.0,0.0,0.0,-0.07523445246830682,0.0,0.19429704901949843,0.2857142857142857,90
DTE,0.1758114918869458,0.0,0.0,0.0,-0.09914320953328401,0.0,0.10707281653188834,0.2857142857142857,90
EBS,0.2598418624020274,0.0,0.0,0.0,-0.1917706309388368,0.0,0.14693873906681132,0.2857142857142857,90
ENLV,0.07022004163879762,0.0,0.0,0.0,-0.3483343169910165,0.0,-0.03441854801865593,0.2857142857142857,89
ENTX,0.2896594954304655,0.0,0.0,0.0,0.05633128002399992,0.0,0.23132744157884907,0.2857142857142857,89
EPAM,0.3660551031408973,0.0,0.0,0.0,0.008866489727420579,0.0,0.27675794978752816,0.2857142857142857,90
EVRG,0.18006438900811708,0.0,0.0,0.0,-0.04907003966679942,0.0,0.12278078183938795,0.2857142857142857,90
FEAM,0.2332261086650527,0.0,0.0,0.0,0.11738092474706256,0.0,0.20426481268555516,0.2857142857142857,89
FFBC,0.10254332782092233,0.0,0.0,0.0,-0.10811413443745445,0.0,0.04987896225632813,0.2857142857142857,90
FGIWW,-0.0009432530273344423,0.0,0.0,0.0,0.0,0.0,-0.0007074397705008318,0.2857142857142857,76
FOF,0.16343026414872602,0.0,0.0,0.0,-0.07998146607148385,0.0,0.10257733159367356,0.2857142857142857,88
GLBS,0.1942591378102935,0.0,0.0,0.0,-0.16380026231618375,0.0,0.10474428777867419,0.2857142857142857,88
GORO,0.17074285687262875,0.0,0.0,0.0,-0.37579450658109764,0.0,0.03410851600919714,0.2857142857142857,90
GRWG,0.2255354169546032,0.0,0.0,0.0,-0.42450306813672445,0.0,0.06302579568177126,0.2857142857142857,90
HCTI,0.12049676771398769,0.0,0.0,0.0,-0.5927001329955618,0.0,-0.0578024574633997,0.2857142857142857,90
HI,0.2715558063360778,0.0,0.0,0.0,-0.005525677893497293,0.0,0.202285435278684,0.2857142857142857,90
IBACR,-0.0058524616167837315,0.0,0.0,0.0,0.0,0.0,-0.004389346212587799,0.2857142857142857,76
IDCC,0.23197174813170468,0.0,0.0,0.0,-0.13831777498330114,0.0,0.13939936735295325,0.2857142857142857,90
INVH,0.12658390456653915,0.0,0.0,0.0,-0.14238866579420711,0.0,0.05934076197635257,0.2857142857142857,90
ITRI,0.08630103551034496,0.0,0.0,0.0,-0.2152813903706522,0.0,0.010905429040095659,0.2857142857142857,90
ITW,0.11558371266571782,0.0,0.0,0.0,-0.08601490871867588,0.0,0.06518405731961939,0.2857142857142857,90
JFBRW,-0.06575145775717223,0.0,0.0,0.0,0.0,0.0,-0.04931359331787917,0.2857142857142857,73
ADSE,0.1764528889816575,0.0,0.0,0.0,-0.03958326745532004,0.0,0.12244384987241312,0.2857142857142857,89
AIZ,0.3280907577524876,0.0,0.0,0.0,-0.05541556618870522,0.0,0.23221417676718936,0.2857142857142857,90
AMLX,0.2793638711097246,0.0,0.0,0.0,0.6412285745391031,0.0,0.3698300469670693,0.2857142857142857,90
AMTB,0.170765297499901,0.0,0.0,0.0,-0.1536165887500879,0.0,0.08966982593740376,0.2857142857142857,90
AOMN,0.05766470168010242,0.0,0.0,0.0,0.0,0.0,0.04324852626007682,0.2857142857142857,83
AON,0.25873116988849937,0.0,0.0,0.0,-0.09772354387010783,0.0,0.16961749144884755,0.2857142857142857,90
AOS,0.0912738360976657,0.0,0.0,0.0,-0.18511399011350937,0.0,0.022176879544871925,0.2857142857142857,90
APLD,0.18380138604737867,0.0,0.0,0.0,0.00976319595654638,0.0,0.14029183852467061,0.2857142857142857,90
APM,0.19046318758377853,0.0,0.0,0.0,0.4755680972615443,0.0,0.26173941500322,0.2857142857142857,89
ARMN,0.4019469780212941,0.0,0.0,0.0,0.21914838811281073,0.0,0.35624733054417324,0.2857142857142857,90
ASPCU,0.32620735693293607,0.0,0.0,0.0,-0.13607643853966958,0.0,0.21063640806478465,0.2857142857142857,86
ATMC,-0.006875844238620104,0.0,0.0,0.0,0.0,0.0,-0.005156883178965078,0.2857142857142857,73
ATO,0.2801162778302737,0.0,0.0,0.0,-0.11467480745516803,0.0,0.18141850650891328,0.2857142857142857,90
AWRE,0.1034554138918045,0.0,0.0,0.0,-0.4995109156314987,0.0,-0.04728616848902132,0.2857142857142857,89
BATL,0.2549306808145561,0.0,0.0,0.0,0.02221856496567398,0.0,0.19675265185233556,0.2857142857142857,88
BPRN,0.2594669878510995,0.0,0.0,0.0,0.0022641470744385475,0.0,0.19516627765693426,0.2857142857142857,87
BRO,0.12831268806167617,0.0,0.0,0.0,-0.07637521267942958,0.0,0.07714071287639973,0.2857142857142857,90
BTBT,0.10249489163986575,0.0,0.0,0.0,-0.5979820004989416,0.0,-0.07262433139483611,0.2857142857142857,90
BTG,0.14714359105438746,0.0,0.0,0.0,-0.16888990297513298,0.0,0.06813521754700734,0.2857142857142857,90
CHD,0.14988531333953597,0.0,0.0,0.0,-0.13895731021457539,0.0,0.07767465745100814,0.2857142857142857,90
CLBT,0.2750864795015064,0.0,0.0,0.0,-0.40192701452151447,0.0,0.10583310599575114,0.2857142857142857,90
CMRE,0.33712100631553477,0.0,0.0,0.0,0.033977398377235374,0.0,0.2613351043309599,0.2857142857142857,90
CMTL,0.3158320178429306,0.0,0.0,0.0,-0.1241610048539162,0.0,0.20583376216871888,0.2857142857142857,90
CUB,0.16182086054102351,0.0,0.0,0.0,0.0,0.0,0.12136564540576764,0.2857142857142857,80
DCOMP,0.06950098478257025,0.0,0.0,0.0,0.0,0.0,0.052125738586927685,0.2857142857142857,80
DUK,0.1658237318131691,0.0,0.0,0.0,-0.05476350626492328,0.0,0.110676922293646,0.2857142857142857,90
EARN,0.13801908217620387,0.0,0.0,0.0,-0.08640574948757103,0.0,0.08191287426026014,0.2857142857142857,90
ERH,0.12264155511731749,0.0,0.0,0.0,-0.023767314022716254,0.0,0.08603933783230905,0.2857142857142857,87
FIVN,0.08543875542856486,0.0,0.0,0.0,-0.4942946360298438,0.0,-0.05949459243603732,0.2857142857142857,90
FNWB,0.34831907838932175,0.0,0.0,0.0,0.18696385611104127,0.0,0.30798027281975165,0.2857142857142857,88
FSS,0.1297494513283896,0.0,0.0,0.0,-0.1278050932268524,0.0,0.0653608151895791,0.2857142857142857,90
FUFUW,-0.01521562815018277,0.0,0.0,0.0,-0.674891382661798,0.0,-0.18013456677808662,0.2857142857142857,82
GNT,0.302393881709722,0.0,0.0,0.0,0.07942712858586538,0.0,0.24665219342875783,0.2857142857142857,89
GO,0.06754297288925921,0.0,0.0,0.0,-0.3371880096026107,0.0,-0.03363977273370828,0.2857142857142857,90
HII,0.3530534352278183,0.0,0.0,0.0,-0.04714087952895966,0.0,0.2530048565386238,0.2857142857142857,90
HNVR,0.26654416653262497,0.0,0.0,0.0,-0.09709573375257752,0.0,0.17563419146132433,0.2857142857142857,88
HSCS,0.15845717415489458,0.0,0.0,0.0,-0.11425302432029272,0.0,0.09027962453609775,0.2857142857142857,88
HURN,0.3197550226613473,0.0,0.0,0.0,0.03031436761283158,0.0,0.24739485889921836,0.2857142857142857,90
IAC,0.10562177308534101,0.0,0.0,0.0,-0.2659361721390356,0.0,0.012732286779246859,0.2857142857142857,90
IIIV,0.1485376739636331,0.0,0.0,0.0,-0.6250646586198779,0.0,-0.04486290918224468,0.2857142857142857,90
INNV,0.3636873093459129,0.0,0.0,0.0,-0.24056183280096816,0.0,0.21262502380919265,0.2857142857142857,89
IPB,0.24032731358784437,0.0,0.0,0.0,0.0,0.0,0.1802454851908833,0.2857142857142857,83
JCTC,0.06699725708488398,0.0,0.0,0.0,0.0,0.0,0.05024794281366298,0.2857142857142857,83
ACET,0.1124937395766592,0.0,0.0,0.0,-0.5596319847875068,0.0,-0.05553769151438231,0.2857142857142857,90
ACIU,0.2130575801545107,0.0,0.0,0.0,-0.20567907353443546,0.0,0.10837341673227414,0.2857142857142857,90
ACP,0.14936863956868154,0.0,0.0,0.0,-0.09165381973583016,0.0,0.08911302474255361,0.2857142857142857,90
ACXP,0.11909276304249852,0.0,0.0,0.0,-0.6776138252885897,0.0,-0.08008388404027356,0.2857142857142857,89
AMTM,0.4281188932753146,0.0,0.0,0.0,0.6357540281217609,0.0,0.48002767698692617,0.2857142857142857,90
APVO,0.08840767557049961,0.0,0.0,0.0,-0.6315225053651795,0.0,-0.0915748696634202,0.2857142857142857,90
ASBA,0.08849852061189957,0.0,0.0,0.0,-0.07050717401405664,0.0,0.04874709695541051,0.2857142857142857,89
ATEX,0.32172137655129746,0.0,0.0,0.0,0.02164164199726425,0.0,0.24670144291278914,0.2857142857142857,90
AVD,0.14794656872588596,0.0,0.0,0.0,-0.5860107769126115,0.0,-0.03554276768373842,0.2857142857142857,90
BBN,0.34855330110401694,0.0,0.0,0.0,-0.0029103526676636164,0.0,0.2606873876610968,0.2857142857142857,90
BBW,0.0853789924377514,0.0,0.0,0.0,-0.17347096384221836,0.0,0.02066650336775896,0.2857142857142857,90
BFRG,0.06569373966983204,0.0,0.0,0.0,-0.45794790835966814,0.0,-0.06521667233754304,0.2857142857142857,89
BKH,0.40919423970092844,0.0,0.0,0.0,-0.037688457885362014,0.0,0.2974735653043558,0.2857142857142857,90
BKSY,0.12270856397783811,0.0,0.0,0.0,0.3257899218475529,0.0,0.1734789034452668,0.2857142857142857,90
BNS,0.36807780194455864,0.0,0.0,0.0,-0.031207344938244962,0.0,0.26825651522385774,0.2857142857142857,90
BOSC,0.24455826391671867,0.0,0.0,0.0,-0.42562819723499484,0.0,0.07701164862879029,0.2857142857142857,89
CELUW,-0.010965259996826167,0.0,0.0,0.0,0.0,0.0,-0.008223944997619626,0.2857142857142857,73
CII,0.24634451938730986,0.0,0.0,0.0,-0.03578925705688688,0.0,0.1758110752762607,0.2857142857142857,89
COCP,0.11201379003821443,0.0,0.0,0.0,-0.5562825385944595,0.0,-0.05506029211995408,0.2857142857142857,89
CURR,0.34938144803160115,0.0,0.0,0.0,-0.5912668695498373,0.0,0.1142193686362415,0.2857142857142857,89
DEC,0.31867957698611077,0.0,0.0,0.0,0.1076167508026625,0.0,0.2659138704402487,0.2857142857142857,90
EAI,0.1566925010345245,0.0,0.0,0.0,-0.08806126567480393,0.0,0.09550405935719239,0.2857142857142857,89
EFSC,0.08473575339175644,0.0,0.0,0.0,-0.01891206292009523,0.0,0.05882379931379352,0.2857142857142857,90
ENSC,0.18152512719723646,0.0,0.0,0.0,-0.5384467689252096,0.0,0.0015321531666249168,0.2857142857142857,89
ERIC,0.2395913570839411,0.0,0.0,0.0,-0.26496036176249343,0.0,0.11345342737233247,0.2857142857142857,90
FENG,-0.020647457618914605,0.0,0.0,0.0,0.0,0.0,-0.015485593214185953,0.2857142857142857,76
FNWD,0.40389386624344203,0.0,0.0,0.0,0.2530284142549764,0.0,0.36617750324632564,0.2857142857142857,88
FORM,0.3508556896871517,0.0,0.0,0.0,-0.02663142827109129,0.0,0.256483910197591,0.2857142857142857,90
FPH,0.31672708185394255,0.0,0.0,0.0,-0.08749499808169685,0.0,0.2156715618700327,0.2857142857142857,90
FTHY,0.13598841284581448,0.0,0.0,0.0,-0.056837680234813046,0.0,0.08778188957565759,0.2857142857142857,90
GCTS,0.14220848135614927,0.0,0.0,0.0,0.26781620527860994,0.0,0.17361041233676447,0.2857142857142857,89
GENI,0.09647027014927943,0.0,0.0,0.0,-0.5111396484297078,0.0,-0.055432209495467406,0.2857142857142857,90
GH,0.482957976665593,0.0,0.0,0.0,0.2798517871927389,0.0,0.43218142929737946,0.2857142857142857,90
GIGGW,0.0977383839370877,0.0,0.0,0.0,-0.9563578732287397,0.0,-0.16578568035436916,0.2857142857142857,89
GIL,0.20308038910199053,0.0,0.0,0.0,-0.1503276986997046,0.0,0.11472836715156672,0.2857142857142857,90
GJS,0.1820327828258902,0.0,0.0,0.0,0.0,0.0,0.13652458711941765,0.2857142857142857,82
GL,0.10321707983495355,0.0,0.0,0.0,-0.08858017155296452,0.0,0.05526776698797403,0.2857142857142857,90
GRMN,0.12102080964277771,0.0,0.0,0.0,-0.14229498135449492,0.0,0.055191861893459544,0.2857142857142857,90
GWH,0.1529599438655053,0.0,0.0,0.0,-0.9700986431684104,0.0,-0.1278047028929737,0.2857142857142857,90
HOUS,0.3837954235429025,0.0,0.0,0.0,-0.03555812482017443,0.0,0.2789570364521333,0.2857142857142857,90
HUMA,0.0404867267591254,0.0,0.0,0.0,-0.08418843491867385,0.0,0.009317936339675587,0.2857142857142857,90
IBAC,0.023525587845623377,0.0,0.0,0.0,0.0,0.0,0.017644190884217533,0.2857142857142857,76
IDYA,0.3557732649018138,0.0,0.0,0.0,0.20292443784343372,0.0,0.31756105813721885,0.2857142857142857,90
IMUX,0.11282125112980612,0.0,0.0,0.0,-0.01475233700396853,0.0,0.08092785409636245,0.2857142857142857,90
JFBR,0.05055592972972827,0.0,0.0,0.0,-0.5457054096481146,0.0,-0.09850940511473248,0.2857142857142857,89
JSPRW,0.29989188775893,0.0,0.0,0.0,0.0,0.0,0.22491891581919748,0.2857142857142857,82
AGNCL,0.1342139060986406,0.0,0.0,0.0,-0.034679964312746676,0.0,0.09199043849579377,0.2857142857142857,86
AISP,0.12005747213316675,0.0,0.0,0.0,-0.4822766394550499,0.0,-0.030526055763887425,0.2857142857142857,90
AKBA,0.11154680113180807,0.0,0.0,0.0,-0.43826837048220096,0.0,-0.025906991771694202,0.2857142857142857,90
AMBP,0.23589620209879109,0.0,0.0,0.0,0.14500679193512275,0.0,0.21317384955787402,0.2857142857142857,90
APD,0.21866359813829325,0.0,0.0,0.0,-0.1851576785449506,0.0,0.11770827896748227,0.2857142857142857,90
AQST,0.23273392606319968,0.0,0.0,0.0,0.4661918195751406,0.0,0.29109839944118493,0.2857142857142857,90
ASLE,0.10631470926605059,0.0,0.0,0.0,0.10083656891350111,0.0,0.10494517417791323,0.2857142857142857,90
AVT,0.055551693010119,0.0,0.0,0.0,-0.15909897064162895,0.0,0.0018890270971820072,0.2857142857142857,90
BFS,0.17391775414568658,0.0,0.0,0.0,0.13538956983100237,0.0,0.16428570806701553,0.2857142857142857,90
BKNG,0.12211200003797797,0.0,0.0,0.0,-0.3629897157861974,0.0,0.0008365710819341206,0.2857142857142857,90
BLX,0.1828634628840983,0.0,0.0,0.0,0.013039288145456627,0.0,0.1404074191994379,0.2857142857142857,90
BMY,0.30402128374548504,0.0,0.0,0.0,-0.2853371578508077,0.0,0.15668167334641184,0.2857142857142857,90
BTMD,0.1322634111041167,0.0,0.0,0.0,-0.3439160326074091,0.0,0.013218550176235246,0.2857142857142857,90
BVFL,0.31905526109060856,0.0,0.0,0.0,0.011868878830555887,0.0,0.24225866552559538,0.2857142857142857,88
CAPT,0.2969971417296549,0.0,0.0,0.0,-0.3655484611571817,0.0,0.13136074100794573,0.2857142857142857,88
CGNT,0.18730339965295933,0.0,0.0,0.0,-0.3535674251824751,0.0,0.052085693444100724,0.2857142857142857,90
CIVI,0.1193925359903561,0.0,0.0,0.0,-0.005274212697739433,0.0,0.08822584881833222,0.2857142857142857,90
CLDI,0.1785215333130624,0.0,0.0,0.0,-0.2859202757201663,0.0,0.062411081054755214,0.2857142857142857,89
DTSS,0.14870744204125688,0.0,0.0,0.0,-0.784886061916345,0.0,-0.08469093394814363,0.2857142857142857,87
ECPG,0.33719900545421827,0.0,0.0,0.0,-0.11023990056438895,0.0,0.22533927894956646,0.2857142857142857,90
ELTX,0.14715337404944537,0.0,0.0,0.0,-0.5028561121515226,0.0,-0.015348997500796645,0.2857142857142857,89
EPAC,0.06709011767968392,0.0,0.0,0.0,-0.16822601812256308,0.0,0.00826108372912217,0.2857142857142857,90
EQR,0.10225716491213499,0.0,0.0,0.0,-0.025726204445984013,0.0,0.07026132257260524,0.2857142857142857,90
FCT,0.09812706434962368,0.0,0.0,0.0,-0.007865595520153229,0.0,0.07162889938217946,0.2857142857142857,90
FET,0.3227789864168801,0.0,0.0,0.0,0.17199194784070704,0.0,0.28508222677283684,0.2857142857142857,90
FLG,0.13439165762268,0.0,0.0,0.0,-0.06539884444523099,0.0,0.08444403210570224,0.2857142857142857,90
GE,0.23488575656169175,0.0,0.0,0.0,-0.054441359510536434,0.0,0.1625539775436347,0.2857142857142857,90
GEO,0.10687347782943692,0.0,0.0,0.0,0.11268806316582909,0.0,0.10832712416353496,0.2857142857142857,90
GIBO,0.155916393370286,0.0,0.0,0.0,0.7892215480321382,0.0,0.31424268203574907,0.2857142857142857,88
HSII,0.3045716587355459,0.0,0.0,0.0,0.011940749398144266,0.0,0.2314139314011955,0.2857142857142857,90
HTZ,0.22810683730144288,0.0,0.0,0.0,-0.661171937980046,0.0,0.005787143481070623,0.2857142857142857,90
HYT,0.08353636680578769,0.0,0.0,0.0,-0.06347387139573696,0.0,0.04678380725540652,0.2857142857142857,90
INAB,0.18900778838148669,0.0,0.0,0.0,-0.16271970050113468,0.0,0.10107591616083132,0.2857142857142857,89
INTU,0.07265147682036038,0.0,0.0,0.0,0.003921910404300654,0.0,0.05546908521634545,0.2857142857142857,90
INVE,0.11709808226873522,0.0,0.0,0.0,-0.3074072606906585,0.0,0.010971746528886788,0.2857142857142857,89
JAMF,0.3472923022259722,0.0,0.0,0.0,0.0,0.0,0.26046922666947914,0.2857142857142857,90
ACT,0.27256610735950626,0.0,0.0,0.0,-0.0006650703994154047,0.0,0.20425831291977584,0.2857142857142857,90
AEHL,0.08165397324876555,0.0,0.0,0.0,-0.3438241603314574,0.0,-0.024715560146290196,0.2857142857142857,89
AIRJW,0.09442199252051724,0.0,0.0,0.0,0.0,0.0,0.07081649439038792,0.2857142857142857,82
ALLY,0.1038601361427056,0.0,0.0,0.0,-0.09916283311813476,0.0,0.0531043938274955,0.2857142857142857,90
AMPG,0.1841223424986222,0.0,0.0,0.0,0.6031687894465678,0.0,0.28888395423560864,0.2857142857142857,90
ARBE,0.10819840355522257,0.0,0.0,0.0,-0.6028895635619976,0.0,-0.06957358822408251,0.2857142857142857,90
ASC,0.32796238040692227,0.0,0.0,0.0,0.07593625106829216,0.0,0.26495584807226474,0.2857142857142857,90
AUPH,0.3994933268508241,0.0,0.0,0.0,-0.014753027879677146,0.0,0.2959317381681988,0.2857142857142857,90
AUUDW,0.031017344255279987,0.0,0.0,0.0,0.0,0.0,0.023263008191459992,0.2857142857142857,77
BALL,0.13952918432515912,0.0,0.0,0.0,-0.03389769209467049,0.0,0.09617246522020172,0.2857142857142857,90
BBD,0.27435248959147956,0.0,0.0,0.0,-0.18820557017559963,0.0,0.15871297464970976,0.2857142857142857,90
BCO,0.1577889814698338,0.0,0.0,0.0,-0.15756707622337845,0.0,0.07894996704653073,0.2857142857142857,90
BGR,0.24620777694312274,0.0,0.0,0.0,-0.14860281854764265,0.0,0.1475051280704314,0.2857142857142857,90
BKU,0.2656556915022114,0.0,0.0,0.0,0.03538345242509304,0.0,0.2080876317329318,0.2857142857142857,90
BLW,0.13679622765711852,0.0,0.0,0.0,-0.06809260034558354,0.0,0.085574020656443,0.2857142857142857,89
BMBL,0.09426344748680504,0.0,0.0,0.0,-0.43651268106170005,0.0,-0.03843058465032125,0.2857142857142857,90
CAPN,0.18262322662425906,0.0,0.0,0.0,0.0,0.0,0.1369674199681943,0.2857142857142857,82
CBRE,0.16787522797938628,0.0,0.0,0.0,-0.039694100118258864,0.0,0.11598289595497499,0.2857142857142857,90
CHAI,0.0956159289730607,0.0,0.0,0.0,-0.8363165241660798,0.0,-0.13736718431172448,0.2857142857142857,90
CHE,0.14218688994436307,0.0,0.0,0.0,-0.1812162118602716,0.0,0.0613361144932044,0.2857142857142857,90
CINGW,-0.029557741928654954,0.0,0.0,0.0,0.0,0.0,-0.022168306446491214,0.2857142857142857,76
COLM,0.08579769649119166,0.0,0.0,0.0,-0.37113225619862134,0.0,-0.028434791681261593,0.2857142857142857,90
COO,0.19708216215555044,0.0,0.0,0.0,0.03030852866977263,0.0,0.155388753784106,0.2857142857142857,90
COOK,0.07921534571627101,0.0,0.0,0.0,-0.6556454147738251,0.0,-0.10449984440625304,0.2857142857142857,90
CRVS,0.35006049211751383,0.0,0.0,0.0,0.5121390167767447,0.0,0.39058012328232156,0.2857142857142857,90
CSV,0.09196113598829783,0.0,0.0,0.0,-0.020588175607538436,0.0,0.06382380808933877,0.2857142857142857,89
CTMX,0.34994491621498186,0.0,0.0,0.0,-0.27750243874947733,0.0,0.19308307747386708,0.2857142857142857,90
CVAC,0.18102650275601187,0.0,0.0,0.0,-0.07043819096050917,0.0,0.1181603293268816,0.2857142857142857,90
CWCO,0.1999183712564794,0.0,0.0,0.0,-0.26597281081878055,0.0,0.08344557573766441,0.2857142857142857,90
CXE,0.1679033817891144,0.0,0.0,0.0,-0.0728151961281179,0.0,0.10772373730980632,0.2857142857142857,89
DFLIW,0.19812572331168268,0.0,0.0,0.0,0.0,0.0,0.14859429248376202,0.2857142857142857,87
EBMT,0.21040557041361277,0.0,0.0,0.0,-0.09027857541246247,0.0,0.13523453395709398,0.2857142857142857,89
EIC,0.12102010763140929,0.0,0.0,0.0,-0.30672908170106766,0.0,0.014082810298290034,0.2857142857142857,90
ELWS,0.3768423197947445,0.0,0.0,0.0,0.2110649744411717,0.0,0.3353979834563513,0.2857142857142857,89
ERNA,0.2793037880312418,0.0,0.0,0.0,-0.41701976095489757,0.0,0.10522290078470693,0.2857142857142857,89
EZGO,0.14786728571969754,0.0,0.0,0.0,-0.9731017809481157,0.0,-0.13237498094725583,0.2857142857142857,90
FND,0.09743671085950552,0.0,0.0,0.0,-0.32512131856716064,0.0,-0.008202796497161035,0.2857142857142857,90
GCL,0.04766932385240869,0.0,0.0,0.0,-0.4222692056944155,0.0,-0.06981530853429738,0.2857142857142857,89
GDRX,0.0409053740230448,0.0,0.0,0.0,-0.5567140506111672,0.0,-0.10849948213550821,0.2857142857142857,90
GEVO,0.11575358558838879,0.0,0.0,0.0,-0.12466142844608219,0.0,0.05564983207977104,0.2857142857142857,90
GMED,0.4368957690934716,0.0,0.0,0.0,-0.008337110306147243,0.0,0.3255875492435669,0.2857142857142857,90
GRRR,0.1716448002198276,0.0,0.0,0.0,0.43395254328615773,0.0,0.23722173598641014,0.2857142857142857,90
GXAI,0.05592776280813227,0.0,0.0,0.0,-0.7355742447571982,0.0,-0.14194773908320038,0.2857142857142857,89
IMPPP,0.2785296352140707,0.0,0.0,0.0,0.06040238513340316,0.0,0.2239978226939038,0.2857142857142857,83
JMSB,0.24110658023429068,0.0,0.0,0.0,-0.08014899856968925,0.0,0.1607926855332957,0.2857142857142857,88
ACGLN,0.09464156295922839,0.0,0.0,0.0,-0.00288349835199851,0.0,0.07026029763142166,0.2857142857142857,89
ACON,0.03726092114532231,0.0,0.0,0.0,0.0,0.0,0.027945690858991734,0.2857142857142857,87
ACU,0.037054105597568505,0.0,0.0,0.0,0.0,0.0,0.027790579198176377,0.2857142857142857,87
AEI,0.21218287578314074,0.0,0.0,0.0,-0.29833624997754543,0.0,0.08455309434296918,0.2857142857142857,88
AFB,0.16827107490135107,0.0,0.0,0.0,-0.04773439556243084,0.0,0.11426970728540557,0.2857142857142857,90
AKRO,0.26614975886803055,0.0,0.0,0.0,0.011067616690128741,0.0,0.2023792233235551,0.2857142857142857,90
AMBR,0.02908252419067524,0.0,0.0,0.0,-0.7235390256336116,0.0,-0.1590728632653965,0.2857142857142857,89
AMPGW,-0.0034074467408339317,0.0,0.0,0.0,0.0,0.0,-0.0025555850556254487,0.2857142857142857,82
ASM,0.1895256696413097,0.0,0.0,0.0,-0.09935631655912032,0.0,0.1173051730912022,0.2857142857142857,90
ASUR,0.20274087538936378,0.0,0.0,0.0,-0.07366704282721129,0.0,0.13363889583522,0.2857142857142857,90
ATHS,0.21398769406286408,0.0,0.0,0.0,-0.0019685013943555856,0.0,0.15999864519855916,0.2857142857142857,89
BKKT,0.13646877340454047,0.0,0.0,0.0,-0.37730314506504636,0.0,0.008025793787143744,0.2857142857142857,90
BMN,0.11970537930291338,0.0,0.0,0.0,0.01621917772272321,0.0,0.09383382890786583,0.2857142857142857,89
BNY,0.15137950674423384,0.0,0.0,0.0,-0.03436759900331311,0.0,0.1049427303073471,0.2857142857142857,89
BPOPM,0.07524226853636154,0.0,0.0,0.0,0.0,0.0,0.056431701402271155,0.2857142857142857,76
BRLS,0.1019690499549015,0.0,0.0,0.0,-0.460996124141349,0.0,-0.03877224356916114,0.2857142857142857,86
BROS,0.0808725623788285,0.0,0.0,0.0,-0.4339295429124504,0.0,-0.047827963943991234,0.2857142857142857,90
BSLKW,-0.03432683632762382,0.0,0.0,0.0,0.0,0.0,-0.025745127245717866,0.2857142857142857,73
BTSGU,0.06610259791104624,0.0,0.0,0.0,0.0,0.0,0.049576948433284675,0.2857142857142857,76
CBOE,0.39810656924768767,0.0,0.0,0.0,-0.10576093615072173,0.0,0.2721396928980853,0.2857142857142857,90
CCO,0.20270674181740617,0.0,0.0,0.0,-0.31757462368997696,0.0,0.07263640044056038,0.2857142857142857,90
CECO,0.3048496447525514,0.0,0.0,0.0,0.14762912568070305,0.0,0.2655445149845893,0.2857142857142857,90
CHRD,0.2250097060081473,0.0,0.0,0.0,0.03525874671815857,0.0,0.1775719661856501,0.2857142857142857,90
CLAR,0.14832955458887376,0.0,0.0,0.0,-0.08214977914993386,0.0,0.09070972115417185,0.2857142857142857,90
CRDF,0.06069071137125006,0.0,0.0,0.0,-0.31591511983911885,0.0,-0.033460746431342184,0.2857142857142857,90
CUBWW,0.009776266460054169,0.0,0.0,0.0,0.0,0.0,0.007332199845040626,0.2857142857142857,76
CWH,0.09234832970627288,0.0,0.0,0.0,-0.6163522094647385,0.0,-0.08482680508647998,0.2857142857142857,90
DFLI,0.15639649180030407,0.0,0.0,0.0,-0.4164860283897769,0.0,0.01317586175278382,0.2857142857142857,90
DPRO,0.17030810929805137,0.0,0.0,0.0,-0.07228748457410418,0.0,0.1096592108300125,0.2857142857142857,90
ENVA,0.27511837178485643,0.0,0.0,0.0,-0.2469495813615851,0.0,0.14460138349824606,0.2857142857142857,90
EQT,0.3434057511557696,0.0,0.0,0.0,-0.10916141645464371,0.0,0.23026395925316626,0.2857142857142857,90
ETN,0.11778977834536211,0.0,0.0,0.0,-0.11707614088289253,0.0,0.05907329853829845,0.2857142857142857,90
EVR,0.20836376324520056,0.0,0.0,0.0,-0.020878219780913233,0.0,0.15105326748867212,0.2857142857142857,90
FCF,0.12269426978103554,0.0,0.0,0.0,-0.09435570237798895,0.0,0.06843177674127941,0.2857142857142857,90
FCNCA,0.2684834869121196,0.0,0.0,0.0,0.01002050026421189,0.0,0.20386774025014265,0.2857142857142857,89
FGNXP,0.21517751540606303,0.0,0.0,0.0,0.0,0.0,0.16138313655454728,0.2857142857142857,82
FMN,0.23950562600506398,0.0,0.0,0.0,-0.01780755633195354,0.0,0.1751773304208096,0.2857142857142857,89
GLDD,0.31647966132495925,0.0,0.0,0.0,-0.26703794195313335,0.0,0.17060026050543609,0.2857142857142857,90
HFBL,0.08684022541069944,0.0,0.0,0.0,0.0,0.0,0.06513016905802459,0.2857142857142857,76
HIFS,0.06584682145594159,0.0,0.0,0.0,-0.3460932086961144,0.0,-0.037138186082072415,0.2857142857142857,89
HLF,0.3820241127078783,0.0,0.0,0.0,-0.105648812676438,0.0,0.2601058813617992,0.2857142857142857,90
ABLLL,0.14885920559960703,0.0,0.0,0.0,-0.08427897358973424,0.0,0.09057466080227171,0.2857142857142857,89
ACHR,0.12498899486711791,0.0,0.0,0.0,-0.2932119967793164,0.0,0.02043874695550932,0.2857142857142857,90
AIRE,0.1402793013873672,0.0,0.0,0.0,-0.45255002417805607,0.0,-0.007928030003988647,0.2857142857142857,90
AMAL,0.2738503854924273,0.0,0.0,0.0,-0.0287586983558057,0.0,0.19819811453036904,0.2857142857142857,90
ATEC,0.404305619399936,0.0,0.0,0.0,-0.14493941987044173,0.0,0.2669943595823416,0.2857142857142857,90
ATR,0.12111126425720228,0.0,0.0,0.0,-0.08841510523146617,0.0,0.06872967188503518,0.2857142857142857,90
ATXS,0.25687485190889503,0.0,0.0,0.0,0.00804487873105172,0.0,0.1946673586144342,0.2857142857142857,90
AZI,0.2240892429792298,0.0,0.0,0.0,0.07650117787973185,0.0,0.1871922267043553,0.2857142857142857,90
AZTA,0.13358237493765995,0.0,0.0,0.0,0.025086739292881893,0.0,0.10645846602646544,0.2857142857142857,90
BBY,0.11773832554520429,0.0,0.0,0.0,-0.1179182689723302,0.0,0.058824176915820654,0.2857142857142857,90
BGSF,0.17376419647345184,0.0,0.0,0.0,-0.10506983024882781,0.0,0.10405568979288193,0.2857142857142857,89
BIPI,0.21453104444110516,0.0,0.0,0.0,-0.04563039132498181,0.0,0.14949068549958341,0.2857142857142857,87
BKN,0.11829759650516282,0.0,0.0,0.0,-0.07724519237228167,0.0,0.0694118992858017,0.2857142857142857,89
BOOM,0.11050500799338439,0.0,0.0,0.0,-0.2822290488495277,0.0,0.012321493782656361,0.2857142857142857,90
BPOP,0.15143118630228156,0.0,0.0,0.0,-0.07893976209203096,0.0,0.09383844920370342,0.2857142857142857,90
BZFDW,-0.09402634287945812,0.0,0.0,0.0,0.0,0.0,-0.07051975715959359,0.2857142857142857,73
CGAU,0.2913818875055544,0.0,0.0,0.0,-0.07189221729550628,0.0,0.2005633613052892,0.2857142857142857,90
CIA,0.31090519453305226,0.0,0.0,0.0,0.03507332699348168,0.0,0.2419472276481596,0.2857142857142857,90
CMG,0.07839535723549258,0.0,0.0,0.0,-0.06204190658914055,0.0,0.043286041279334296,0.2857142857142857,90
CNR,0.21161717972208763,0.0,0.0,0.0,-0.25742535720117704,0.0,0.09435654549127145,0.2857142857142857,90
CODA,0.1374433463308547,0.0,0.0,0.0,-0.03985617643415064,0.0,0.09311846563960337,0.2857142857142857,89
CTRN,0.39887488600952026,0.0,0.0,0.0,-0.02619814664355729,0.0,0.2926066278462509,0.2857142857142857,89
CVI,0.2298517285577349,0.0,0.0,0.0,-0.09385514817882729,0.0,0.14892500937359435,0.2857142857142857,90
DDOG,0.37078269239365047,0.0,0.0,0.0,-0.25301798786997315,0.0,0.21483252232774455,0.2857142857142857,90
DQ,0.35431595051625525,0.0,0.0,0.0,-0.08029379982635611,0.0,0.2456635129306024,0.2857142857142857,90
DV,0.11050907238055689,0.0,0.0,0.0,-0.080929487864784,0.0,0.06264943231922167,0.2857142857142857,90
EA,0.27706469855390564,0.0,0.0,0.0,0.004966928805867201,0.0,0.20904025611689603,0.2857142857142857,90
ECOR,0.24896811616425427,0.0,0.0,0.0,-0.6237826864708274,0.0,0.03078041550548383,0.2857142857142857,89
EVN,0.15270944780736517,0.0,0.0,0.0,-0.13384200768490068,0.0,0.08107158393429871,0.2857142857142857,89
FLUT,0.06584619002522023,0.0,0.0,0.0,-0.18871729972195883,0.0,0.002205317588425453,0.2857142857142857,90
GLBE,0.23046945269138408,0.0,0.0,0.0,-0.03716021004639417,0.0,0.16356203700693953,0.2857142857142857,90
GOOG,0.4633327586351444,0.0,0.0,0.0,0.24354585120034952,0.0,0.40838603177644567,0.2857142857142857,90
GOSS,0.3718060833784481,0.0,0.0,0.0,0.8558027155778727,0.0,0.4928052414283043,0.2857142857142857,90
GRCE,0.17150690412817776,0.0,0.0,0.0,0.04914071529696635,0.0,0.14091535692037493,0.2857142857142857,89
GSUN,0.10328844118826612,0.0,0.0,0.0,-0.6721237307264615,0.0,-0.09056460179041581,0.2857142857142857,89
GTLS,0.3474695322340398,0.0,0.0,0.0,0.00540402501582655,0.0,0.2619531554294865,0.2857142857142857,90
HITI,0.09425987544665429,0.0,0.0,0.0,-0.27174374908129156,0.0,0.00275896931466782,0.2857142857142857,90
HSDT,0.12318885934771269,0.0,0.0,0.0,-0.8253811947226807,0.0,-0.11395365416988568,0.2857142857142857,89
IBO,0.10666602343805046,0.0,0.0,0.0,-0.7966172920414634,0.0,-0.11915480543182802,0.2857142857142857,87
INVA,0.44892873280039325,0.0,0.0,0.0,-0.2011844335310183,0.0,0.2864004412175404,0.2857142857142857,90
INVZ,0.12850773182736805,0.0,0.0,0.0,-0.3654933736385191,0.0,0.005007455460896247,0.2857142857142857,90
ABOS,0.12955074320928095,0.0,0.0,0.0,-0.5983722781099544,0.0,-0.05243001212052791,0.2857142857142857,90
ABSI,0.13505363889883581,0.0,0.0,0.0,0.4178428779698644,0.0,0.20575094866659296,0.2857142857142857,90
AGAE,0.0811543673936684,0.0,0.0,0.0,-0.45996477594911606,0.0,-0.054125418442027735,0.2857142857142857,88
AIRG,0.2031644389240867,0.0,0.0,0.0,0.9173951208876566,0.0,0.38172210941497925,0.2857142857142857,89
ASTC,0.10046675525972414,0.0,0.0,0.0,0.0,0.0,0.0753500664447931,0.2857142857142857,88
ATLX,0.310764889569955,0.0,0.0,0.0,0.8947990023258467,0.0,0.45677341775892794,0.2857142857142857,90
BATRK,0.13687431407450742,0.0,0.0,0.0,-0.04989368576260481,0.0,0.09018231411522935,0.2857142857142857,90
BDMD,0.16937952573201076,0.0,0.0,0.0,0.4093104414564394,0.0,0.2293622546631179,0.2857142857142857,89
BEAGU,-0.005847434022784817,0.0,0.0,0.0,0.0,0.0,-0.004385575517088613,0.2857142857142857,76
BEEP,0.12030609901828189,0.0,0.0,0.0,-0.4489493954059738,0.0,-0.022007774587782043,0.2857142857142857,89
BFIN,0.1264340770698718,0.0,0.0,0.0,-0.11344468553618843,0.0,0.06646438641835675,0.2857142857142857,89
BXC,0.03680531823519989,0.0,0.0,0.0,-0.09609892173841977,0.0,0.0035792582417949717,0.2857142857142857,89
CADL,0.07304849961283602,0.0,0.0,0.0,-0.18290218084967313,0.0,0.009060829497208727,0.2857142857142857,90
CAMT,0.19037394772056263,0.0,0.0,0.0,0.010284090337181301,0.0,0.1453514833747173,0.2857142857142857,90
CASS,0.2714889948617812,0.0,0.0,0.0,-0.19068272928821756,0.0,0.15594606382428147,0.2857142857142857,89
CCSB,0.0352994767705375,0.0,0.0,0.0,0.0,0.0,0.026474607577903122,0.2857142857142857,78
CDP,0.3637855793815533,0.0,0.0,0.0,0.1583236563743703,0.0,0.31242009862975756,0.2857142857142857,90
CGBD,0.0772386268703268,0.0,0.0,0.0,-0.07929781718279302,0.0,0.03810451585704684,0.2857142857142857,90
CHRS,0.14859849481722995,0.0,0.0,0.0,-0.30950692121263873,0.0,0.034072140809762765,0.2857142857142857,90
CHSCO,0.10807417935918907,0.0,0.0,0.0,-0.06648094195083507,0.0,0.06443539903168304,0.2857142857142857,87
CLRB,0.14705607771710458,0.0,0.0,0.0,-0.07783186439848964,0.0,0.09083409218820601,0.2857142857142857,89
CLSD,0.1871815828862982,0.0,0.0,0.0,-0.8501086579679353,0.0,-0.07214097732726023,0.2857142857142857,88
CMBT,0.3285789325503213,0.0,0.0,0.0,0.11990232519120682,0.0,0.2764097807105427,0.2857142857142857,90
CNI,0.1345856586590273,0.0,0.0,0.0,-0.1568294009792296,0.0,0.061731893749463064,0.2857142857142857,90
CNMD,0.08908007566927437,0.0,0.0,0.0,-0.307690692667746,0.0,-0.010112616414980737,0.2857142857142857,90
CRK,0.3854796855744237,0.0,0.0,0.0,-0.13982458238954826,0.0,0.2541536185834307,0.2857142857142857,90
CVGI,0.23130704829450027,0.0,0.0,0.0,0.11388289041781854,0.0,0.20195100882532985,0.2857142857142857,90
CVLG,0.08168844683750455,0.0,0.0,0.0,-0.23989645080313132,0.0,0.0012922224273455715,0.2857142857142857,90
CYH,0.1844695521640734,0.0,0.0,0.0,-0.5731316113286533,0.0,-0.004930738709108291,0.2857142857142857,90
DFSC,0.17490316755332747,0.0,0.0,0.0,0.14695453480934578,0.0,0.16791600936733206,0.2857142857142857,89
DHC,0.33894427883195144,0.0,0.0,0.0,-0.25621617659802143,0.0,0.1901541649744582,0.2857142857142857,90
DTF,0.16114115497168113,0.0,0.0,0.0,-0.059141428087547465,0.0,0.10607050920687398,0.2857142857142857,86
DX,0.20715073737586723,0.0,0.0,0.0,-0.08583731165595895,0.0,0.13390372511791068,0.2857142857142857,90
ECF,0.19301222098672877,0.0,0.0,0.0,-0.19484495128878743,0.0,0.0960479279178497,0.2857142857142857,89
FARM,0.16369437228223463,0.0,0.0,0.0,0.21542667772959795,0.0,0.17662744864407545,0.2857142857142857,89
FLO,0.09043745455301241,0.0,0.0,0.0,-0.33144375782773694,0.0,-0.015032848542174933,0.2857142857142857,90
FMY,0.14730180510328497,0.0,0.0,0.0,-0.02489112306718179,0.0,0.10425357306066828,0.2857142857142857,87
FOUR,0.1128827048560135,0.0,0.0,0.0,-0.43586040327764025,0.0,-0.024303072177399954,0.2857142857142857,90
GOTU,0.08667278705626151,0.0,0.0,0.0,-0.3474980991212185,0.0,-0.021869934488108495,0.2857142857142857,90
GRX,0.2107422667162836,0.0,0.0,0.0,0.0,0.0,0.1580567000372127,0.2857142857142857,88
HESM,0.04210072068709805,0.0,0.0,0.0,-0.15876630634683084,0.0,-0.008116036071384178,0.2857142857142857,90
HSPOU,0.19590865205154623,0.0,0.0,0.0,0.0,0.0,0.14693148903865969,0.2857142857142857,83
INO,0.1345132909596315,0.0,0.0,0.0,-0.42941864924869677,0.0,-0.006469694092450588,0.2857142857142857,90
IOBT,0.07143881453161081,0.0,0.0,0.0,-0.27617580484554294,0.0,-0.015464840312677636,0.2857142857142857,90
ISPC,0.044237347333187974,0.0,0.0,0.0,-0.7510513678737187,0.0,-0.15458483146853874,0.2857142857142857,89
JBL,0.13459115994505402,0.0,0.0,0.0,-0.040881560163753466,0.0,0.09072297991785215,0.2857142857142857,90
JPM,0.23929605983452568,0.0,0.0,0.0,-0.09922953886040158,0.0,0.1546646601607939,0.2857142857142857,90
ADXN,0.06287778667171999,0.0,0.0,0.0,0.0,0.0,0.04715834000378999,0.2857142857142857,77
AMC,0.07351725980038451,0.0,0.0,0.0,-0.4295964626217942,0.0,-0.05226117080516018,0.2857142857142857,90
ARBEW,0.06885091313891706,0.0,0.0,0.0,0.0,0.0,0.051638184854187794,0.2857142857142857,76
BMEA,0.05023496516393104,0.0,0.0,0.0,-0.6482073390425864,0.0,-0.12437561088769834,0.2857142857142857,90
BSLK,0.070525510717487,0.0,0.0,0.0,-0.7480824286440504,0.0,-0.13412647412289738,0.2857142857142857,90
CDLX,0.09480624491927941,0.0,0.0,0.0,-0.6433618877846151,0.0,-0.08973578825669425,0.2857142857142857,90
CEE,-0.029703212521414644,0.0,0.0,0.0,-0.25085883618479,0.0,-0.0849921184372585,0.2857142857142857,83
CHWY,0.1080893093740409,0.0,0.0,0.0,0.10855826717871866,0.0,0.10820654882521034,0.2857142857142857,90
CLWT,-0.012888723352978132,0.0,0.0,0.0,0.0,0.0,-0.0096665425147336,0.2857142857142857,76
CNX,0.34899128891040365,0.0,0.0,0.0,0.03127380257672036,0.0,0.2695619173269828,0.2857142857142857,90
CRNT,0.13405557390242892,0.0,0.0,0.0,-0.3588687813420611,0.0,0.01082448509130639,0.2857142857142857,90
CRVO,0.27045180477997244,0.0,0.0,0.0,0.6795307438889676,0.0,0.37272153955722126,0.2857142857142857,89
CSGP,0.08233040445619305,0.0,0.0,0.0,-0.18105965771686167,0.0,0.01648288891292937,0.2857142857142857,90
CZNC,0.30489650330518,0.0,0.0,0.0,0.023096507767631405,0.0,0.23444650442079282,0.2857142857142857,89
EDF,0.11376146653918179,0.0,0.0,0.0,-0.05589285723796637,0.0,0.07134788559489474,0.2857142857142857,89
EOLS,0.25982994848455554,0.0,0.0,0.0,-0.3721277100700226,0.0,0.10184053384591099,0.2857142857142857,90
ESLAW,0.06213516832193791,0.0,0.0,0.0,0.0,0.0,0.046601376241453434,0.2857142857142857,76
ETO,0.15528883546279815,0.0,0.0,0.0,-0.1517557515926062,0.0,0.07852768869894707,0.2857142857142857,88
EVV,0.10875333828043413,0.0,0.0,0.0,-0.04228437865155196,0.0,0.07099390904743762,0.2857142857142857,90
FAX,0.1047471947107711,0.0,0.0,0.0,-0.00327009952738012,0.0,0.0777428711512333,0.2857142857142857,90
FCAP,-0.01835848308355811,0.0,0.0,0.0,0.0,0.0,-0.013768862312668582,0.2857142857142857,76
FCUV,0.13694116971886808,0.0,0.0,0.0,-0.5177409287288055,0.0,-0.026729354893050342,0.2857142857142857,88
FGBI,0.11979278730297235,0.0,0.0,0.0,-0.8309004333514175,0.0,-0.11788051786062513,0.2857142857142857,86
FLL,0.15482703944203074,0.0,0.0,0.0,-0.17175008729053062,0.0,0.0731827577588904,0.2857142857142857,90
FRGE,0.5458077179482482,0.0,0.0,0.0,-0.011319416898433915,0.0,0.4065259342365777,0.2857142857142857,89
FTAI,0.21840980027494206,0.0,0.0,0.0,0.3732622769007834,0.0,0.2571229194314024,0.2857142857142857,90
FUTU,0.21294871579637112,0.0,0.0,0.0,-0.36240189744629375,0.0,0.0691110624857049,0.2857142857142857,90
GLE,0.13920915285304752,0.0,0.0,0.0,-0.7070498735513235,0.0,-0.07235560374804527,0.2857142857142857,89
GP,0.05881704873680131,0.0,0.0,0.0,-0.4468594499932828,0.0,-0.06760207594571974,0.2857142857142857,88
GRFS,0.12181514198864692,0.0,0.0,0.0,-0.1004089214741832,0.0,0.0662591261229394,0.2857142857142857,90
GUTS,0.24246584419153586,0.0,0.0,0.0,0.7236085344137657,0.0,0.3627515167470933,0.2857142857142857,90
HNST,0.08985146666332675,0.0,0.0,0.0,0.01926543870346121,0.0,0.07220495967336037,0.2857142857142857,90
HRMY,0.3468598475945124,0.0,0.0,0.0,-0.14062635148971916,0.0,0.22498829782345448,0.2857142857142857,90
HSPO,0.10288124322132895,0.0,0.0,0.0,0.0,0.0,0.07716093241599671,0.2857142857142857,77
HWC,0.20124402766188842,0.0,0.0,0.0,-0.16223042044230834,0.0,0.11037541563583922,0.2857142857142857,90
IAUX,0.30768678839583874,0.0,0.0,0.0,0.3348303720773121,0.0,0.3144726843162071,0.2857142857142857,90
IHG,0.2611793754548215,0.0,0.0,0.0,-0.15947011070934553,0.0,0.15601700391377973,0.2857142857142857,90
INBX,0.49601860371601136,0.0,0.0,0.0,0.4856049173710327,0.0,0.4934151821297667,0.2857142857142857,90
JD,0.06440630032740637,0.0,0.0,0.0,-0.29092517360272246,0.0,-0.024426568155125856,0.2857142857142857,90
JELD,0.05338754545569557,0.0,0.0,0.0,-0.6542595854357084,0.0,-0.12352423726715543,0.2857142857142857,90
JOUT,0.14992648066206993,0.0,0.0,0.0,-0.17114028323329597,0.0,0.06965978968822846,0.2857142857142857,89
ABCB,0.1534080352654133,0.0,0.0,0.0,-0.035157917050922007,0.0,0.10626654718632947,0.2857142857142857,90
ABLVW,0.06701014275818176,0.0,0.0,0.0,0.0,0.0,0.05025760706863632,0.2857142857142857,83
ALFUW,0.2752407999582599,0.0,0.0,0.0,0.0,0.0,0.20643059996869492,0.2857142857142857,82
ALIT,0.1045305257573738,0.0,0.0,0.0,-0.5173300546974562,0.0,-0.05093461935633372,0.2857142857142857,90
ALTO,0.47909290691545503,0.0,0.0,0.0,0.43133726987558413,0.0,0.4671539976554873,0.2857142857142857,89
ANGHW,-0.017540031234511744,0.0,0.0,0.0,0.0,0.0,-0.013155023425883807,0.2857142857142857,73
AR,0.3101285914024595,0.0,0.0,0.0,0.10440637253879408,0.0,0.2586980366865432,0.2857142857142857,90
ARMK,0.12951179500494342,0.0,0.0,0.0,-0.22570697590831712,0.0,0.04070710227662828,0.2857142857142857,90
ARQT,0.4792977476953612,0.0,0.0,0.0,0.8030778652307438,0.0,0.5602427770792069,0.2857142857142857,90
ATGE,0.11298975694416148,0.0,0.0,0.0,-0.030105126481185577,0.0,0.07721603608782472,0.2857142857142857,90
ATHA,0.3574054332812144,0.0,0.0,0.0,0.1682366359997986,0.0,0.3101132339608605,0.2857142857142857,89
ATHM,0.05938631680405557,0.0,0.0,0.0,-0.24151254629804533,0.0,-0.01583839897146967,0.2857142857142857,90
ATLO,0.31500365512601736,0.0,0.0,0.0,-0.03532930518946964,0.0,0.2274204150471456,0.2857142857142857,88
AUUD,0.044373933286087214,0.0,0.0,0.0,-0.4256281972349944,0.0,-0.07312659934418321,0.2857142857142857,89
BCX,0.25709450625024943,0.0,0.0,0.0,-0.23260707227126481,0.0,0.13466911161987086,0.2857142857142857,90
BEPH,0.09413192900817485,0.0,0.0,0.0,-0.06024441769829452,0.0,0.0555378423315575,0.2857142857142857,88
BLE,0.15572162336760786,0.0,0.0,0.0,-0.06407559012744136,0.0,0.10077231999384556,0.2857142857142857,90
BRY,0.1575725749276265,0.0,0.0,0.0,-0.17024578189205877,0.0,0.07561798572270519,0.2857142857142857,90
BTDR,0.12031904667991586,0.0,0.0,0.0,-0.39965037400196046,0.0,-0.00967330849055323,0.2857142857142857,90
BYSI,0.2384069933969366,0.0,0.0,0.0,-0.17962781047494136,0.0,0.13389829242896711,0.2857142857142857,88
CBNA,0.12416305879943167,0.0,0.0,0.0,0.0,0.0,0.09312229409957375,0.2857142857142857,84
CHTR,0.09636061520719466,0.0,0.0,0.0,-0.25283545173277977,0.0,0.009061598472201048,0.2857142857142857,90
CLF,0.18565375818376775,0.0,0.0,0.0,0.3315616338233937,0.0,0.22213072709367424,0.2857142857142857,90
CODI,0.1041867205290527,0.0,0.0,0.0,-0.07371487078570145,0.0,0.05971132270036416,0.2857142857142857,90
CRBG,0.1376655652011682,0.0,0.0,0.0,-0.2032446886252392,0.0,0.052438001744566344,0.2857142857142857,90
CRGO,0.2001089157807991,0.0,0.0,0.0,-0.8663166871734573,0.0,-0.06649748495776504,0.2857142857142857,89
CTBB,0.1448637786508051,0.0,0.0,0.0,-0.13205630918589908,0.0,0.07563375669162904,0.2857142857142857,89
CVRX,0.21294174813934383,0.0,0.0,0.0,0.1703477813770705,0.0,0.2022932564487755,0.2857142857142857,90
DMLP,0.12956021153896868,0.0,0.0,0.0,-0.13207915867412875,0.0,0.06415036898569433,0.2857142857142857,89
EB,0.3056985759315322,0.0,0.0,0.0,-0.39726193328102977,0.0,0.1299584486283917,0.2857142857142857,90
EHI,0.21584115762489592,0.0,0.0,0.0,-0.007836830154355186,0.0,0.15992166068008315,0.2857142857142857,89
ETG,0.20583577293056105,0.0,0.0,0.0,-0.18358324542817572,0.0,0.10848101834087685,0.2857142857142857,89
EVH,0.09070571987757052,0.0,0.0,0.0,-0.6338878844716667,0.0,-0.09044268120973879,0.2857142857142857,90
EXLS,0.1223834738648552,0.0,0.0,0.0,-0.11860618161153753,0.0,0.062136059995757005,0.2857142857142857,90
FC,0.10416092456400512,0.0,0.0,0.0,-0.08784213708990235,0.0,0.05616015915052825,0.2857142857142857,90
FOSL,0.16766944745013235,0.0,0.0,0.0,-0.14256289379639311,0.0,0.09011136213850097,0.2857142857142857,90
GIS,0.18567377149084857,0.0,0.0,0.0,0.0311475048105156,0.0,0.14704220482076535,0.2857142857142857,90
GKOS,0.41567453248605185,0.0,0.0,0.0,0.24466292860077132,0.0,0.37292163151473173,0.2857142857142857,90
GNTA,0.19575927595974577,0.0,0.0,0.0,-0.8123529715632343,0.0,-0.05626878592099927,0.2857142857142857,87
GOOS,0.15458119441612156,0.0,0.0,0.0,-0.3665852733997769,0.0,0.024289577462146928,0.2857142857142857,90
GRNT,0.13196511759297624,0.0,0.0,0.0,-0.21721312544915372,0.0,0.044670556832443746,0.2857142857142857,90
HUN,0.2022587251723296,0.0,0.0,0.0,-0.1969369487585287,0.0,0.102459806689615,0.2857142857142857,90
HUT,0.2357633287149445,0.0,0.0,0.0,0.20808589036551428,0.0,0.22884396912758695,0.2857142857142857,90
HZO,0.11105398227536656,0.0,0.0,0.0,-0.07135422871680894,0.0,0.06545192952732269,0.2857142857142857,90
IAF,0.32589572183727034,0.0,0.0,0.0,-0.3010291181611748,0.0,0.16916451183765904,0.2857142857142857,88
ABBV,0.42562269350493787,0.0,0.0,0.0,0.01205331438224288,0.0,0.3222303487242641,0.2857142857142857,90
AEM,0.3455136953166015,0.0,0.0,0.0,-0.033310144535600945,0.0,0.2508077353535509,0.2857142857142857,90
ALF,0.3526878684270406,0.0,0.0,0.0,-0.011714553124893822,0.0,0.261587263039057,0.2857142857142857,82
ALG,0.1932987815061291,0.0,0.0,0.0,-0.2101636147841111,0.0,0.09243318243356904,0.2857142857142857,89
AMP,0.11959510248371238,0.0,0.0,0.0,-0.10374218131214029,0.0,0.06376078153474922,0.2857142857142857,90
ARQQ,0.11225224275482036,0.0,0.0,0.0,-0.05646794815520847,0.0,0.07007219502731316,0.2857142857142857,90
ASG,0.19346554772069868,0.0,0.0,0.0,-0.25634231467400326,0.0,0.08101358212202318,0.2857142857142857,90
AVGO,0.26543861208328956,0.0,0.0,0.0,0.20751761591963055,0.0,0.25095836304237484,0.2857142857142857,90
AVY,0.16940802526837065,0.0,0.0,0.0,-0.21678068475012002,0.0,0.07286084776374797,0.2857142857142857,90
AWF,0.14855634694248557,0.0,0.0,0.0,-0.044301361690476666,0.0,0.100341919784245,0.2857142857142857,90
AYI,0.13431702090659753,0.0,0.0,0.0,-0.06384405706503032,0.0,0.08477675141369057,0.2857142857142857,90
BACQU,-0.013671394586108436,0.0,0.0,0.0,0.0,0.0,-0.010253545939581327,0.2857142857142857,73
BAOS,0.021369388053786367,0.0,0.0,0.0,0.0,0.0,0.016027041040339775,0.2857142857142857,88
BAYAU,-0.013250004227372674,0.0,0.0,0.0,0.0,0.0,-0.009937503170529506,0.2857142857142857,73
BDC,0.0779662425117329,0.0,0.0,0.0,-0.12553139676001673,0.0,0.027091832693795486,0.2857142857142857,90
BHFAN,0.2079358306718671,0.0,0.0,0.0,-0.042088444331382736,0.0,0.14542976192105467,0.2857142857142857,88
BLND,0.16289732255827555,0.0,0.0,0.0,-0.08847771005532017,0.0,0.10005356440487662,0.2857142857142857,90
BRW,0.09174142141254228,0.0,0.0,0.0,-0.04898038211464524,0.0,0.0565609705307454,0.2857142857142857,89
BST,0.04416645585871543,0.0,0.0,0.0,-0.16886358816139566,0.0,-0.009091055146312347,0.2857142857142857,89
CGBDL,0.10479415805586494,0.0,0.0,0.0,0.0,0.0,0.0785956185418987,0.2857142857142857,84
CIMN,0.1408841357051746,0.0,0.0,0.0,-0.08320669863595673,0.0,0.08486142711989177,0.2857142857142857,86
COEPW,-0.031091138368167216,0.0,0.0,0.0,0.0,0.0,-0.023318353776125414,0.2857142857142857,78
COHR,0.4061757482574483,0.0,0.0,0.0,0.1171114188066977,0.0,0.3339096658947607,0.2857142857142857,90
DRH,0.3455349120154857,0.0,0.0,0.0,-0.10838948357805919,0.0,0.23205381311709947,0.2857142857142857,90
DSY,0.05031702222820314,0.0,0.0,0.0,-0.5330702628671385,0.0,-0.0955297990456323,0.2857142857142857,89
DTI,0.32035801730531055,0.0,0.0,0.0,-0.17808086811732982,0.0,0.19574829594965046,0.2857142857142857,88
EGAN,0.25513935859759534,0.0,0.0,0.0,-0.3404713189296679,0.0,0.1062366892157795,0.2857142857142857,89
EIG,0.1593766528884197,0.0,0.0,0.0,-0.07702533899878576,0.0,0.10027615491661833,0.2857142857142857,90
EP,0.12752303496490536,0.0,0.0,0.0,0.04898038211464524,0.0,0.10788737175234032,0.2857142857142857,88
FITBP,0.08619078981950037,0.0,0.0,0.0,-0.0567684116575222,0.0,0.05045098945024473,0.2857142857142857,87
FTHM,0.06825195727080256,0.0,0.0,0.0,0.06869895639668645,0.0,0.06836370705227354,0.2857142857142857,90
FTLF,0.1677593941150666,0.0,0.0,0.0,0.1315895656776794,0.0,0.15871693700571982,0.2857142857142857,88
FWONA,0.13612058831172957,0.0,0.0,0.0,-0.18791021677437994,0.0,0.05511288704020219,0.2857142857142857,90
GGB,0.21616150572288192,0.0,0.0,0.0,-0.15306522296658978,0.0,0.12385482355051398,0.2857142857142857,90
GILD,0.4053245445851413,0.0,0.0,0.0,0.1139112279142446,0.0,0.33247121541741714,0.2857142857142857,90
GLDI,0.3308564186700331,0.0,0.0,0.0,-0.026881460241043452,0.0,0.241421948942264,0.2857142857142857,86
GNS,0.1657274630316301,0.0,0.0,0.0,-0.8311792757620342,0.0,-0.083499221666786,0.2857142857142857,90
GORV,0.09749259243760286,0.0,0.0,0.0,-0.9135189748395107,0.0,-0.15526029938167557,0.2857142857142857,89
GRABW,0.02411273273422996,0.0,0.0,0.0,0.0,0.0,0.01808454955067247,0.2857142857142857,83
GWRE,0.07066803503609399,0.0,0.0,0.0,-0.09352461198079383,0.0,0.02961987328187203,0.2857142857142857,90
HBANM,0.08087563658647319,0.0,0.0,0.0,-0.23071291540573274,0.0,0.0029784985884216968,0.2857142857142857,86
IDT,0.11651723595586647,0.0,0.0,0.0,-0.27383752121955407,0.0,0.01892854666201133,0.2857142857142857,90
IGR,0.10770426785076642,0.0,0.0,0.0,-0.1448082229540422,0.0,0.04457614514956426,0.2857142857142857,90
ADMA,0.2909917111519623,0.0,0.0,0.0,0.07623625710638707,0.0,0.2373028476405685,0.2857142857142857,90
AFGE,0.10948203274518115,0.0,0.0,0.0,0.0,0.0,0.08211152455888586,0.2857142857142857,88
AFJKR,0.09029246617288066,0.0,0.0,0.0,0.16421385924717033,0.0,0.10877281444145308,0.2857142857142857,87
ARMP,0.4440653426108961,0.0,0.0,0.0,0.664666473568152,0.0,0.4992156253502101,0.2857142857142857,89
ATOM,0.11182077078425084,0.0,0.0,0.0,-0.23467424086403516,0.0,0.025197017872179334,0.2857142857142857,90
ATRA,0.22596550669450108,0.0,0.0,0.0,0.6031340816740257,0.0,0.32025765043938226,0.2857142857142857,89
AVAH,0.1565750026754236,0.0,0.0,0.0,-0.05556332284901917,0.0,0.1035404212943129,0.2857142857142857,90
AXR,0.0267795972630143,0.0,0.0,0.0,-0.2956683210472822,0.0,-0.05383238231455983,0.2857142857142857,86
AXTA,0.18235032395004552,0.0,0.0,0.0,-0.30050761779585744,0.0,0.061635838513569775,0.2857142857142857,90
BAYA,-0.013405707742798433,0.0,0.0,0.0,0.0,0.0,-0.010054280807098826,0.2857142857142857,73
BNH,0.11244386630401557,0.0,0.0,0.0,-0.15332669371546365,0.0,0.04600122629914576,0.2857142857142857,87
BRLSW,-0.06924981365245907,0.0,0.0,0.0,0.0,0.0,-0.051937360239344296,0.2857142857142857,76
BRZE,0.11784740386010711,0.0,0.0,0.0,-0.17280109556401657,0.0,0.045185279004076186,0.2857142857142857,90
BURL,0.3296050956547606,0.0,0.0,0.0,-0.0684512915420489,0.0,0.23009099885555823,0.2857142857142857,90
BV,0.12227169679463368,0.0,0.0,0.0,-0.15817002258745558,0.0,0.05216126694911136,0.2857142857142857,90
CMCO,0.1285057687048232,0.0,0.0,0.0,-0.3373554445834155,0.0,0.012040465382763503,0.2857142857142857,90
CMMB,0.17424923358964112,0.0,0.0,0.0,0.4165813710680731,0.0,0.23483226795924914,0.2857142857142857,89
CMSC,0.134531897983849,0.0,0.0,0.0,-0.10244309866674724,0.0,0.07528814882119995,0.2857142857142857,89
CNP,0.22869158492356106,0.0,0.0,0.0,0.0037897746810924816,0.0,0.17246613236294392,0.2857142857142857,90
COHN,0.4713038208389422,0.0,0.0,0.0,0.7073584094070727,0.0,0.5303174679809749,0.2857142857142857,87
CREG,0.19736786654061825,0.0,0.0,0.0,-0.3576160331819058,0.0,0.058621891609987216,0.2857142857142857,88
CXW,0.15034835242285113,0.0,0.0,0.0,0.011939731094135594,0.0,0.11574619709067224,0.2857142857142857,90
DBL,0.10444776088028199,0.0,0.0,0.0,-0.05345095488081518,0.0,0.0649730819400077,0.2857142857142857,89
DEVS,0.09134576293869395,0.0,0.0,0.0,-0.6555009054748733,0.0,-0.09536590416469788,0.2857142857142857,89
DLPN,0.3292595477377807,0.0,0.0,0.0,0.3484130125386122,0.0,0.3340479139379886,0.2857142857142857,88
DOYU,0.15714682467658286,0.0,0.0,0.0,0.1167669810944103,0.0,0.14705186378103974,0.2857142857142857,89
DSM,0.12873385886324115,0.0,0.0,0.0,-0.05836431149522253,0.0,0.08195931627362522,0.2857142857142857,89
EDBL,0.0898370832828612,0.0,0.0,0.0,-0.7313198950550318,0.0,-0.11545216130161207,0.2857142857142857,87
EFXT,0.38507334059042125,0.0,0.0,0.0,0.1962618889697835,0.0,0.33787047768526185,0.2857142857142857,90
ENTG,0.09862183113250125,0.0,0.0,0.0,-0.421810286924469,0.0,-0.03148619838174132,0.2857142857142857,90
EVT,0.1569853184697215,0.0,0.0,0.0,-0.1946889271185276,0.0,0.06906675707265922,0.2857142857142857,89
FAMI,0.07845738899390381,0.0,0.0,0.0,0.0,0.0,0.05884304174542786,0.2857142857142857,83
FBIN,0.09228468897709532,0.0,0.0,0.0,-0.41514208515481676,0.0,-0.03457200455588271,0.2857142857142857,90
FHN,0.20235989741762297,0.0,0.0,0.0,-0.026825107456821144,0.0,0.14506364619901196,0.2857142857142857,90
FMX,0.12027875307802097,0.0,0.0,0.0,0.006114018131694154,0.0,0.09173756934143927,0.2857142857142857,90
FRAF,0.23781005425797677,0.0,0.0,0.0,-0.08162594201201573,0.0,0.15795105519047867,0.2857142857142857,89
GCMG,0.09607752634945459,0.0,0.0,0.0,-0.16591601129402114,0.0,0.03057914193858564,0.2857142857142857,90
GEOS,0.2501972439007246,0.0,0.0,0.0,-0.8042922625613328,0.0,-0.013425132714789763,0.2857142857142857,90
GHI,0.10760491842368265,0.0,0.0,0.0,-0.3215127375316343,0.0,0.0003255044348534076,0.2857142857142857,89
GRAL,0.3651620101259449,0.0,0.0,0.0,0.2821657948213137,0.0,0.34441295629978713,0.2857142857142857,90
GRPN,0.12713663490786492,0.0,0.0,0.0,-0.5918633885402313,0.0,-0.05261337095415917,0.2857142857142857,90
GTN,0.17382318502982216,0.0,0.0,0.0,-0.1334959143987602,0.0,0.09699341017267658,0.2857142857142857,90
HPI,0.14794692382651076,0.0,0.0,0.0,-0.06608003674769747,0.0,0.0944401836829587,0.2857142857142857,89
INTR,0.2053191489483578,0.0,0.0,0.0,-0.2776842669822579,0.0,0.08456829496570385,0.2857142857142857,90
IRT,0.23808063334410876,0.0,0.0,0.0,0.00910721632294032,0.0,0.18083727908881664,0.2857142857142857,90
ISD,0.14898406363049685,0.0,0.0,0.0,0.00695399082380155,0.0,0.11347654542882302,0.2857142857142857,89
ITIC,0.2350513238208973,0.0,0.0,0.0,-0.08040449431595398,0.0,0.15618736928668447,0.2857142857142857,88
JCI,0.3401389077634359,0.0,0.0,0.0,-0.2355869315891133,0.0,0.19620744792529862,0.2857142857142857,90
ACLS,0.09624360038000795,0.0,0.0,0.0,-0.27762691398908146,0.0,0.0027759717877355876,0.2857142857142857,90
ACN,0.05355219763178951,0.0,0.0,0.0,-0.13229220455284055,0.0,0.007091097085631993,0.2857142857142857,90
AD,0.07671320613975793,0.0,0.0,0.0,-0.003313440491583835,0.0,0.05670654448192249,0.2857142857142857,90
AIXI,-0.009582230467588722,0.0,0.0,0.0,-0.3207481380680419,0.0,-0.08737370736770203,0.2857142857142857,89
ALB,0.44649008607645424,0.0,0.0,0.0,0.4495294106333284,0.0,0.4472499172156728,0.2857142857142857,90
ALGM,0.08068814711651028,0.0,0.0,0.0,-0.3878379455787254,0.0,-0.036443376057298665,0.2857142857142857,90
AMN,0.08627542194455409,0.0,0.0,0.0,-0.09006978557490501,0.0,0.04218912006468931,0.2857142857142857,90
ANVS,0.4585249462349549,0.0,0.0,0.0,0.983731326156311,0.0,0.589826541215294,0.2857142857142857,90
ARKO,0.09548525636694558,0.0,0.0,0.0,-0.2831431579735478,0.0,0.0008281527818222307,0.2857142857142857,90
AWI,0.11436899666103585,0.0,0.0,0.0,-0.12084972176374864,0.0,0.055564317054839725,0.2857142857142857,90
BAP,0.14264033762282194,0.0,0.0,0.0,0.05817282607185524,0.0,0.12152345973508026,0.2857142857142857,90
BEEM,0.09056249180514864,0.0,0.0,0.0,-0.08223147658200325,0.0,0.04736399970836066,0.2857142857142857,90
BFK,0.13481696540210153,0.0,0.0,0.0,-0.09350688329184202,0.0,0.07773600322861564,0.2857142857142857,90
BIOX,0.11951429671452453,0.0,0.0,0.0,-0.36184631066493794,0.0,-0.0008258551303410995,0.2857142857142857,90
BNL,0.17397485368923957,0.0,0.0,0.0,-0.03433659232755868,0.0,0.12189699218504,0.2857142857142857,90
BPYPM,0.20123625988450952,0.0,0.0,0.0,0.1200184413579256,0.0,0.18093180525286354,0.2857142857142857,87
BYND,0.06508560993339103,0.0,0.0,0.0,-0.14210107993579296,0.0,0.013288937466095026,0.2857142857142857,90
CAH,0.4463382386970015,0.0,0.0,0.0,0.03249389318737077,0.0,0.34287715231959387,0.2857142857142857,90
CANG,0.10414813022490593,0.0,0.0,0.0,-0.9941452704860395,0.0,-0.17042521995283047,0.2857142857142857,89
CBAT,0.08917487703562453,0.0,0.0,0.0,-0.3304099208445109,0.0,-0.015721322434409327,0.2857142857142857,89
CNTB,0.563112211190817,0.0,0.0,0.0,0.9998553345388267,0.0,0.6722979920278195,0.2857142857142857,89
COCO,0.3962789042126633,0.0,0.0,0.0,0.4540469193900902,0.0,0.41072090800702005,0.2857142857142857,90
COMM,0.35489913245261057,0.0,0.0,0.0,0.08343758019985245,0.0,0.28703374438942103,0.2857142857142857,90
DGII,0.371827206772427,0.0,0.0,0.0,0.17037764910390343,0.0,0.32146481735529614,0.2857142857142857,90
DLNG,0.16404399926932253,0.0,0.0,0.0,-0.007002686652050364,0.0,0.12128232778897931,0.2857142857142857,89
DRTS,0.09025028600335425,0.0,0.0,0.0,-0.22788621936789694,0.0,0.010716159660541446,0.2857142857142857,89
DSS,0.019633094821388915,0.0,0.0,0.0,-0.565597495399194,0.0,-0.12667455273375686,0.2857142857142857,88
FBRX,0.46858571332813015,0.0,0.0,0.0,0.9616991032254011,0.0,0.5918640608024479,0.2857142857142857,90
FIVE,0.13712954869811136,0.0,0.0,0.0,0.046929835826946695,0.0,0.1145796204803202,0.2857142857142857,90
FLDDW,-0.0056988575978737955,0.0,0.0,0.0,0.0,0.0,-0.004274143198405347,0.2857142857142857,80
FLEX,0.1989442348446723,0.0,0.0,0.0,-0.10172206045642339,0.0,0.12377766101939837,0.2857142857142857,90
GBLI,0.049035775814775584,0.0,0.0,0.0,0.0,0.0,0.03677683186108169,0.2857142857142857,82
GOCO,0.07593296030192904,0.0,0.0,0.0,-0.5675758712362617,0.0,-0.08494424758261868,0.2857142857142857,89
GYRO,0.0029591950755071695,0.0,0.0,0.0,0.0,0.0,0.002219396306630377,0.2857142857142857,82
HRI,0.1255509984593581,0.0,0.0,0.0,-0.4535097300625307,0.0,-0.019214183671114122,0.2857142857142857,90
HTCR,0.022555922559509292,0.0,0.0,0.0,-0.7448395029387753,0.0,-0.16929293381506189,0.2857142857142857,89
IFBD,0.07781806491167186,0.0,0.0,0.0,-0.6599262237109877,0.0,-0.10661800724399308,0.2857142857142857,89
IHD,0.11522198186405734,0.0,0.0,0.0,-0.09101725136307953,0.0,0.06366217355727312,0.2857142857142857,89
ISPR,0.15564527488159277,0.0,0.0,0.0,0.39860968337142444,0.0,0.2163863770040507,0.2857142857142857,90
ITUB,0.2457221079662975,0.0,0.0,0.0,-0.08221348923958938,0.0,0.1637382086648258,0.2857142857142857,90
JLS,0.16809977264090628,0.0,0.0,0.0,-0.04508618564878506,0.0,0.11480328306848343,0.2857142857142857,87
JPC,0.16724804972703786,0.0,0.0,0.0,-0.09515459028175065,0.0,0.10164738972484073,0.2857142857142857,90
AIRTP,0.23200129587953353,0.0,0.0,0.0,-0.09722781188644704,0.0,0.14969401893803838,0.2857142857142857,83
ALDFU,0.05850723567945169,0.0,0.0,0.0,0.0,0.0,0.04388042675958877,0.2857142857142857,77
ALLE,0.12491425775616068,0.0,0.0,0.0,-0.10848528267454331,0.0,0.06656437264848468,0.2857142857142857,90
ASND,0.42057456558544154,0.0,0.0,0.0,0.153754169857975,0.0,0.3538694666535749,0.2857142857142857,90
ASR,0.09658993916465893,0.0,0.0,0.0,-0.0974682301933729,0.0,0.04807539682515096,0.2857142857142857,89
ATHE,0.12490025641984259,0.0,0.0,0.0,-0.019734279722049934,0.0,0.08874162238436946,0.2857142857142857,87
AWR,0.14389915970752398,0.0,0.0,0.0,-0.23320075232503717,0.0,0.049624181699383686,0.2857142857142857,90
BEPI,0.08531324789842482,0.0,0.0,0.0,0.0,0.0,0.06398493592381861,0.2857142857142857,86
BIRK,0.13963119693954917,0.0,0.0,0.0,-0.008665294370796904,0.0,0.10255707411196266,0.2857142857142857,90
BLDP,0.16579231500220262,0.0,0.0,0.0,-0.4761962053977449,0.0,0.005295184902215728,0.2857142857142857,90
BMI,0.1025608353108144,0.0,0.0,0.0,-0.24213946310970125,0.0,0.016385760705685485,0.2857142857142857,90
BPYPP,0.18168466596648186,0.0,0.0,0.0,-0.06573784385706713,0.0,0.11982903851059461,0.2857142857142857,87
CAC,0.20601234770224044,0.0,0.0,0.0,-0.12280242114257303,0.0,0.12380865549103708,0.2857142857142857,89
CETY,0.13222566408253586,0.0,0.0,0.0,0.04383154693315642,0.0,0.110127134795191,0.2857142857142857,88
CFFI,0.025904565969274946,0.0,0.0,0.0,0.0,0.0,0.01942842447695621,0.2857142857142857,76
CHCO,0.17464680291206303,0.0,0.0,0.0,-0.09368227559213012,0.0,0.10756453328601473,0.2857142857142857,89
CHMG,0.24051203219291187,0.0,0.0,0.0,-0.0844625157382979,0.0,0.15926839521010944,0.2857142857142857,87
CNNE,0.09187260349597251,0.0,0.0,0.0,-0.18739248002556036,0.0,0.02205633261558929,0.2857142857142857,90
CYN,0.11833390289900991,0.0,0.0,0.0,-0.841423168344691,0.0,-0.12160536491191534,0.2857142857142857,90
DAVA,0.06158423692725867,0.0,0.0,0.0,-0.49072143454675654,0.0,-0.07649218094124514,0.2857142857142857,90
DHX,0.18419489876432743,0.0,0.0,0.0,-0.09533797694034397,0.0,0.11431167983815958,0.2857142857142857,90
ELP,0.31959610884234824,0.0,0.0,0.0,-0.22115843937231344,0.0,0.1844074717886828,0.2857142857142857,90
ELVA,0.15314816727323102,0.0,0.0,0.0,-0.4605490868935338,0.0,-0.00027614626846020346,0.2857142857142857,90
EXTR,0.12512687050378182,0.0,0.0,0.0,-0.20514467810849923,0.0,0.042558983350711545,0.2857142857142857,90
FATE,0.16994777744297068,0.0,0.0,0.0,0.36024391002853795,0.0,0.2175218105893625,0.2857142857142857,90
FLUX,0.05535915595576164,0.0,0.0,0.0,-0.8848594029835619,0.0,-0.17969548377906927,0.2857142857142857,90
GABC,0.09320613724491772,0.0,0.0,0.0,-0.17221276314371317,0.0,0.026851412147759986,0.2857142857142857,89
GAUZ,0.08635954490373661,0.0,0.0,0.0,-0.9852095417104832,0.0,-0.18153272674981838,0.2857142857142857,89
GDEN,0.43150777805577506,0.0,0.0,0.0,-0.07835979343411079,0.0,0.30404088518330363,0.2857142857142857,90
GJH,0.2041600267838004,0.0,0.0,0.0,0.0,0.0,0.1531200200878503,0.2857142857142857,82
GNL,0.23540804988839667,0.0,0.0,0.0,-0.09065947777703967,0.0,0.15389116797203758,0.2857142857142857,90
GRVY,0.09544405542790384,0.0,0.0,0.0,-0.15328147850368748,0.0,0.033262671945006,0.2857142857142857,87
GS,0.2932059070013796,0.0,0.0,0.0,-0.12141290887049838,0.0,0.1895512030334101,0.2857142857142857,90
HGLB,0.1804364561746343,0.0,0.0,0.0,-0.30068695357150305,0.0,0.060155603738099965,0.2857142857142857,88
HIMX,0.1229765286649054,0.0,0.0,0.0,-0.10812383770003485,0.0,0.06520143707367033,0.2857142857142857,90
HLMN,0.07897658645736773,0.0,0.0,0.0,-0.28402612398017885,0.0,-0.011774091152018927,0.2857142857142857,90
HNNA,0.09452336711626157,0.0,0.0,0.0,0.0,0.0,0.07089252533719617,0.2857142857142857,83
HOOD,0.17496682678403108,0.0,0.0,0.0,-0.1363820159545834,0.0,0.09712961609937744,0.2857142857142857,90
HTLM,0.11953551534827983,0.0,0.0,0.0,-0.1579033205895938,0.0,0.050175806363811415,0.2857142857142857,88
HUBB,0.15824663130571512,0.0,0.0,0.0,-0.2083226093772936,0.0,0.06660432113496294,0.2857142857142857,90
IMRN,0.11221116853588027,0.0,0.0,0.0,-0.1579033205895938,0.0,0.04468254625451175,0.2857142857142857,89
AFL,0.3539454024393225,0.0,0.0,0.0,-0.2379980633165609,0.0,0.2059595360003516,0.2857142857142857,90
AMRK,0.19793244745314936,0.0,0.0,0.0,0.05299548987008083,0.0,0.16169820805738225,0.2857142857142857,90
ARW,0.056631768054524745,0.0,0.0,0.0,-0.26043578178904886,0.0,-0.022635119406368667,0.2857142857142857,90
ASTH,0.14840936151209333,0.0,0.0,0.0,0.02736542868345942,0.0,0.11814837830493485,0.2857142857142857,90
BHM,0.07880515240153453,0.0,0.0,0.0,-0.2236673038202428,0.0,0.003187038346090188,0.2857142857142857,87
BIIB,0.4013825885944513,0.0,0.0,0.0,0.09284676859714393,0.0,0.32424863359512446,0.2857142857142857,90
BJDX,0.0423910593211028,0.0,0.0,0.0,-0.7239596110819195,0.0,-0.1491966082796528,0.2857142857142857,89
BW,0.4808185341373957,0.0,0.0,0.0,0.038383590894428464,0.0,0.37020979832665396,0.2857142857142857,90
BWBBP,-0.016827562088069795,0.0,0.0,0.0,0.0,0.0,-0.012620671566052346,0.2857142857142857,83
BWXT,0.16237677057170863,0.0,0.0,0.0,0.0702095663060883,0.0,0.13933496950530355,0.2857142857142857,90
CAR,0.10515291635433176,0.0,0.0,0.0,-0.19470215944673444,0.0,0.030189147404065194,0.2857142857142857,90
CENN,0.04684415050484318,0.0,0.0,0.0,-0.5247540434818204,0.0,-0.09605539799182274,0.2857142857142857,89
CLVT,0.1525062998471921,0.0,0.0,0.0,-0.19682765585203896,0.0,0.06517281092238435,0.2857142857142857,90
CSBR,0.20165533566191102,0.0,0.0,0.0,-0.02186240506056599,0.0,0.14577590048129177,0.2857142857142857,87
CSIQ,0.47099740954779484,0.0,0.0,0.0,-0.3787840231719158,0.0,0.2585520513678672,0.2857142857142857,90
CUE,0.09072467392014053,0.0,0.0,0.0,-0.19721659614522719,0.0,0.018739356403798594,0.2857142857142857,89
DAN,0.2989927192201787,0.0,0.0,0.0,-0.23743141419024594,0.0,0.16488668586757255,0.2857142857142857,90
DAWN,0.3365731235751717,0.0,0.0,0.0,-0.24359049924631015,0.0,0.19153221786980124,0.2857142857142857,90
DBRG,0.111657305069042,0.0,0.0,0.0,-0.2437131372893202,0.0,0.02281469447945145,0.2857142857142857,90
DVAX,0.35673838021122084,0.0,0.0,0.0,-0.05361579855429449,0.0,0.25414983551984205,0.2857142857142857,90
ECCC,0.13274844518093878,0.0,0.0,0.0,0.0,0.0,0.09956133388570408,0.2857142857142857,82
EHAB,0.17229862812650631,0.0,0.0,0.0,-0.1097156762882375,0.0,0.10179505202282034,0.2857142857142857,90
EPOW,0.2525914606252856,0.0,0.0,0.0,0.2928896411535517,0.0,0.26266600575735216,0.2857142857142857,89
ESE,0.2522311928407367,0.0,0.0,0.0,0.04659739040871757,0.0,0.20082274223273192,0.2857142857142857,89
ESPR,0.18410345074698675,0.0,0.0,0.0,-0.27996864843033087,0.0,0.06808542595265733,0.2857142857142857,90
FBYD,0.36540593482925776,0.0,0.0,0.0,0.3628920774254202,0.0,0.3647774704782984,0.2857142857142857,89
FDSB,0.16817069806542118,0.0,0.0,0.0,-0.04704622324210771,0.0,0.11436646773853894,0.2857142857142857,89
FGEN,0.15728404996986967,0.0,0.0,0.0,-0.2657425253186344,0.0,0.05152740614774364,0.2857142857142857,88
FTI,0.428202652593172,0.0,0.0,0.0,0.09065947777704078,0.0,0.3438168588891392,0.2857142857142857,90
FVCB,0.11086458586848526,0.0,0.0,0.0,-0.18337944558101613,0.0,0.03730357800610991,0.2857142857142857,88
GECC,0.08246580657665321,0.0,0.0,0.0,-0.3733232301547586,0.0,-0.03148145260619976,0.2857142857142857,89
GMHS,0.05205949017997906,0.0,0.0,0.0,-0.6424447342591665,0.0,-0.12156656592980734,0.2857142857142857,89
GNLX,0.18607270630748865,0.0,0.0,0.0,-0.44922198232257554,0.0,0.027249034149972585,0.2857142857142857,90
GPAT,0.1344648130166993,0.0,0.0,0.0,0.0,0.0,0.10084860976252447,0.2857142857142857,82
HEI,0.12028849130614466,0.0,0.0,0.0,-0.16385598826442552,0.0,0.04925237141350211,0.2857142857142857,90
HIG,0.3300221903313775,0.0,0.0,0.0,-0.05476274408776345,0.0,0.23382595672659223,0.2857142857142857,90
IBKR,0.17758911154859064,0.0,0.0,0.0,-0.18288335493179098,0.0,0.08747099492849524,0.2857142857142857,90
ICE,0.20383739379897006,0.0,0.0,0.0,0.03307015074204374,0.0,0.1611455830347385,0.2857142857142857,90
ICFI,0.11088006357030308,0.0,0.0,0.0,-0.16917121431802,0.0,0.04086724409822231,0.2857142857142857,90
IIIN,0.07985048620486637,0.0,0.0,0.0,-0.275561315954333,0.0,-0.009002464334933473,0.2857142857142857,90
INDP,0.07726047707137818,0.0,0.0,0.0,-0.9273428448167513,0.0,-0.17389035340065423,0.2857142857142857,88
JACK,0.06596175026384365,0.0,0.0,0.0,-0.2587820823224464,0.0,-0.015224207882728874,0.2857142857142857,90
JGH,0.07695155618770255,0.0,0.0,0.0,-0.0978788664835901,0.0,0.03324395051987939,0.2857142857142857,90
AAM,0.26057061322682973,0.0,0.0,0.0,0.0,0.0,0.1954279599201223,0.2857142857142857,81
ABL,0.3101451605432535,0.0,0.0,0.0,-0.37491239077112204,0.0,0.1388807727146596,0.2857142857142857,90
ATOS,0.07827021360711266,0.0,0.0,0.0,-0.2537715401456806,0.0,-0.004740224831085668,0.2857142857142857,90
BBCP,0.16941545935124291,0.0,0.0,0.0,-0.21301403336484911,0.0,0.07380808617221989,0.2857142857142857,90
BJ,0.15275649854083465,0.0,0.0,0.0,-0.13848098645369894,0.0,0.07994712729220124,0.2857142857142857,90
BLFS,0.07985053448225543,0.0,0.0,0.0,-0.1499247032248669,0.0,0.022406725055474846,0.2857142857142857,90
BLNK,0.10365112078818774,0.0,0.0,0.0,-0.29978044325783804,0.0,0.0027932297766812835,0.2857142857142857,90
BRN,0.10601083508283711,0.0,0.0,0.0,-0.27711358485934356,0.0,0.010229730097291933,0.2857142857142857,87
BTU,0.2216329389133886,0.0,0.0,0.0,-0.23852611196461337,0.0,0.1065931761938881,0.2857142857142857,90
BURU,0.1490327585103821,0.0,0.0,0.0,-0.7088588546815476,0.0,-0.06544014478760035,0.2857142857142857,90
CARR,0.09593220730310169,0.0,0.0,0.0,-0.3392032180593515,0.0,-0.012851649037511627,0.2857142857142857,90
CATX,0.1723116880877497,0.0,0.0,0.0,0.5773886925132797,0.0,0.27358093919413223,0.2857142857142857,90
CKX,-0.013144362928572637,0.0,0.0,0.0,0.0,0.0,-0.009858272196429478,0.2857142857142857,73
COST,0.09210918521369833,0.0,0.0,0.0,-0.18673441358851214,0.0,0.022398285513145707,0.2857142857142857,90
CSR,0.38410796212918075,0.0,0.0,0.0,0.13730572436379004,0.0,0.3224074026878331,0.2857142857142857,90
CW,0.26442320369333605,0.0,0.0,0.0,0.027216756746328414,0.0,0.20512159195658414,0.2857142857142857,90
DCTH,0.11522960478057295,0.0,0.0,0.0,-0.06364502546408038,0.0,0.07051094721940963,0.2857142857142857,90
DDT,-0.016127317656252447,0.0,0.0,0.0,0.0,0.0,-0.012095488242189334,0.2857142857142857,83
ED,0.28442449016298227,0.0,0.0,0.0,-0.028221505631169336,0.0,0.20626299121444436,0.2857142857142857,90
ELAN,0.23834875703272695,0.0,0.0,0.0,-0.11998336384464964,0.0,0.14876572681338282,0.2857142857142857,90
EMO,0.18190778402025332,0.0,0.0,0.0,0.18519185362677534,0.0,0.18272880142188383,0.2857142857142857,89
EQS,0.15855519660641498,0.0,0.0,0.0,0.0,0.0,0.11891639745481124,0.2857142857142857,87
ERO,0.308634077657725,0.0,0.0,0.0,-0.02380502567534703,0.0,0.22552430182445699,0.2857142857142857,90
ETW,0.18747884631259465,0.0,0.0,0.0,-0.14545083663086558,0.0,0.1042464255767296,0.2857142857142857,90
EVGO,0.09752800816681702,0.0,0.0,0.0,-0.20537067595698322,0.0,0.021803337135866952,0.2857142857142857,90
FCNCP,0.06176922353797585,0.0,0.0,0.0,0.0,0.0,0.04632691765348189,0.2857142857142857,89
FNB,0.2029827270987999,0.0,0.0,0.0,-0.048856969364984494,0.0,0.1400228029828538,0.2857142857142857,90
FRGT,0.3121382840192626,0.0,0.0,0.0,0.7837954505264185,0.0,0.4300525756460516,0.2857142857142857,89
GHRS,0.2954720534651845,0.0,0.0,0.0,0.20030058714163368,0.0,0.2716791868842968,0.2857142857142857,90
GSIT,0.25089599118374745,0.0,0.0,0.0,-0.2648023713266681,0.0,0.12197140055614353,0.2857142857142857,90
GTY,0.3021476663125449,0.0,0.0,0.0,0.09493423380082912,0.0,0.250344308184616,0.2857142857142857,90
HBT,0.16059953528739782,0.0,0.0,0.0,-0.16357195926781654,0.0,0.07955666164859422,0.2857142857142857,88
HCKT,0.11311762916696097,0.0,0.0,0.0,-0.15020472248250338,0.0,0.04728704125459488,0.2857142857142857,90
HTGC,0.16207182728310954,0.0,0.0,0.0,-0.06365319865259493,0.0,0.10564057079918342,0.2857142857142857,90
IMNN,0.16295970868218457,0.0,0.0,0.0,-0.3027097293321085,0.0,0.046542349178611296,0.2857142857142857,89
IMXI,0.20271308935012028,0.0,0.0,0.0,-0.013235494434162474,0.0,0.1487259434040496,0.2857142857142857,90
INCY,0.393267265923409,0.0,0.0,0.0,-0.18898596044318527,0.0,0.24770395933176043,0.2857142857142857,90
IVDAW,0.013124639677208345,0.0,0.0,0.0,0.0,0.0,0.009843479757906259,0.2857142857142857,77
JBGS,0.08290459700573036,0.0,0.0,0.0,0.07266007796833476,0.0,0.08034346724638146,0.2857142857142857,90
AAMI,0.10084885011726104,0.0,0.0,0.0,-0.11804021420634973,0.0,0.04612658403635834,0.2857142857142857,90
AIRJ,0.07351890918703713,0.0,0.0,0.0,-0.32781266193415476,0.0,-0.026813983593260853,0.2857142857142857,90
AKTX,0.13582605094273215,0.0,0.0,0.0,-0.45475436012309456,0.0,-0.011819051823724546,0.2857142857142857,89
AMWL,0.11272948396623278,0.0,0.0,0.0,-0.06241874674751229,0.0,0.06894242628779651,0.2857142857142857,90
AREN,0.13192929434201423,0.0,0.0,0.0,-0.16819771027041877,0.0,0.05689754318890597,0.2857142857142857,90
ATMCR,-0.023926436919033026,0.0,0.0,0.0,0.0,0.0,-0.01794482768927477,0.2857142857142857,73
ATPC,0.23019576752166032,0.0,0.0,0.0,-0.3215127375316348,0.0,0.09226864125833655,0.2857142857142857,86
AVDL,0.4859914940475752,0.0,0.0,0.0,0.766037329896864,0.0,0.5560029530098974,0.2857142857142857,90
BBWI,0.05429719975715387,0.0,0.0,0.0,-0.21497379656791954,0.0,-0.013020549324114486,0.2857142857142857,90
BDL,-0.01632385190235965,0.0,0.0,0.0,0.0,0.0,-0.012242888926769736,0.2857142857142857,76
BNKK,0.03448263110610327,0.0,0.0,0.0,-0.7147972153075126,0.0,-0.15283733049730072,0.2857142857142857,90
BOF,0.27120219349514324,0.0,0.0,0.0,-0.6140573538383685,0.0,0.04988730666176528,0.2857142857142857,89
BTOG,0.06599048773689006,0.0,0.0,0.0,-0.32055138886927265,0.0,-0.030644981414650625,0.2857142857142857,90
CBSH,0.1845544216456712,0.0,0.0,0.0,-0.10131136790391577,0.0,0.11308797425827447,0.2857142857142857,90
CHDN,0.33325957025459857,0.0,0.0,0.0,0.13927115457020386,0.0,0.2847624663334999,0.2857142857142857,90
CLCO,0.283121121766375,0.0,0.0,0.0,-0.015304927268204066,0.0,0.2085146095077302,0.2857142857142857,89
CLRO,0.21684301365058747,0.0,0.0,0.0,0.28329606837521093,0.0,0.23345627733174334,0.2857142857142857,86
COLD,0.09537964630082627,0.0,0.0,0.0,-0.14385498278051456,0.0,0.03557098903049106,0.2857142857142857,90
CSGS,0.3088794389330541,0.0,0.0,0.0,-0.024841982712763507,0.0,0.22544908352159967,0.2857142857142857,90
EHC,0.12703808417652313,0.0,0.0,0.0,-0.10637934002773342,0.0,0.06868372812545899,0.2857142857142857,90
ELUT,0.05506983727264616,0.0,0.0,0.0,-0.511958618069126,0.0,-0.08668727656279691,0.2857142857142857,89
EMP,0.14376848295841949,0.0,0.0,0.0,-0.11137203998645014,0.0,0.07998335222220208,0.2857142857142857,88
ENSG,0.19789539761597166,0.0,0.0,0.0,0.04658432936806043,0.0,0.16006763055399387,0.2857142857142857,90
ESCA,0.34977690824751645,0.0,0.0,0.0,-0.029461020111118667,0.0,0.25496742615785767,0.2857142857142857,86
FAST,0.04481056012725856,0.0,0.0,0.0,-0.14618439079470594,0.0,-0.0029381776032325686,0.2857142857142857,90
FFA,0.09023682890140956,0.0,0.0,0.0,-0.08789873032057512,0.0,0.04570293909591339,0.2857142857142857,89
FFWM,0.10740374087713549,0.0,0.0,0.0,-0.04936695188055238,0.0,0.06821106768771351,0.2857142857142857,90
FGN,0.34390648590386885,0.0,0.0,0.0,0.09783734817740662,0.0,0.2823892014722533,0.2857142857142857,87
FIZZ,0.10384467704927555,0.0,0.0,0.0,0.054823024815356745,0.0,0.09158926399079585,0.2857142857142857,90
FRBA,0.10919004857709191,0.0,0.0,0.0,-0.21547760901654012,0.0,0.028023134178683896,0.2857142857142857,89
GD,0.3386707298643112,0.0,0.0,0.0,-0.014675339147080734,0.0,0.25033421261146327,0.2857142857142857,90
GECCH,0.0022897763367898363,0.0,0.0,0.0,0.0,0.0,0.0017173322525923772,0.2857142857142857,76
GES,0.1633771667004689,0.0,0.0,0.0,-0.02498744678021084,0.0,0.11628601333029895,0.2857142857142857,90
GIGGU,0.09946358752792854,0.0,0.0,0.0,0.0,0.0,0.0745976906459464,0.2857142857142857,77
GROW,0.1374464685236458,0.0,0.0,0.0,-0.29093441117698987,0.0,0.030351248598486872,0.2857142857142857,87
GWW,0.05852355016188124,0.0,0.0,0.0,-0.06436181706216262,0.0,0.02780220835587027,0.2857142857142857,90
H,0.2891656864675255,0.0,0.0,0.0,-0.06762857910288193,0.0,0.19996712007492365,0.2857142857142857,90
HAIN,0.14676982126494942,0.0,0.0,0.0,-0.5835770499561597,0.0,-0.035816896540327874,0.2857142857142857,90
HLNE,0.3058335055942849,0.0,0.0,0.0,-0.22011074683795642,0.0,0.17434744248622458,0.2857142857142857,90
HOPE,0.07215274782560327,0.0,0.0,0.0,-0.17937285848503023,0.0,0.009271346247944888,0.2857142857142857,90
HOVRW,0.0855764026106664,0.0,0.0,0.0,0.0,0.0,0.0641823019579998,0.2857142857142857,87
HUYA,0.1364040831163404,0.0,0.0,0.0,-0.11721237103262974,0.0,0.07299996957909786,0.2857142857142857,90
ICCC,0.16918361131537552,0.0,0.0,0.0,-0.8277492822382769,0.0,-0.08004961207303764,0.2857142857142857,86
IHT,0.09010116625911574,0.0,0.0,0.0,-0.3554093134752433,0.0,-0.021276453674474036,0.2857142857142857,89
INSE,0.14494982919736857,0.0,0.0,0.0,-0.525083943312195,0.0,-0.022558613930022346,0.2857142857142857,90
IPX,0.09915704411597621,0.0,0.0,0.0,-0.3575943996529762,0.0,-0.015030816826261896,0.2857142857142857,89
JBIO,0.4781316932081791,0.0,0.0,0.0,0.8939921865342612,0.0,0.5820968165396997,0.2857142857142857,89
AB,0.24049124231076727,0.0,0.0,0.0,-0.032733892877353336,0.0,0.17218495851373714,0.2857142857142857,89
ACDC,0.1614890066782457,0.0,0.0,0.0,-0.19373131301268426,0.0,0.0726839267555132,0.2857142857142857,90
ALHC,0.13660901492304822,0.0,0.0,0.0,-0.13182662956226013,0.0,0.06950010380172113,0.2857142857142857,90
AMR,0.209522763853754,0.0,0.0,0.0,0.002984034364390076,0.0,0.15788808148141303,0.2857142857142857,90
APOG,0.052634647957581424,0.0,0.0,0.0,-0.0014885371560275017,0.0,0.039103851679179194,0.2857142857142857,90
ARDC,0.18740156518855755,0.0,0.0,0.0,-0.13756171941090653,0.0,0.10616074403869151,0.2857142857142857,90
ARGX,0.38580212827685495,0.0,0.0,0.0,0.12152870249432621,0.0,0.31973377183122276,0.2857142857142857,90
ASST,0.13815108486460279,0.0,0.0,0.0,-0.3925805843618471,0.0,0.00546816755799029,0.2857142857142857,90
BAH,0.06519846008690787,0.0,0.0,0.0,-0.2208716175049182,0.0,-0.006319059311048662,0.2857142857142857,90
BBOT,0.32761710599348637,0.0,0.0,0.0,0.2375120483428885,0.0,0.30509084158083694,0.2857142857142857,90
BILI,0.10643180960711744,0.0,0.0,0.0,-0.1134965003186903,0.0,0.0514497321256655,0.2857142857142857,90
BNBX,0.06752160234653971,0.0,0.0,0.0,-0.7702183690527925,0.0,-0.14191339050329338,0.2857142857142857,88
BRX,0.1289660729192104,0.0,0.0,0.0,-0.10359673941936691,0.0,0.07082536983456605,0.2857142857142857,90
BYD,0.152039272360904,0.0,0.0,0.0,-0.13646847604588025,0.0,0.07991233525920793,0.2857142857142857,90
C,0.22720232489137793,0.0,0.0,0.0,-0.04194626621885976,0.0,0.1599151771138185,0.2857142857142857,90
CE,0.11003552722164339,0.0,0.0,0.0,-0.4450765712119375,0.0,-0.028742497386751848,0.2857142857142857,90
CELC,0.4343707737041056,0.0,0.0,0.0,0.4528782944319648,0.0,0.4389976538860704,0.2857142857142857,90
CERT,0.0879702726826232,0.0,0.0,0.0,-0.07113853825932392,0.0,0.04819306994713641,0.2857142857142857,90
CHARU,-0.00045980125227541076,0.0,0.0,0.0,0.0,0.0,-0.0003448509392065581,0.2857142857142857,73
CHEF,0.1501247529333448,0.0,0.0,0.0,-0.12952046340460466,0.0,0.08021344884885742,0.2857142857142857,90
CHH,0.10106683583777863,0.0,0.0,0.0,-0.3815358467247521,0.0,-0.019583834802854073,0.2857142857142857,90
CLNN,0.29316046844600907,0.0,0.0,0.0,0.7532652136406559,0.0,0.4081866547446708,0.2857142857142857,89
CMA,0.18749513300541598,0.0,0.0,0.0,-0.10489274657804364,0.0,0.11439816310955106,0.2857142857142857,90
CNF,0.15010811150359935,0.0,0.0,0.0,-0.3687411612613107,0.0,0.02039579331237182,0.2857142857142857,87
CPF,0.1450251145838849,0.0,0.0,0.0,-0.1704162826502011,0.0,0.0661647652753634,0.2857142857142857,90
CREX,0.3205611561366772,0.0,0.0,0.0,0.564284904252192,0.0,0.38149209316555593,0.2857142857142857,89
DIBS,0.5426737335539757,0.0,0.0,0.0,0.5202770632137464,0.0,0.5370745659689184,0.2857142857142857,89
DUKB,0.22669020421903915,0.0,0.0,0.0,-0.04674139347403963,0.0,0.15833230479576946,0.2857142857142857,88
EL,0.1174814444976129,0.0,0.0,0.0,-0.22226185384772226,0.0,0.032545619911279106,0.2857142857142857,90
ELME,0.18029984459840614,0.0,0.0,0.0,0.005952310654093487,0.0,0.136712961112328,0.2857142857142857,90
ETHA,0.1341009243083685,0.0,0.0,0.0,-0.3381436121897073,0.0,0.01603979018384955,0.2857142857142857,90
FCRX,0.26174032677522807,0.0,0.0,0.0,0.0,0.0,0.19630524508142105,0.2857142857142857,82
FERG,0.1836951585796953,0.0,0.0,0.0,-0.12686893600614665,0.0,0.1060541349332348,0.2857142857142857,90
FLYW,0.18992633787174734,0.0,0.0,0.0,-0.17869647227413643,0.0,0.0977706353352764,0.2857142857142857,90
FRD,0.32248943496840443,0.0,0.0,0.0,0.06027552527886496,0.0,0.2569359575460196,0.2857142857142857,88
GAIA,0.144582646086938,0.0,0.0,0.0,-0.061650111192243555,0.0,0.0930244567671426,0.2857142857142857,89
GAP,0.22386579562944273,0.0,0.0,0.0,-0.1652071562772066,0.0,0.12659755765278038,0.2857142857142857,90
GECCO,-0.0063387029854521035,0.0,0.0,0.0,0.0,0.0,-0.004754027239089078,0.2857142857142857,73
GIGM,0.13999905782948194,0.0,0.0,0.0,0.03288287724153277,0.0,0.11322001268249464,0.2857142857142857,86
GPJA,0.04634152087022003,0.0,0.0,0.0,-0.08832217342475494,0.0,0.012675597296476283,0.2857142857142857,89
HST,0.3034647749130132,0.0,0.0,0.0,-0.16357137692560736,0.0,0.18670573695335804,0.2857142857142857,90
HSY,0.22513906620807236,0.0,0.0,0.0,0.12121533531193593,0.0,0.19915813348403827,0.2857142857142857,90
ICCM,0.1093474925890436,0.0,0.0,0.0,-0.09129934016292703,0.0,0.05918578440105094,0.2857142857142857,89
IINN,0.131934098541253,0.0,0.0,0.0,0.12483929894931074,0.0,0.13016039864326745,0.2857142857142857,89
IOR,-0.011302230714801582,0.0,0.0,0.0,0.0,0.0,-0.008476673036101187,0.2857142857142857,76
ABPWW,-0.05309509062676657,0.0,0.0,0.0,0.0,0.0,-0.039821317970074925,0.2857142857142857,76
APPF,0.14785223023317948,0.0,0.0,0.0,-0.46280263446337905,0.0,-0.004811485940960176,0.2857142857142857,90
APYX,0.46355471191587455,0.0,0.0,0.0,-0.1163222210286124,0.0,0.31858547867975284,0.2857142857142857,89
AZN,0.353747713962828,0.0,0.0,0.0,0.021436571099379693,0.0,0.27066992824696595,0.2857142857142857,90
AZO,0.219336092647706,0.0,0.0,0.0,-0.01713057609737408,0.0,0.16021942546143597,0.2857142857142857,90
BHE,0.2712770720063537,0.0,0.0,0.0,-0.018533558700851684,0.0,0.19882441432955233,0.2857142857142857,90
BIPH,-0.04635579864803715,0.0,0.0,0.0,-0.032133877288059776,0.0,-0.04280031830804281,0.2857142857142857,83
BRNS,0.1406865604675754,0.0,0.0,0.0,-0.274553963543926,0.0,0.03687642946470004,0.2857142857142857,89
BTOC,0.0566811196408334,0.0,0.0,0.0,-0.8437244277969772,0.0,-0.16842026721861927,0.2857142857142857,89
BTZ,0.1388036271196388,0.0,0.0,0.0,-0.09957806953405896,0.0,0.07920820295621436,0.2857142857142857,90
CAE,0.16155750259076782,0.0,0.0,0.0,-0.0645489094789365,0.0,0.10503089957334173,0.2857142857142857,90
CBL,0.3605663523905718,0.0,0.0,0.0,-0.05786822710940207,0.0,0.25595770751557834,0.2857142857142857,90
CCD,0.0943162428577189,0.0,0.0,0.0,-0.16819771027041824,0.0,0.02868775457568461,0.2857142857142857,89
CDZI,0.4057715760363959,0.0,0.0,0.0,0.8490077599945929,0.0,0.5165806220259452,0.2857142857142857,90
CISS,0.0791165723659105,0.0,0.0,0.0,-0.3989027185845697,0.0,-0.040388250371709566,0.2857142857142857,88
CNOB,0.058838242262559425,0.0,0.0,0.0,-0.16356794846914066,0.0,0.0032366945796343948,0.2857142857142857,90
CNSP,0.09688133601894568,0.0,0.0,0.0,0.030293758217371212,0.0,0.08023444156855207,0.2857142857142857,89
COFS,0.2548696375409465,0.0,0.0,0.0,-0.1719045850786717,0.0,0.14817608188604195,0.2857142857142857,89
CSWC,0.1578166770015089,0.0,0.0,0.0,-0.08724467545472357,0.0,0.09655133888745077,0.2857142857142857,90
DBX,0.22326178961995546,0.0,0.0,0.0,-0.197217248814757,0.0,0.11814203001127734,0.2857142857142857,90
DDI,0.19288323810562347,0.0,0.0,0.0,0.0,0.0,0.1446624285792176,0.2857142857142857,89
DELL,0.062485577023083966,0.0,0.0,0.0,-0.4956837058275359,0.0,-0.07705674368957102,0.2857142857142857,90
ECDAW,0.016416790268220464,0.0,0.0,0.0,-0.9866142981514303,0.0,-0.23434098183669225,0.2857142857142857,82
ENJ,0.10292827988206385,0.0,0.0,0.0,-0.19781311362211132,0.0,0.027742931506020054,0.2857142857142857,85
FBYDW,0.11444474180992048,0.0,0.0,0.0,0.0,0.0,0.08583355635744036,0.2857142857142857,76
FFIV,0.051621335201035096,0.0,0.0,0.0,-0.3035233848013714,0.0,-0.03716484479956655,0.2857142857142857,90
FLNT,0.0850690350338219,0.0,0.0,0.0,-0.270847118516721,0.0,-0.0039100033538138354,0.2857142857142857,89
FRPH,0.15755968726556854,0.0,0.0,0.0,-0.21671301372658633,0.0,0.06399151201752983,0.2857142857142857,89
GAB,0.11182274253811866,0.0,0.0,0.0,-0.04157336187299994,0.0,0.07347371643533902,0.2857142857142857,90
GFAIW,-0.04234921779447779,0.0,0.0,0.0,0.0,0.0,-0.031761913345858345,0.2857142857142857,73
GMM,0.027452725039392997,0.0,0.0,0.0,-0.6082976753072863,0.0,-0.13148487504727685,0.2857142857142857,86
GPRK,0.37242092696191165,0.0,0.0,0.0,0.09797260298968129,0.0,0.30380884596885405,0.2857142857142857,90
GSAT,0.4602627913806106,0.0,0.0,0.0,-0.2874145289214092,0.0,0.2733434613051057,0.2857142857142857,90
GSIW,0.14455296769951764,0.0,0.0,0.0,-0.3267159153688394,0.0,0.026735746932428365,0.2857142857142857,90
HTH,0.2619108304653573,0.0,0.0,0.0,-0.0946197020529065,0.0,0.17277819733579133,0.2857142857142857,90
HYLN,0.10348003286190731,0.0,0.0,0.0,0.01492426494072111,0.0,0.08134109088161076,0.2857142857142857,90
ICU,0.03490655500109275,0.0,0.0,0.0,-0.926297438080122,0.0,-0.20539444326921097,0.2857142857142857,90
ILLRW,-0.09448260644869776,0.0,0.0,0.0,0.0,0.0,-0.07086195483652331,0.2857142857142857,76
INBS,0.07678218884211709,0.0,0.0,0.0,-0.07193374674549076,0.0,0.039603204945215124,0.2857142857142857,89
INDB,0.1301493719944125,0.0,0.0,0.0,-0.1268947030340553,0.0,0.06588835323729555,0.2857142857142857,90
IONS,0.36451541589763314,0.0,0.0,0.0,0.2947972102665576,0.0,0.3470858644898643,0.2857142857142857,90
ITGR,0.09996588700167197,0.0,0.0,0.0,-0.02574096537577047,0.0,0.06853917390731136,0.2857142857142857,90
AGRO,0.17589516776114916,0.0,0.0,0.0,0.16875032480022456,0.0,0.17410895702091803,0.2857142857142857,90
AHR,0.39405006324715125,0.0,0.0,0.0,0.1304225020564904,0.0,0.32814317294948603,0.2857142857142857,90
AKR,0.16827000957334784,0.0,0.0,0.0,-0.12269704662745268,0.0,0.0955282455231477,0.2857142857142857,90
AMRN,0.23203224235372033,0.0,0.0,0.0,0.2054930188134382,0.0,0.2253974364686498,0.2857142857142857,90
AMZN,0.3194311883655866,0.0,0.0,0.0,-0.3047749020572407,0.0,0.16337966575987975,0.2857142857142857,90
ARL,0.02768554775176872,0.0,0.0,0.0,-0.2174079776221238,0.0,-0.03358783359170442,0.2857142857142857,82
BANX,0.16867281280539953,0.0,0.0,0.0,0.0594253786433163,0.0,0.14136095426487874,0.2857142857142857,86
BDRX,0.152793750332478,0.0,0.0,0.0,-0.8412405992730718,0.0,-0.09571483706890949,0.2857142857142857,86
BFST,0.32075926334008387,0.0,0.0,0.0,-0.09907746279757915,0.0,0.21580008180566812,0.2857142857142857,90
BMRA,0.04742164158285372,0.0,0.0,0.0,-0.5096441885692972,0.0,-0.09184481595518403,0.2857142857142857,88
BRID,0.09399610770270776,0.0,0.0,0.0,-0.006501858962621724,0.0,0.06887161603637539,0.2857142857142857,84
CCLDO,0.3834655584152509,0.0,0.0,0.0,0.01789784987829076,0.0,0.2920736312810108,0.2857142857142857,86
CDE,0.17247196212131977,0.0,0.0,0.0,-0.1364694804500318,0.0,0.09523660147848186,0.2857142857142857,90
CHCI,0.16554395486251947,0.0,0.0,0.0,-0.48189240425478425,0.0,0.0036848650831935175,0.2857142857142857,89
CHW,0.16509659110749883,0.0,0.0,0.0,-0.12070244801075619,0.0,0.09364683132793507,0.2857142857142857,90
CMPO,0.19725420889094666,0.0,0.0,0.0,-0.19756892480958296,0.0,0.09854842546581423,0.2857142857142857,90
CPS,0.17602383375126487,0.0,0.0,0.0,0.038474722204669465,0.0,0.14163655586461601,0.2857142857142857,90
CPST,0.20265302337894306,0.0,0.0,0.0,-0.02976418691271056,0.0,0.14454872080602965,0.2857142857142857,82
CRS,0.4084020192484047,0.0,0.0,0.0,-0.006168572673545405,0.0,0.3047593712679172,0.2857142857142857,90
CTAS,0.0908437812658742,0.0,0.0,0.0,-0.11890688302315144,0.0,0.038406115193617786,0.2857142857142857,90
CUK,0.14171322938347597,0.0,0.0,0.0,-0.033516360065953654,0.0,0.09790583202111856,0.2857142857142857,90
CWEN,0.38199221243203846,0.0,0.0,0.0,0.06526199349552925,0.0,0.3028096576979111,0.2857142857142857,90
DE,0.28657389511488707,0.0,0.0,0.0,0.011879437338263995,0.0,0.2179002806707313,0.2857142857142857,90
DLY,0.0762171220975134,0.0,0.0,0.0,-0.10189463463753877,0.0,0.031689182913750356,0.2857142857142857,90
DNLI,0.30548152978052195,0.0,0.0,0.0,-0.058310892223933916,0.0,0.21453342427940797,0.2857142857142857,90
DSL,0.11864044547363972,0.0,0.0,0.0,-0.13212068926210338,0.0,0.05595016178970394,0.2857142857142857,90
DTCK,0.22015915613672907,0.0,0.0,0.0,-0.979171524599782,0.0,-0.07967351404739874,0.2857142857142857,89
EIIA,0.014277189336690659,0.0,0.0,0.0,0.0,0.0,0.010707892002517995,0.2857142857142857,84
EVCM,0.10282290986972518,0.0,0.0,0.0,-0.3712811342112815,0.0,-0.01570310115052651,0.2857142857142857,90
FDP,0.2226649536057143,0.0,0.0,0.0,-0.19964654129156986,0.0,0.11708707988139326,0.2857142857142857,90
FRST,0.30932493214004625,0.0,0.0,0.0,-0.11763466194590624,0.0,0.20258503361855812,0.2857142857142857,90
FTF,0.16942313686317817,0.0,0.0,0.0,-0.06938953557686829,0.0,0.10971996875316656,0.2857142857142857,90
FUND,0.17874286147118668,0.0,0.0,0.0,-0.05371169947195354,0.0,0.12062922123540161,0.2857142857142857,88
GBAB,0.12854490220174689,0.0,0.0,0.0,-0.12119618921580393,0.0,0.06610962934735917,0.2857142857142857,90
GBCI,0.09107245371251609,0.0,0.0,0.0,-0.1977160917436269,0.0,0.01887531734848034,0.2857142857142857,90
GDDY,0.1418479177248154,0.0,0.0,0.0,-0.25229076853888294,0.0,0.043313246158890796,0.2857142857142857,90
GIPRW,-0.030203888591942184,0.0,0.0,0.0,0.0,0.0,-0.022652916443956637,0.2857142857142857,76
GJP,0.153602999921059,0.0,0.0,0.0,0.0,0.0,0.11520224994079424,0.2857142857142857,81
GNTX,0.06791220952953028,0.0,0.0,0.0,-0.23616146675663438,0.0,-0.008106209542010892,0.2857142857142857,90
HCA,0.39392233021038486,0.0,0.0,0.0,0.08567397092593823,0.0,0.3168602403892732,0.2857142857142857,90
HGV,0.08456164680904393,0.0,0.0,0.0,-0.2771041138461804,0.0,-0.005854793354762162,0.2857142857142857,90
IDN,0.4883575342753864,0.0,0.0,0.0,0.6522592260298475,0.0,0.5293329572140018,0.2857142857142857,90
INSM,0.45756337385385826,0.0,0.0,0.0,0.31825297176462075,0.0,0.4227357733315489,0.2857142857142857,90
IRS,0.3891033990323544,0.0,0.0,0.0,0.39434429531240245,0.0,0.39041362310236644,0.2857142857142857,90
ABAT,0.20859323042718872,0.0,0.0,0.0,0.45021721157268724,0.0,0.2689992257135634,0.2857142857142857,90
ADAG,0.18932896233463328,0.0,0.0,0.0,0.05612074554910251,0.0,0.1560269081382506,0.2857142857142857,89
ADSEW,0.08654546549598108,0.0,0.0,0.0,-0.8639774299834752,0.0,-0.151085258373883,0.2857142857142857,84
AIOT,0.10755242381662637,0.0,0.0,0.0,-0.5079774328978957,0.0,-0.04633004036200416,0.2857142857142857,90
AMPL,0.2275435539225516,0.0,0.0,0.0,-0.44898271272174667,0.0,0.058411987261477026,0.2857142857142857,90
APA,0.37980780027021727,0.0,0.0,0.0,-0.13184589627527227,0.0,0.2518943761338449,0.2857142857142857,90
APLT,0.10426041434450348,0.0,0.0,0.0,-0.024861660830495173,0.0,0.07197989555075382,0.2857142857142857,90
APRE,0.06749521279586473,0.0,0.0,0.0,0.08526256830658747,0.0,0.07193705167354543,0.2857142857142857,89
ARI,0.11687358570674801,0.0,0.0,0.0,-0.11807361705273775,0.0,0.058136785016876566,0.2857142857142857,90
ATRC,0.18541949118585532,0.0,0.0,0.0,0.3782179799590734,0.0,0.23361911337915983,0.2857142857142857,90
BCYC,0.11856562007255259,0.0,0.0,0.0,-0.2592950911449353,0.0,0.024100442268180606,0.2857142857142857,90
BEKE,0.07745592090863719,0.0,0.0,0.0,0.025398003644663183,0.0,0.06444144159264369,0.2857142857142857,90
BHF,0.4473177418005062,0.0,0.0,0.0,-0.010261897458962355,0.0,0.3329228319856391,0.2857142857142857,90
BLBD,0.15359383415853006,0.0,0.0,0.0,-0.10885915972513825,0.0,0.08798058568761298,0.2857142857142857,90
BR,0.2709320327694898,0.0,0.0,0.0,0.019063467105156343,0.0,0.20796489135340643,0.2857142857142857,90
BTAI,0.10115507190080751,0.0,0.0,0.0,0.4360068603240902,0.0,0.1848680190066282,0.2857142857142857,90
CABO,0.10008414588025308,0.0,0.0,0.0,-0.27089495291768806,0.0,0.007339371180767788,0.2857142857142857,90
CAL,0.05097438429178345,0.0,0.0,0.0,-0.48617145746249074,0.0,-0.08331207614678511,0.2857142857142857,90
CB,0.36612056683504035,0.0,0.0,0.0,-0.03695641915636636,0.0,0.2653513203371887,0.2857142857142857,90
CDIOW,-0.07496975601293111,0.0,0.0,0.0,0.0,0.0,-0.05622731700969833,0.2857142857142857,73
CHNR,0.0496915267994266,0.0,0.0,0.0,0.0,0.0,0.03726864509956995,0.2857142857142857,84
CLDX,0.19200280328035094,0.0,0.0,0.0,0.24392682968387375,0.0,0.20498380988123163,0.2857142857142857,90
CUBI,0.13417973391802746,0.0,0.0,0.0,-0.14531992357655313,0.0,0.06430481954438232,0.2857142857142857,90
CVX,0.1489195521613917,0.0,0.0,0.0,-0.12450722307174518,0.0,0.08056285835310747,0.2857142857142857,90
CXDO,0.1797204441954988,0.0,0.0,0.0,-0.5131602531189017,0.0,0.006500269866898668,0.2857142857142857,89
DGX,0.33013496976332307,0.0,0.0,0.0,-0.04740832810174362,0.0,0.23574914529705637,0.2857142857142857,90
EDD,0.13440898707349913,0.0,0.0,0.0,-0.018654552085744232,0.0,0.09614310228368829,0.2857142857142857,90
EFC,0.2069889768489917,0.0,0.0,0.0,0.005498478311019441,0.0,0.15661635221449866,0.2857142857142857,90
EGY,0.11788624612947914,0.0,0.0,0.0,-0.39009647018518373,0.0,-0.009109432949186593,0.2857142857142857,90
EHTH,0.1014055565532466,0.0,0.0,0.0,-0.4246902083246861,0.0,-0.030118384666236595,0.2857142857142857,90
EOSE,0.2906498911812925,0.0,0.0,0.0,-0.6652113120799897,0.0,0.0516845903659719,0.2857142857142857,90
EPM,0.1284601304011084,0.0,0.0,0.0,-0.4743303572925619,0.0,-0.022237491522309197,0.2857142857142857,90
FAF,0.2088855358872578,0.0,0.0,0.0,-0.08963065079035394,0.0,0.13425648921785488,0.2857142857142857,90
FBNC,0.16545058220875417,0.0,0.0,0.0,-0.06599646177200254,0.0,0.10758882121356499,0.2857142857142857,90
GBTC,0.12642939518923946,0.0,0.0,0.0,-0.4084366104798392,0.0,-0.007287106228030222,0.2857142857142857,90
GLDG,0.28876462577117895,0.0,0.0,0.0,0.26895342274230466,0.0,0.2838118250139604,0.2857142857142857,90
GLRE,0.30689397801060186,0.0,0.0,0.0,-0.1782553286805457,0.0,0.18560665133781495,0.2857142857142857,90
GPATU,-0.04205137520762385,0.0,0.0,0.0,0.0,0.0,-0.03153853140571789,0.2857142857142857,73
HAO,0.039414157507034454,0.0,0.0,0.0,0.0,0.0,0.02956061813027584,0.2857142857142857,86
ICUI,0.3272067935539881,0.0,0.0,0.0,-0.20705564267047827,0.0,0.1936411844978715,0.2857142857142857,90
INUV,0.0915899311387191,0.0,0.0,0.0,-0.038442584421216154,0.0,0.059081802248735285,0.2857142857142857,89
INVX,0.37563875120020357,0.0,0.0,0.0,0.37772869009799936,0.0,0.3761612359246525,0.2857142857142857,90
ADUR,0.10706436797123998,0.0,0.0,0.0,-0.49812155658934215,0.0,-0.04423211316890557,0.2857142857142857,90
AEO,0.27514904909964016,0.0,0.0,0.0,-0.014244050788407191,0.0,0.2028007741276283,0.2857142857142857,90
AGCO,0.04335393867282335,0.0,0.0,0.0,-0.22956324631301014,0.0,-0.024875357573635033,0.2857142857142857,90
AGEN,0.28539171297501303,0.0,0.0,0.0,-0.13784515437965508,0.0,0.179582496136346,0.2857142857142857,90
AGIO,0.1456159565524368,0.0,0.0,0.0,-0.9830340763360988,0.0,-0.13654655166969715,0.2857142857142857,90
AGNCM,0.1086604830554118,0.0,0.0,0.0,0.01629183737811509,0.0,0.08556832163608762,0.2857142857142857,89
ALLT,0.16538764793178098,0.0,0.0,0.0,-0.057739175695345465,0.0,0.10960594202499936,0.2857142857142857,90
ALMS,0.4709844077719489,0.0,0.0,0.0,0.8476171796001385,0.0,0.5651426007289964,0.2857142857142857,90
ALSN,0.1645861811870671,0.0,0.0,0.0,-0.06850214074837856,0.0,0.10631410070320568,0.2857142857142857,90
ALV,0.19548075205047377,0.0,0.0,0.0,-0.25096907394460966,0.0,0.0838682955517029,0.2857142857142857,90
ARHS,0.09938409032327958,0.0,0.0,0.0,-0.14899178224227108,0.0,0.03729012218189191,0.2857142857142857,90
ATLCP,0.12218710134910626,0.0,0.0,0.0,-0.07053934453100277,0.0,0.074005489879079,0.2857142857142857,88
AVAL,0.28781025100371205,0.0,0.0,0.0,-0.1675986330863862,0.0,0.17395802998118748,0.2857142857142857,89
BCIC,0.3231005043204562,0.0,0.0,0.0,-0.05480396763436808,0.0,0.22862438633175014,0.2857142857142857,90
BCML,0.2263735783878153,0.0,0.0,0.0,-0.0996679946249559,0.0,0.1448631851346225,0.2857142857142857,88
BFAM,0.17664098632249156,0.0,0.0,0.0,-0.0269476521416788,0.0,0.12574382670644899,0.2857142857142857,90
BHFAM,0.1197042580998779,0.0,0.0,0.0,-0.19859667793622532,0.0,0.040129024090852096,0.2857142857142857,89
BILL,0.15573529502969566,0.0,0.0,0.0,-0.15736402854298392,0.0,0.07746046413652576,0.2857142857142857,90
BIOA,0.389750680848786,0.0,0.0,0.0,0.3482056665180973,0.0,0.3793644272661138,0.2857142857142857,90
BMO,0.18156108653475864,0.0,0.0,0.0,-0.09596604667137737,0.0,0.11217930323322464,0.2857142857142857,90
BNTX,0.10640487613182922,0.0,0.0,0.0,-0.11579650427188624,0.0,0.05085453103090035,0.2857142857142857,90
CDZIP,0.1931185457470948,0.0,0.0,0.0,0.007692155973853198,0.0,0.14676194830378442,0.2857142857142857,86
CF,0.15228983287619624,0.0,0.0,0.0,-0.3202002483228897,0.0,0.03416731257642475,0.2857142857142857,90
CNC,0.29661859700563487,0.0,0.0,0.0,-0.022157037868036106,0.0,0.21692468828721712,0.2857142857142857,90
CRIS,0.15920238386772376,0.0,0.0,0.0,-0.04345088505973977,0.0,0.10853906663585787,0.2857142857142857,89
CVEO,0.11744014133982057,0.0,0.0,0.0,-0.16602137569226758,0.0,0.04657476208179853,0.2857142857142857,90
DHI,0.058080247006073546,0.0,0.0,0.0,-0.1999079963449231,0.0,-0.0064168138316756185,0.2857142857142857,90
DJT,0.09053765891603008,0.0,0.0,0.0,-0.6270346990534794,0.0,-0.08885543057634732,0.2857142857142857,90
ECXWW,0.012399415351957275,0.0,0.0,0.0,0.0,0.0,0.009299561513967956,0.2857142857142857,76
EHGO,0.08498637171053597,0.0,0.0,0.0,-0.5701803662795131,0.0,-0.07880531278697632,0.2857142857142857,89
EICB,0.23169146358879925,0.0,0.0,0.0,-0.01493317894715226,0.0,0.17003530295481137,0.2857142857142857,82
FMST,0.16294641177032168,0.0,0.0,0.0,-0.18533319990813943,0.0,0.07587650885070639,0.2857142857142857,90
FNF,0.28634580827283135,0.0,0.0,0.0,-0.10630672061370261,0.0,0.18818267605119784,0.2857142857142857,90
FORA,0.11862925213950104,0.0,0.0,0.0,-0.1367525029815205,0.0,0.05478381335924565,0.2857142857142857,89
GDV,0.12810923043490913,0.0,0.0,0.0,-0.11292218519692519,0.0,0.06785137652695054,0.2857142857142857,90
GNLN,0.13445550161061096,0.0,0.0,0.0,-0.12333578847180486,0.0,0.07000767909000699,0.2857142857142857,89
GREEL,0.3518528003583888,0.0,0.0,0.0,0.0,0.0,0.2638896002687916,0.2857142857142857,86
GT,0.24050414884695814,0.0,0.0,0.0,0.15017140357244052,0.0,0.21792096252832874,0.2857142857142857,90
GTIM,0.19149160650821356,0.0,0.0,0.0,-0.4502984924496142,0.0,0.03104408176875662,0.2857142857142857,89
HAFN,0.2813557039078945,0.0,0.0,0.0,0.01557506439083582,0.0,0.2149105440286298,0.2857142857142857,90
HUMAW,0.0298610879400076,0.0,0.0,0.0,0.0,0.0,0.022395815955005702,0.2857142857142857,76
HWM,0.3348728942074486,0.0,0.0,0.0,0.021125367601806836,0.0,0.25643601255603815,0.2857142857142857,90
IBEX,0.1369165999014763,0.0,0.0,0.0,-0.10545255270039641,0.0,0.07632431175100814,0.2857142857142857,90
JFIN,0.15552011155096598,0.0,0.0,0.0,-0.46735556688495145,0.0,-0.00019880805801339443,0.2857142857142857,88
ABTS,0.16535942452212823,0.0,0.0,0.0,0.0,0.0,0.12401956839159617,0.2857142857142857,87
ACEL,0.07206708264739288,0.0,0.0,0.0,-0.31042139495411886,0.0,-0.023555036752985068,0.2857142857142857,90
ACNT,0.34796714137094975,0.0,0.0,0.0,0.0842345746434959,0.0,0.28203399968908627,0.2857142857142857,90
ACRV,0.3680848832522537,0.0,0.0,0.0,0.6197737729784472,0.0,0.43100710568380207,0.2857142857142857,90
ADEA,0.09353258917514021,0.0,0.0,0.0,-0.3914326994673535,0.0,-0.027708732985483226,0.2857142857142857,90
ALOT,0.004599979632725155,0.0,0.0,0.0,-0.03957208478420865,0.0,-0.006443036471508298,0.2857142857142857,86
ANDE,0.3174949752129362,0.0,0.0,0.0,0.028993601540832026,0.0,0.24536963179491014,0.2857142857142857,90
BAM,0.103779921133195,0.0,0.0,0.0,-0.11570250088538338,0.0,0.048909315628550394,0.2857142857142857,90
BC,0.13784036572959793,0.0,0.0,0.0,-0.23995130252195637,0.0,0.04339244866670934,0.2857142857142857,90
BGY,0.16651292623790642,0.0,0.0,0.0,-0.15011026522107376,0.0,0.08735712837316138,0.2857142857142857,90
BLD,0.21201872876858935,0.0,0.0,0.0,-0.14112793384196093,0.0,0.12373206311595178,0.2857142857142857,90
BPYPO,0.1168123884963683,0.0,0.0,0.0,-0.11240477930242453,0.0,0.05950809654667009,0.2857142857142857,86
BSAC,0.28526646186099264,0.0,0.0,0.0,-0.011831766975685267,0.0,0.21099190465182316,0.2857142857142857,90
BZH,0.13790940077226227,0.0,0.0,0.0,-0.3552989669946405,0.0,0.014607308830536571,0.2857142857142857,90
CAPR,0.09414205943824362,0.0,0.0,0.0,0.0043327285201766865,0.0,0.07168972670872689,0.2857142857142857,90
CCS,0.09998078589176106,0.0,0.0,0.0,-0.21300940577258926,0.0,0.021733237975673465,0.2857142857142857,90
CMRC,0.1533051820865492,0.0,0.0,0.0,-0.6001357871516299,0.0,-0.035055060222995586,0.2857142857142857,90
CRUS,0.08794219200561314,0.0,0.0,0.0,-0.15593428696275816,0.0,0.026973072263520314,0.2857142857142857,90
CVE,0.2895529299049268,0.0,0.0,0.0,0.11717231018763292,0.0,0.24645777497560334,0.2857142857142857,90
DEO,0.1080933206696009,0.0,0.0,0.0,-0.3648366840785218,0.0,-0.010139180517429793,0.2857142857142857,90
DHY,0.049764611027129695,0.0,0.0,0.0,-0.06149864725715222,0.0,0.02194879645605921,0.2857142857142857,89
DNOW,0.13378178509590205,0.0,0.0,0.0,-0.007942644726855876,0.0,0.09835067764021257,0.2857142857142857,90
DRCT,0.1289500199233534,0.0,0.0,0.0,-0.9747516477763494,0.0,-0.14697539700157233,0.2857142857142857,89
DRI,0.04803773884723584,0.0,0.0,0.0,-0.15408660856195236,0.0,-0.002493348005061215,0.2857142857142857,90
DVLT,0.2074019911860388,0.0,0.0,0.0,0.12791281057024276,0.0,0.1875296960320898,0.2857142857142857,90
ECX,0.21849184663941443,0.0,0.0,0.0,-0.8136675857785621,0.0,-0.03954801146507975,0.2857142857142857,90
EOD,0.18259419329423185,0.0,0.0,0.0,-0.03934975009581751,0.0,0.12710820744671952,0.2857142857142857,89
FBIO,0.1500008172898554,0.0,0.0,0.0,0.19737532022490417,0.0,0.16184444302361758,0.2857142857142857,90
FIP,0.04958242835205218,0.0,0.0,0.0,-0.35207999535646706,0.0,-0.050833177575077645,0.2857142857142857,90
FSI,0.1016019592199226,0.0,0.0,0.0,-0.5540645587123616,0.0,-0.06231467026314847,0.2857142857142857,89
FULTP,0.04074682422090966,0.0,0.0,0.0,-0.06317486252149815,0.0,0.014766402535307704,0.2857142857142857,83
FVRR,0.10047238375175921,0.0,0.0,0.0,-0.4256281972349944,0.0,-0.03105276149492921,0.2857142857142857,90
GDC,0.208262860612322,0.0,0.0,0.0,-0.1404677556586319,0.0,0.1210802065445835,0.2857142857142857,89
GGZ,0.14924983401878775,0.0,0.0,0.0,0.0,0.0,0.1119373755140908,0.2857142857142857,86
GRAB,0.16241215126587652,0.0,0.0,0.0,-0.20049864747541402,0.0,0.07168445158055388,0.2857142857142857,90
GRF,0.14280016746730365,0.0,0.0,0.0,-0.00919091766277498,0.0,0.10480239618478399,0.2857142857142857,83
ICUCW,-0.04027491626847742,0.0,0.0,0.0,0.0,0.0,-0.030206187201358065,0.2857142857142857,73
INN,0.14026294693264682,0.0,0.0,0.0,-0.38762950967730136,0.0,0.008289832780159755,0.2857142857142857,90
IOT,0.06895665988688808,0.0,0.0,0.0,-0.2883577912861882,0.0,-0.020371952906381007,0.2857142857142857,90
ISPO,0.13942087938740896,0.0,0.0,0.0,-0.441010702918693,0.0,-0.005687016189116546,0.2857142857142857,89
ISRL,0.11060701275374357,0.0,0.0,0.0,0.0,0.0,0.08295525956530768,0.2857142857142857,82
JOE,0.3472561774095119,0.0,0.0,0.0,-0.21385287109385825,0.0,0.20697891528366938,0.2857142857142857,90
AAP,0.1650683244212101,0.0,0.0,0.0,-0.01541859494090173,0.0,0.11994659458068214,0.2857142857142857,90
ABVC,0.14321035516988287,0.0,0.0,0.0,-0.1760815361403483,0.0,0.06338738234232506,0.2857142857142857,90
ACLX,0.3387089742470391,0.0,0.0,0.0,0.12970007633392083,0.0,0.28645674976875957,0.2857142857142857,90
ACR,0.3553482358918571,0.0,0.0,0.0,-0.12073343422106574,0.0,0.2363278183636264,0.2857142857142857,89
AIIO,0.07205700222349966,0.0,0.0,0.0,-0.07555930892462422,0.0,0.03515292443646869,0.2857142857142857,90
AIT,0.10493340870330277,0.0,0.0,0.0,-0.13368298250057178,0.0,0.04527931090233413,0.2857142857142857,90
AKA,0.20344571510669204,0.0,0.0,0.0,0.0,0.0,0.15258428633001903,0.2857142857142857,86
ASA,0.32448208660273037,0.0,0.0,0.0,-0.19362250644070145,0.0,0.19495593834187241,0.2857142857142857,89
BA,0.16412448645688713,0.0,0.0,0.0,-0.22510323841262228,0.0,0.06681755523950976,0.2857142857142857,90
BEAT,0.22606129605251865,0.0,0.0,0.0,0.15499073037162242,0.0,0.20829365463229457,0.2857142857142857,88
BFH,0.2830240154401228,0.0,0.0,0.0,0.039988364126080526,0.0,0.22226510261161223,0.2857142857142857,90
BH,0.20575786746308694,0.0,0.0,0.0,-0.23939566061871762,0.0,0.0944694854426358,0.2857142857142857,90
BIT,0.11443260044806461,0.0,0.0,0.0,-0.08696701131454132,0.0,0.06408269750741313,0.2857142857142857,90
BMA,0.32636749287943484,0.0,0.0,0.0,-0.2653366553777535,0.0,0.17844145581513773,0.2857142857142857,90
BNZIW,0.11540955628326544,0.0,0.0,0.0,0.0,0.0,0.08655716721244908,0.2857142857142857,76
BWFG,0.30176683764100215,0.0,0.0,0.0,-0.14266350339661246,0.0,0.19065925238159848,0.2857142857142857,87
CARG,0.14753134153853004,0.0,0.0,0.0,-0.3115370358888203,0.0,0.03276424718169244,0.2857142857142857,90
CCM,0.02766343168416121,0.0,0.0,0.0,-0.13322393696400392,0.0,-0.012558410477880077,0.2857142857142857,88
CHR,0.07644668271772244,0.0,0.0,0.0,0.7978918313630317,0.0,0.2568079698790498,0.2857142857142857,89
CMPR,0.3137719027109624,0.0,0.0,0.0,-0.011847786827379674,0.0,0.23236698032637687,0.2857142857142857,90
COMP,0.3333920316971375,0.0,0.0,0.0,-0.06838624372115854,0.0,0.23294746284256346,0.2857142857142857,90
COYA,0.1916935443891616,0.0,0.0,0.0,-0.13788807642113216,0.0,0.10929813918658815,0.2857142857142857,89
DHIL,0.06014821862321328,0.0,0.0,0.0,-0.15795302025553523,0.0,0.0056229089035261465,0.2857142857142857,88
DT,0.11265793688521505,0.0,0.0,0.0,-0.15795643636026357,0.0,0.0450043435738454,0.2857142857142857,90
DXCM,0.11718628193049985,0.0,0.0,0.0,0.0012560703493074393,0.0,0.08820372903520174,0.2857142857142857,90
EG,0.12529637446600267,0.0,0.0,0.0,-0.2207339128026197,0.0,0.03878880264884707,0.2857142857142857,90
ELAB,0.1455021033851021,0.0,0.0,0.0,-0.5118944985411915,0.0,-0.018847047096471312,0.2857142857142857,88
ENTO,0.1617886158287139,0.0,0.0,0.0,-0.7505067821271667,0.0,-0.06628523366025628,0.2857142857142857,88
ESTA,0.4580392905280244,0.0,0.0,0.0,0.1729158169608429,0.0,0.386758422136229,0.2857142857142857,90
ET,0.19077636119125604,0.0,0.0,0.0,0.08691953294229537,0.0,0.16481215412901587,0.2857142857142857,90
EXK,0.16397257513983898,0.0,0.0,0.0,-0.14820159758453283,0.0,0.08592903195874603,0.2857142857142857,90
EYEG,0.21766155841371862,0.0,0.0,0.0,0.0,0.0,0.16324616881028897,0.2857142857142857,78
FCCO,0.12343647270402057,0.0,0.0,0.0,0.0,0.0,0.09257735452801542,0.2857142857142857,88
GLO,0.1604794636061129,0.0,0.0,0.0,-0.1253151811056777,0.0,0.08903080242816525,0.2857142857142857,89
GRAF,0.3275017032278744,0.0,0.0,0.0,0.0046860013140623295,0.0,0.2467977777494214,0.2857142857142857,83
HLI,0.11128102293742821,0.0,0.0,0.0,-0.19558499267401971,0.0,0.03456451903456623,0.2857142857142857,90
HMN,0.31406115264122747,0.0,0.0,0.0,0.0242403463732206,0.0,0.24160595107422575,0.2857142857142857,90
HOLOW,0.04109453686496328,0.0,0.0,0.0,0.0,0.0,0.030820902648722462,0.2857142857142857,76
HY,0.05911908546517943,0.0,0.0,0.0,-0.3034872389538108,0.0,-0.03153249563956814,0.2857142857142857,89
JAGX,0.14539064797202733,0.0,0.0,0.0,-0.787603718447757,0.0,-0.08785794363291878,0.2857142857142857,88
JKHY,0.36248203012127134,0.0,0.0,0.0,0.01799890307618274,0.0,0.2763612483599992,0.2857142857142857,90
JMM,0.09496756261275131,0.0,0.0,0.0,0.008169752870234259,0.0,0.07326811017712205,0.2857142857142857,83
ABEO,0.15087571430026459,0.0,0.0,0.0,-0.35306658434049476,0.0,0.02489013964007474,0.2857142857142857,90
ADAMI,0.18449052100274457,0.0,0.0,0.0,0.0,0.0,0.13836789075205844,0.2857142857142857,82
AEE,0.3130569602796982,0.0,0.0,0.0,-0.08783151298399612,0.0,0.2128348419637746,0.2857142857142857,90
AMD,0.27524834084096894,0.0,0.0,0.0,-0.4575223255333298,0.0,0.09205567424739425,0.2857142857142857,90
ANIX,0.35164991491776326,0.0,0.0,0.0,-0.05675711851435637,0.0,0.24954815655973334,0.2857142857142857,89
APEI,0.32337155419361396,0.0,0.0,0.0,0.11434885644278016,0.0,0.27111587975590556,0.2857142857142857,90
ARM,0.08431578938906649,0.0,0.0,0.0,-0.11562703175429084,0.0,0.03433008410322715,0.2857142857142857,90
ASIX,0.06728186167060965,0.0,0.0,0.0,-0.501331900154314,0.0,-0.07487157878562127,0.2857142857142857,90
BAERW,0.2458311455683156,0.0,0.0,0.0,0.0,0.0,0.1843733591762367,0.2857142857142857,82
BHP,0.058513396185487884,0.0,0.0,0.0,-0.21806771840057704,0.0,-0.010631882461028351,0.2857142857142857,90
BUD,0.1978929917033171,0.0,0.0,0.0,-0.2920564499076989,0.0,0.07540563130056308,0.2857142857142857,90
CHT,0.10146161075609833,0.0,0.0,0.0,-0.105710626052839,0.0,0.049668551553863995,0.2857142857142857,90
CLBK,0.13531300960722276,0.0,0.0,0.0,-0.09131996451235744,0.0,0.0786547660773277,0.2857142857142857,90
CSTE,0.12183036762293785,0.0,0.0,0.0,-0.37170849543268053,0.0,-0.0015543481409667633,0.2857142857142857,89
CTRI,0.19582712700165356,0.0,0.0,0.0,-0.20384400991644033,0.0,0.09590934277213008,0.2857142857142857,90
CTVA,0.22299860920945558,0.0,0.0,0.0,-0.11322602423777844,0.0,0.1389424508476471,0.2857142857142857,90
CVLT,0.0834912823435507,0.0,0.0,0.0,-0.26715640830687265,0.0,-0.0041706403190551475,0.2857142857142857,90
DGLY,0.08488716102922447,0.0,0.0,0.0,-0.33824784091352994,0.0,-0.02089658945646414,0.2857142857142857,89
DIT,-0.047263851942619506,0.0,0.0,0.0,0.0,0.0,-0.03544788895696463,0.2857142857142857,73
DKNG,0.1047552521929474,0.0,0.0,0.0,-0.11231868681765723,0.0,0.05048676744029624,0.2857142857142857,90
ECCF,0.044537200616044235,0.0,0.0,0.0,0.0,0.0,0.03340290046203318,0.2857142857142857,76
EEIQ,0.05491761773095022,0.0,0.0,0.0,-0.5866469169602515,0.0,-0.10547351594185024,0.2857142857142857,89
EKSO,0.14798495914304577,0.0,0.0,0.0,-0.5336524393969084,0.0,-0.022424390491942798,0.2857142857142857,89
ENOV,0.09204011643977086,0.0,0.0,0.0,-0.5321880663275765,0.0,-0.06401692925206601,0.2857142857142857,90
ENS,0.3766148953413616,0.0,0.0,0.0,0.010729202005329935,0.0,0.28514347200735374,0.2857142857142857,90
ETSY,0.10125237228383166,0.0,0.0,0.0,-0.4308338458387212,0.0,-0.031769182246806575,0.2857142857142857,90
EVLVW,0.016651346057861074,0.0,0.0,0.0,-0.9952947528644864,0.0,-0.23633517867272583,0.2857142857142857,82
FITB,0.12210890866812978,0.0,0.0,0.0,-0.11320260539920203,0.0,0.06328103015129682,0.2857142857142857,90
FITBI,0.05023832555431275,0.0,0.0,0.0,-0.003909284229129868,0.0,0.0367014231084521,0.2857142857142857,87
FLNC,0.24846271545235454,0.0,0.0,0.0,0.17360820587590092,0.0,0.22974908805824115,0.2857142857142857,90
FSM,0.24070352716521254,0.0,0.0,0.0,0.06538278230751159,0.0,0.19687334095078732,0.2857142857142857,90
GELS,0.11509751759500776,0.0,0.0,0.0,-0.4639965298531773,0.0,-0.029675994267038517,0.2857142857142857,88
GGM,0.07859106711125378,0.0,0.0,0.0,0.0,0.0,0.058943300333440335,0.2857142857142857,76
GLBZ,0.06171009493031648,0.0,0.0,0.0,0.0,0.0,0.046282571197737356,0.2857142857142857,82
GLMD,0.18673454763728842,0.0,0.0,0.0,-0.49771317942774945,0.0,0.015622615871028938,0.2857142857142857,87
GWAV,0.1330488457625333,0.0,0.0,0.0,0.16285613103757368,0.0,0.1405006670812934,0.2857142857142857,89
HAL,0.23202322859483557,0.0,0.0,0.0,-0.10508799450583661,0.0,0.14774542281966752,0.2857142857142857,90
HON,0.08305836277660039,0.0,0.0,0.0,-0.23063087858790146,0.0,0.0046360524354749225,0.2857142857142857,90
IIPR,0.10586793356034531,0.0,0.0,0.0,-0.37514240180060654,0.0,-0.014384650279892665,0.2857142857142857,90
INMD,0.0741076847653004,0.0,0.0,0.0,-0.09232888615175551,0.0,0.03249854203603642,0.2857142857142857,90
IP,0.1011367674916061,0.0,0.0,0.0,-0.1910974464342234,0.0,0.028078214010148716,0.2857142857142857,90
IRON,0.3751409613663219,0.0,0.0,0.0,0.2147924020781232,0.0,0.3350538215442722,0.2857142857142857,90
AFG,0.30001361241723296,0.0,0.0,0.0,-0.2059427718563566,0.0,0.17352451634883556,0.2857142857142857,90
ANNX,0.49336099861832566,0.0,0.0,0.0,0.9866142981514303,0.0,0.6166743235016019,0.2857142857142857,90
ARBK,0.08276133312685635,0.0,0.0,0.0,-0.6353641216217364,0.0,-0.09677003056029186,0.2857142857142857,90
AXON,0.07599592990304291,0.0,0.0,0.0,-0.23292430944155626,0.0,-0.001234129933106891,0.2857142857142857,90
BAX,0.1238180098476366,0.0,0.0,0.0,-0.26726647492251604,0.0,0.02604688865509844,0.2857142857142857,90
BGM,0.09811695242758042,0.0,0.0,0.0,-0.03777898745754464,0.0,0.06414296745629916,0.2857142857142857,87
BKE,0.16336919752344087,0.0,0.0,0.0,-0.0587244448375876,0.0,0.10784578693318375,0.2857142857142857,90
BOH,0.1918368740613762,0.0,0.0,0.0,-0.17100437002537827,0.0,0.10112656303968758,0.2857142857142857,90
BWMX,0.2506936743444555,0.0,0.0,0.0,-0.14429398715881672,0.0,0.15194675896863744,0.2857142857142857,88
CGTX,0.11736033636229261,0.0,0.0,0.0,-0.4505872553837226,0.0,-0.0246265615742112,0.2857142857142857,90
COF,0.1163912160899527,0.0,0.0,0.0,-0.32010535636256554,0.0,0.0072670729768231366,0.2857142857142857,90
CWAN,0.3613151515925012,0.0,0.0,0.0,0.398350473555,0.0,0.3705739820831259,0.2857142857142857,90
DFDV,0.08178103122327397,0.0,0.0,0.0,-0.6639002267204609,0.0,-0.10463928326265977,0.2857142857142857,90
DGICB,0.31415069612422986,0.0,0.0,0.0,0.0,0.0,0.2356130220931724,0.2857142857142857,80
DK,0.3620971934693469,0.0,0.0,0.0,0.12776395944059563,0.0,0.3035138849621591,0.2857142857142857,90
GEGGL,0.23473057225305,0.0,0.0,0.0,0.0,0.0,0.1760479291897875,0.2857142857142857,83
ICL,0.14270482661730957,0.0,0.0,0.0,-0.004557853579239588,0.0,0.10588915656817227,0.2857142857142857,90
